# https://github.com/mikedh/trimesh
mtllib material.mtl
usemtl material_0
v 0.00665400 -0.10426900 0.22771600
v 0.03544300 -0.10877700 0.23482400
v 0.03544300 -0.10877700 0.22771600
v 0.00665400 -0.10426900 0.23482400
v 0.06441700 -0.10568100 0.23482400
v 0.06441700 -0.10568100 0.22771600
v -0.01998700 -0.09246400 0.22771600
v -0.01998700 -0.09246400 0.23482400
v 0.09160200 -0.09519100 0.23482400
v 0.09160200 -0.09519100 0.22771600
v -0.04266400 -0.07416500 0.22771600
v -0.04266400 -0.07416500 0.23482400
v 0.11514700 -0.07802200 0.23482400
v 0.11514700 -0.07802200 0.22771600
v -0.05983300 -0.05062100 0.23482400
v -0.05983300 -0.05062100 0.22771600
v 0.13344500 -0.05534500 0.22771600
v 0.13344500 -0.05534500 0.23482400
v -0.07032300 -0.02343600 0.23482400
v -0.07032300 -0.02343600 0.22771600
v 0.14525000 -0.02870400 0.22771600
v 0.14525000 -0.02870400 0.23482400
v -0.07341900 0.00553900 0.23482400
v -0.07341900 0.00553900 0.22771600
v 0.14975900 0.00008400 0.22771600
v 0.14975900 0.00008400 0.23482400
v -0.06891100 0.03432700 0.23482400
v -0.06891100 0.03432700 0.22771600
v 0.14666200 0.02905900 0.22771600
v 0.14666200 0.02905900 0.23482400
v -0.05710600 0.06096800 0.23482400
v -0.05710600 0.06096800 0.22771600
v 0.13617200 0.05624400 0.22771600
v 0.13617200 0.05624400 0.23482400
v -0.03880700 0.08364500 0.23482400
v -0.03880700 0.08364500 0.22771600
v 0.11900300 0.07978800 0.22771600
v 0.11900300 0.07978800 0.23482400
v -0.01526300 0.10081400 0.22771600
v -0.01526300 0.10081400 0.23482400
v 0.09632600 0.09808700 0.23482400
v 0.09632600 0.09808700 0.22771600
v 0.01192300 0.11130400 0.22771600
v 0.01192300 0.11130400 0.23482400
v 0.06968500 0.10989200 0.23482400
v 0.06968500 0.10989200 0.22771600
v 0.04089700 0.11440000 0.22771600
v 0.04089700 0.11440000 0.23482400
v 0.00665400 -0.10426900 0.23482400
v 0.00665400 -0.10426900 0.22771600
v 0.03544300 -0.10877700 0.23482400
v 0.03544300 -0.10877700 0.22771600
v 0.06441700 -0.10568100 0.23482400
v 0.06441700 -0.10568100 0.22771600
v -0.01998700 -0.09246400 0.23482400
v -0.01998700 -0.09246400 0.22771600
v 0.09160200 -0.09519100 0.23482400
v 0.09160200 -0.09519100 0.22771600
v -0.04266400 -0.07416500 0.23482400
v -0.04266400 -0.07416500 0.22771600
v 0.11514700 -0.07802200 0.23482400
v 0.11514700 -0.07802200 0.22771600
v -0.05983300 -0.05062100 0.23482400
v -0.05983300 -0.05062100 0.22771600
v 0.13344500 -0.05534500 0.23482400
v 0.13344500 -0.05534500 0.22771600
v -0.07032300 -0.02343600 0.23482400
v -0.07032300 -0.02343600 0.22771600
v 0.14525000 -0.02870400 0.23482400
v 0.14525000 -0.02870400 0.22771600
v -0.07341900 0.00553900 0.23482400
v -0.07341900 0.00553900 0.22771600
v 0.14975900 0.00008400 0.23482400
v 0.14975900 0.00008400 0.22771600
v -0.06891100 0.03432700 0.23482400
v -0.06891100 0.03432700 0.22771600
v 0.14666200 0.02905900 0.23482400
v 0.14666200 0.02905900 0.22771600
v -0.05710600 0.06096800 0.23482400
v -0.05710600 0.06096800 0.22771600
v 0.13617200 0.05624400 0.23482400
v 0.13617200 0.05624400 0.22771600
v -0.03880700 0.08364500 0.23482400
v -0.03880700 0.08364500 0.22771600
v 0.11900300 0.07978800 0.23482400
v 0.11900300 0.07978800 0.22771600
v -0.01526300 0.10081400 0.22771600
v -0.01526300 0.10081400 0.23482400
v 0.09632600 0.09808700 0.22771600
v 0.09632600 0.09808700 0.23482400
v 0.01192300 0.11130400 0.22771600
v 0.01192300 0.11130400 0.23482400
v 0.06968500 0.10989200 0.22771600
v 0.06968500 0.10989200 0.23482400
v 0.04089700 0.11440000 0.22771600
v 0.04089700 0.11440000 0.23482400
v -0.04310800 -0.27334500 0.05619900
v 0.03145600 -0.27189000 0.08073200
v 0.03113600 -0.28497100 0.05619900
v -0.03941300 -0.26079200 0.08073200
v 0.10278300 -0.26426700 0.08073200
v 0.10586000 -0.27698500 0.05619900
v -0.04607500 -0.28342700 0.02975500
v 0.03088000 -0.29547800 0.02975500
v -0.10499500 -0.23173000 0.08073200
v -0.11181300 -0.24289900 0.05619900
v 0.03183300 -0.25644800 0.10295700
v -0.03505200 -0.24597400 0.10295700
v 0.16970600 -0.23844400 0.08073200
v 0.17597000 -0.24993200 0.05619900
v 0.10833100 -0.28720100 0.02975500
v 0.09915100 -0.24925400 0.10295700
v 0.03069000 -0.30323900 0.00183300
v -0.04826700 -0.29087500 0.00183300
v -0.11728800 -0.25187000 0.02975500
v -0.16082100 -0.18668400 0.08073200
v -0.17029700 -0.19570800 0.05619900
v -0.09694700 -0.21854500 0.10295700
v -0.03009500 -0.22913100 0.12251000
v 0.03226200 -0.23889600 0.12251000
v 0.22766600 -0.19617900 0.08073200
v 0.23668900 -0.20565500 0.05619900
v 0.18100100 -0.25916000 0.02975500
v 0.16231200 -0.22488200 0.10295700
v 0.11015700 -0.29474700 0.00183300
v 0.09502200 -0.23218900 0.12251000
v -0.04964800 -0.29556700 -0.02711400
v 0.03057000 -0.30812900 -0.02711400
v -0.12133300 -0.25849600 0.00183300
v -0.17790800 -0.20295600 0.02975500
v -0.20308600 -0.12872500 0.08073200
v -0.21457400 -0.13498900 0.05619900
v -0.14963500 -0.17603200 0.10295700
v -0.08780000 -0.20355900 0.12251000
v 0.03273600 -0.21952000 0.13907300
v -0.02462300 -0.21053800 0.13907300
v 0.28388000 -0.14717100 0.05619900
v 0.27271100 -0.14035300 0.08073200
v 0.24393700 -0.21326600 0.02975500
v 0.21701300 -0.18499300 0.10295700
v 0.18471700 -0.26597600 0.00183300
v 0.15390700 -0.20946700 0.12251000
v 0.11130700 -0.29950100 -0.02711400
v 0.09046500 -0.21335100 0.13907300
v -0.05019600 -0.29742700 -0.05661300
v 0.03052300 -0.31006800 -0.05661300
v -0.12388200 -0.26267100 -0.02711400
v -0.18353000 -0.20831000 0.00183300
v -0.22380200 -0.14002000 0.02975500
v -0.22890900 -0.06180200 0.08073200
v -0.24162700 -0.06487800 0.05619900
v -0.18952300 -0.12133100 0.10295700
v -0.13692000 -0.16392400 0.12251000
v -0.07770200 -0.18701600 0.13907300
v 0.03324600 -0.19863600 0.15237700
v -0.01872400 -0.19049800 0.15237700
v 0.31432600 -0.07846600 0.05619900
v 0.30177300 -0.07477100 0.08073200
v 0.29285100 -0.15264700 0.02975500
v 0.25952600 -0.13230500 0.10295700
v 0.24929100 -0.21888800 0.00183300
v 0.20490500 -0.17227800 0.12251000
v 0.18705900 -0.27027100 -0.02711400
v 0.14463000 -0.19245000 0.13907300
v 0.11176200 -0.30138600 -0.05661300
v 0.08555200 -0.19304600 0.15237700
v -0.05019600 -0.29742700 -0.45467400
v 0.03052300 -0.31006800 -0.05661300
v 0.03052300 -0.31006800 -0.45467400
v -0.05019600 -0.29742700 -0.05661300
v -0.12489200 -0.26432600 -0.05661300
v -0.18707200 -0.21168300 -0.02711400
v -0.23061800 -0.14373600 0.00183300
v -0.25184300 -0.06735000 0.02975500
v -0.23653200 0.00952500 0.08073200
v -0.24961300 0.00984500 0.05619900
v -0.21389500 -0.05816900 0.10295700
v -0.17410900 -0.11292600 0.12251000
v -0.12288500 -0.15055800 0.13907300
v -0.06681800 -0.16918500 0.15237700
v -0.01872400 -0.19049800 0.15237700
v 0.03340000 -0.19236000 0.15609700
v 0.03324600 -0.19863600 0.15237700
v -0.01695200 -0.18447600 0.15609700
v 0.32595200 -0.00422200 0.05619900
v 0.31287100 -0.00390200 0.08073200
v 0.32440800 -0.08143300 0.02975500
v 0.28695500 -0.07041000 0.10295700
v 0.29947800 -0.15669200 0.00183300
v 0.24454100 -0.12315800 0.12251000
v 0.25266400 -0.22243000 -0.02711400
v 0.19153900 -0.15824300 0.13907300
v 0.18798700 -0.27197300 -0.05661300
v 0.13463000 -0.17410900 0.15237700
v 0.11176200 -0.30138600 -0.05661300
v 0.11176200 -0.30138600 -0.45467400
v 0.08555200 -0.19304600 0.15237700
v 0.08407600 -0.18694500 0.15609700
v -0.05041900 -0.29818700 -0.47016200
v 0.03052300 -0.31006800 -0.45467400
v 0.03050400 -0.31085900 -0.47016200
v -0.05019600 -0.29742700 -0.45467400
v -0.12489200 -0.26432600 -0.45467400
v -0.12489200 -0.26432600 -0.05661300
v -0.18847600 -0.21302000 -0.05661300
v -0.23491300 -0.14607800 -0.02711400
v -0.25938900 -0.06917500 0.00183300
v -0.26012000 0.01010200 0.02975500
v -0.22543400 0.08039400 0.08073200
v -0.23798700 0.08408900 0.05619900
v -0.22108900 0.00914800 0.10295700
v -0.19683100 -0.05404100 0.12251000
v -0.15709200 -0.10364800 0.13907300
v -0.10775700 -0.13615200 0.15237700
v -0.06681800 -0.16918500 0.15237700
v -0.06354700 -0.16382700 0.15609700
v 0.03354800 -0.18631000 0.16037300
v -0.01524300 -0.17866900 0.16037300
v 0.31796700 0.07050100 0.05619900
v 0.30524800 0.06742500 0.08073200
v 0.33645900 -0.00447900 0.02975500
v 0.29742900 -0.00352500 0.10295700
v 0.33185600 -0.08362500 0.00183300
v 0.27011200 -0.06545300 0.12251000
v 0.30365200 -0.15924000 -0.02711400
v 0.22799700 -0.11306000 0.13907300
v 0.25400100 -0.22383400 -0.05661300
v 0.17713300 -0.14311500 0.15237700
v 0.18798700 -0.27197300 -0.05661300
v 0.18798700 -0.27197300 -0.45467400
v 0.13463000 -0.17410900 0.15237700
v 0.13162500 -0.16859700 0.15609700
v 0.11176200 -0.30138600 -0.45467400
v 0.11194900 -0.30215500 -0.47016200
v 0.08265300 -0.18106200 0.16037300
v -0.05010800 -0.29713100 -0.48562000
v 0.03053100 -0.30975800 -0.48562000
v -0.12489200 -0.26432600 -0.45467400
v -0.12530500 -0.26500200 -0.47016200
v -0.18847600 -0.21302000 -0.45467400
v -0.18847600 -0.21302000 -0.05661300
v -0.23661500 -0.14700600 -0.05661300
v -0.26414300 -0.07032500 -0.02711400
v -0.26788100 0.01029100 0.00183300
v -0.24806900 0.08705600 0.02975500
v -0.19637200 0.14597600 0.08073200
v -0.20754100 0.15279400 0.05619900
v -0.21061500 0.07603300 0.10295700
v -0.20353700 0.00871900 0.12251000
v -0.17799200 -0.04948400 0.13907300
v -0.13875100 -0.09364800 0.15237700
v -0.10775700 -0.13615200 0.15237700
v -0.10321000 -0.13182300 0.15609700
v -0.06039400 -0.15866100 0.16037300
v 0.03368900 -0.18051500 0.16518400
v -0.01360700 -0.17310900 0.16518400
v 0.29091300 0.14061100 0.05619900
v 0.27942500 0.13434800 0.08073200
v 0.32818200 0.07297300 0.02975500
v 0.29023500 0.06379200 0.10295700
v 0.34422100 -0.00466800 0.00183300
v 0.27987700 -0.00309600 0.12251000
v 0.33654800 -0.08500600 -0.02711400
v 0.25151900 -0.05998100 0.13907300
v 0.30530700 -0.16025000 -0.05661300
v 0.21016700 -0.10217600 0.15237700
v 0.25400100 -0.22383400 -0.05661300
v 0.25400100 -0.22383400 -0.45467400
v 0.17713300 -0.14311500 0.15237700
v 0.17280400 -0.13856900 0.15609700
v 0.18798700 -0.27197300 -0.45467400
v 0.18836600 -0.27266800 -0.47016200
v 0.12872700 -0.16328400 0.16037300
v 0.11169000 -0.30108500 -0.48562000
v 0.08129000 -0.17542800 0.16518400
v 0.03060300 -0.30679100 -0.50067900
v -0.04927000 -0.29428400 -0.50067900
v -0.12473100 -0.26406200 -0.48562000
v -0.18847600 -0.21302000 -0.45467400
v -0.18905000 -0.21356600 -0.47016200
v -0.23661500 -0.14700600 -0.05661300
v -0.23661500 -0.14700600 -0.45467400
v -0.26602700 -0.07078100 -0.05661300
v -0.27277100 0.01041100 -0.02711400
v -0.25551700 0.08924800 0.00183300
v -0.21651100 0.15827000 0.02975500
v -0.15132600 0.20180200 0.08073200
v -0.16035000 0.21127800 0.05619900
v -0.18318700 0.13792800 0.10295700
v -0.19377300 0.07107600 0.12251000
v -0.18416200 0.00824500 0.13907300
v -0.15768800 -0.04457100 0.15237700
v -0.13875100 -0.09364800 0.15237700
v -0.13323900 -0.09064400 0.15609700
v -0.09882800 -0.12764900 0.16037300
v -0.05737400 -0.15371400 0.16518400
v 0.03382400 -0.17500500 0.17050500
v -0.01205100 -0.16782200 0.17050500
v 0.24663600 0.20133100 0.05619900
v 0.23716000 0.19230700 0.08073200
v 0.30014100 0.14564300 0.02975500
v 0.26586300 0.12695400 0.10295700
v 0.33572800 0.07479800 0.00183300
v 0.27317000 0.05966400 0.12251000
v 0.34911000 -0.00478800 -0.02711400
v 0.26050100 -0.00262200 0.13907300
v 0.33840800 -0.08555400 -0.05661300
v 0.23147900 -0.05408300 0.15237700
v 0.30530700 -0.16025000 -0.45467400
v 0.30530700 -0.16025000 -0.05661300
v 0.21016700 -0.10217600 0.15237700
v 0.20480800 -0.09890500 0.15609700
v 0.25400100 -0.22383400 -0.45467400
v 0.25454800 -0.22440800 -0.47016200
v 0.16863000 -0.13418600 0.16037300
v 0.18783900 -0.27170100 -0.48562000
v 0.12595300 -0.15819400 0.16518400
v 0.11099200 -0.29820000 -0.50067900
v 0.07999400 -0.17007100 0.17050500
v -0.04792500 -0.28971400 -0.51498100
v 0.03071900 -0.30202900 -0.51498100
v -0.12318500 -0.26152900 -0.50067900
v -0.18825200 -0.21280700 -0.48562000
v -0.23661500 -0.14700600 -0.45467400
v -0.23731000 -0.14738500 -0.47016200
v -0.26602700 -0.07078100 -0.05661300
v -0.26602700 -0.07078100 -0.45467400
v -0.27470900 0.01045800 -0.05661300
v -0.26020900 0.09062900 -0.02711400
v -0.22313800 0.16231500 0.00183300
v -0.16759800 0.21888900 0.02975500
v -0.09963000 0.25555500 0.05619900
v -0.09336700 0.24406700 0.08073200
v -0.14067400 0.19061600 0.10295700
v -0.16820100 0.12878100 0.12251000
v -0.17518000 0.06560400 0.13907300
v -0.16327800 0.00773500 0.15237700
v -0.15768800 -0.04457100 0.15237700
v -0.15158600 -0.04309500 0.15609700
v -0.12792500 -0.08774600 0.16037300
v -0.09463000 -0.12365200 0.16518400
v -0.05450200 -0.14900900 0.17050500
v 0.03395100 -0.16980900 0.17630800
v -0.01058300 -0.16283500 0.17630800
v 0.18815200 0.24852200 0.05619900
v 0.18133500 0.23735300 0.08073200
v 0.25424700 0.20857900 0.02975500
v 0.22597400 0.18165500 0.10295700
v 0.30695700 0.14935900 0.00183300
v 0.25044800 0.11854900 0.12251000
v 0.34048200 0.07594800 -0.02711400
v 0.25433200 0.05510700 0.13907300
v 0.35104900 -0.00483500 -0.05661300
v 0.23961700 -0.00211200 0.15237700
v 0.33840800 -0.08555400 -0.45467400
v 0.33840800 -0.08555400 -0.05661300
v 0.23147900 -0.05408300 0.15237700
v 0.22545700 -0.05231000 0.15609700
v 0.30598300 -0.16066300 -0.47016200
v 0.30530700 -0.16025000 -0.45467400
v 0.19964300 -0.09575200 0.16037300
v 0.25378800 -0.22361000 -0.48562000
v 0.16463300 -0.12998800 0.16518400
v 0.18641800 -0.26909600 -0.50067900
v 0.12331400 -0.15335500 0.17050500
v 0.10987200 -0.29357000 -0.51498100
v 0.07877200 -0.16501900 0.17630800
v -0.04610500 -0.28353000 -0.52818300
v 0.03087700 -0.29558500 -0.52818300
v -0.12070300 -0.25746300 -0.51498100
v -0.18610300 -0.21076000 -0.50067900
v -0.23634300 -0.14685800 -0.48562000
v -0.26602700 -0.07078100 -0.45467400
v -0.26679700 -0.07096800 -0.47016200
v -0.27470900 0.01045800 -0.05661300
v -0.27470900 0.01045800 -0.45467400
v -0.26206900 0.09117700 -0.05661300
v -0.22731300 0.16486300 -0.02711400
v -0.17295200 0.22451100 0.00183300
v -0.10466200 0.26478300 0.02975500
v -0.02952000 0.28260800 0.05619900
v -0.02644300 0.26989000 0.08073200
v -0.08597300 0.23050400 0.10295700
v -0.12856600 0.17790100 0.12251000
v -0.15165800 0.11868300 0.13907300
v -0.15513900 0.05970600 0.15237700
v -0.16327800 0.00773500 0.15237700
v -0.15700200 0.00758100 0.15609700
v -0.14570400 -0.04167200 0.16037300
v -0.12283600 -0.08497200 0.16518400
v -0.09063900 -0.11985100 0.17050500
v -0.05179400 -0.14457200 0.17630800
v 0.03407000 -0.16495100 0.18256500
v -0.00921100 -0.15817300 0.18256500
v 0.11944700 0.27896800 0.05619900
v 0.11575300 0.26641500 0.08073200
v 0.19362800 0.25749300 0.02975500
v 0.17328700 0.22416800 0.10295700
v 0.25986900 0.21393300 0.00183300
v 0.21326000 0.16954700 0.12251000
v 0.31125200 0.15170100 -0.02711400
v 0.23343100 0.10927100 0.13907300
v 0.34236700 0.07640400 -0.05661300
v 0.23402700 0.05019400 0.15237700
v 0.35104900 -0.00483500 -0.45467400
v 0.35104900 -0.00483500 -0.05661300
v 0.23961700 -0.00211200 0.15237700
v 0.23334200 -0.00195900 0.15609700
v 0.33916800 -0.08577700 -0.47016200
v 0.33840800 -0.08555400 -0.45467400
v 0.21965100 -0.05060100 0.16037300
v 0.30504300 -0.16008900 -0.48562000
v 0.19469500 -0.09273200 0.16518400
v 0.25174100 -0.22146100 -0.50067900
v 0.16083200 -0.12599700 0.17050500
v 0.18413800 -0.26491300 -0.51498100
v 0.12082600 -0.14879100 0.17630800
v 0.10835600 -0.28730500 -0.52818300
v 0.07762900 -0.16029600 0.18256500
v -0.04385400 -0.27587900 -0.53997200
v 0.03107200 -0.28761200 -0.53997200
v -0.11734400 -0.25196100 -0.52818300
v -0.18265300 -0.20747500 -0.51498100
v -0.23373700 -0.14543700 -0.50067900
v -0.26572700 -0.07070900 -0.48562000
v -0.27470900 0.01045800 -0.45467400
v -0.27550100 0.01047700 -0.47016200
v -0.26206900 0.09117700 -0.05661300
v -0.26206900 0.09117700 -0.45467400
v -0.22896800 0.16587300 -0.05661300
v -0.17632500 0.22805300 -0.02711400
v -0.10837800 0.27159900 0.00183300
v -0.03199100 0.29282400 0.02975500
v 0.04520300 0.29059400 0.05619900
v 0.04488300 0.27751300 0.08073200
v -0.02281100 0.25487600 0.10295700
v -0.07756800 0.21509000 0.12251000
v -0.11520000 0.16386600 0.13907300
v -0.13382700 0.10779900 0.15237700
v -0.15513900 0.05970600 0.15237700
v -0.14911700 0.05793300 0.15609700
v -0.15095200 0.00743300 0.16037300
v -0.14007000 -0.04030900 0.16518400
v -0.11799700 -0.08233300 0.17050500
v -0.08687400 -0.11626600 0.17630800
v -0.04926200 -0.14042500 0.18256500
v 0.03417900 -0.16045800 0.18924400
v -0.00794200 -0.15386200 0.18924400
v 0.12241500 0.28905000 0.02975500
v 0.11139100 0.25159600 0.10295700
v 0.19767300 0.26411900 0.00183300
v 0.16413900 0.20918200 0.12251000
v 0.26341100 0.21730600 -0.02711400
v 0.19922400 0.15618100 0.13907300
v 0.31295400 0.15262900 -0.05661300
v 0.21509000 0.09927100 0.15237700
v 0.34236700 0.07640400 -0.45467400
v 0.34236700 0.07640400 -0.05661300
v 0.22792600 0.04871800 0.15609700
v 0.23402700 0.05019400 0.15237700
v 0.35184000 -0.00485500 -0.47016200
v 0.35104900 -0.00483500 -0.45467400
v 0.22729100 -0.00181100 0.16037300
v 0.33811200 -0.08546600 -0.48562000
v 0.21409000 -0.04896500 0.16518400
v 0.30251000 -0.15854300 -0.50067900
v 0.18999100 -0.08986100 0.17050500
v 0.24845600 -0.21801100 -0.51498100
v 0.15724700 -0.12223200 0.17630800
v 0.18105200 -0.25925400 -0.52818300
v 0.11850000 -0.14452500 0.18256500
v 0.10648100 -0.27955300 -0.53997200
v 0.07657300 -0.15592700 0.18924400
v -0.04122400 -0.26694500 -0.55006700
v 0.03129900 -0.27830200 -0.55006700
v -0.11318900 -0.24515400 -0.53997200
v -0.17798500 -0.20303000 -0.52818300
v -0.22955500 -0.14315700 -0.51498100
v -0.26284200 -0.07001100 -0.50067900
v -0.27440000 0.01045100 -0.48562000
v -0.26206900 0.09117700 -0.45467400
v -0.26282900 0.09140000 -0.47016200
v -0.22896800 0.16587300 -0.05661300
v -0.22896800 0.16587300 -0.45467400
v -0.17766200 0.22945700 -0.05661300
v -0.11071900 0.27589400 -0.02711400
v -0.03381700 0.30037000 0.00183300
v 0.04546000 0.30110100 0.02975500
v 0.04450600 0.26207000 0.10295700
v -0.01868300 0.23781200 0.12251000
v -0.06829000 0.19807300 0.13907300
v -0.10079400 0.14873800 0.15237700
v -0.12846900 0.10452800 0.15609700
v -0.13382700 0.10779900 0.15237700
v -0.14331100 0.05622400 0.16037300
v -0.14515700 0.00729200 0.16518400
v -0.13471300 -0.03901300 0.17050500
v -0.11343300 -0.07984500 0.17630800
v -0.08335500 -0.11291500 0.18256500
v -0.04692000 -0.13658800 0.18924400
v 0.03428000 -0.15635100 0.19631100
v -0.00678200 -0.14992100 0.19631100
v 0.12460700 0.29649800 0.00183300
v 0.10643400 0.23475400 0.12251000
v 0.20022100 0.26829400 -0.02711400
v 0.15404100 0.19263900 0.13907300
v 0.26481600 0.21864300 -0.05661300
v 0.18409600 0.14177500 0.15237700
v 0.31295400 0.15262900 -0.45467400
v 0.31295400 0.15262900 -0.05661300
v 0.20957800 0.09626600 0.15609700
v 0.21509000 0.09927100 0.15237700
v 0.34313600 0.07659000 -0.47016200
v 0.34236700 0.07640400 -0.45467400
v 0.22204300 0.04729500 0.16037300
v 0.35073900 -0.00482800 -0.48562000
v 0.22149600 -0.00166900 0.16518400
v 0.33526500 -0.08462800 -0.50067900
v 0.20880300 -0.04740900 0.17050500
v 0.29844400 -0.15606100 -0.51498100
v 0.18555400 -0.08715200 0.17630800
v 0.24401100 -0.21334300 -0.52818300
v 0.15389600 -0.11871400 0.18256500
v 0.17723500 -0.25225200 -0.53997200
v 0.11634900 -0.14057900 0.18924400
v 0.10429100 -0.27050100 -0.55006700
v 0.07560600 -0.15193400 0.19631100
v 0.03155400 -0.26787500 -0.55822700
v -0.03827900 -0.25693900 -0.55822700
v -0.10833700 -0.23720400 -0.55006700
v -0.17221000 -0.19753000 -0.53997200
v -0.22389600 -0.14007100 -0.52818300
v -0.25821200 -0.06889100 -0.51498100
v -0.27143300 0.01037800 -0.50067900
v -0.26177200 0.09108900 -0.48562000
v -0.22896800 0.16587300 -0.45467400
v -0.22964400 0.16628600 -0.47016200
v -0.17766200 0.22945700 -0.05661300
v -0.17766200 0.22945700 -0.45467400
v -0.11164800 0.27759600 -0.05661300
v -0.03496700 0.30512400 -0.02711400
v 0.04565000 0.30886200 0.00183300
v 0.04407700 0.24451900 0.12251000
v -0.01412500 0.21897400 0.13907300
v -0.05829000 0.17973200 0.15237700
v -0.09646500 0.14419200 0.15609700
v -0.10079400 0.14873800 0.15237700
v -0.12330300 0.10137500 0.16037300
v -0.13775100 0.05458800 0.16518400
v -0.13964700 0.00715700 0.17050500
v -0.12966000 -0.03779100 0.17630800
v -0.10916700 -0.07751900 0.18256500
v -0.08010000 -0.10981600 0.18924400
v -0.04478000 -0.13308200 0.19631100
v -0.00573700 -0.14637100 0.20373000
v 0.03437000 -0.15265200 0.20373000
v 0.12598700 0.30119000 -0.02711400
v 0.10096200 0.21616100 0.13907300
v 0.20123100 0.26994900 -0.05661300
v 0.14315700 0.17480800 0.15237700
v 0.26481600 0.21864300 -0.45467400
v 0.26481600 0.21864300 -0.05661300
v 0.17955000 0.13744600 0.15609700
v 0.18409600 0.14177500 0.15237700
v 0.31364900 0.15300800 -0.47016200
v 0.31295400 0.15262900 -0.45467400
v 0.20426500 0.09336900 0.16037300
v 0.34206600 0.07633200 -0.48562000
v 0.21640900 0.04593200 0.16518400
v 0.34777200 -0.00475500 -0.50067900
v 0.21598600 -0.00153400 0.17050500
v 0.33069500 -0.08328400 -0.51498100
v 0.20381600 -0.04594100 0.17630800
v 0.29294200 -0.15270200 -0.52818300
v 0.18140600 -0.08462100 0.18256500
v 0.23851100 -0.20756800 -0.53997200
v 0.15079700 -0.11545900 0.18924400
v 0.17277600 -0.24407500 -0.55006700
v 0.11438200 -0.13697200 0.19631100
v 0.10183800 -0.26036300 -0.55822700
v 0.07473600 -0.14833800 0.20373000
v 0.03183000 -0.25658000 -0.56425700
v -0.03508900 -0.24610000 -0.56425700
v -0.10290200 -0.22830200 -0.55822700
v -0.16546500 -0.19110700 -0.55006700
v -0.21689400 -0.13625300 -0.53997200
v -0.25194600 -0.06737500 -0.52818300
v -0.26667100 0.01026200 -0.51498100
v -0.25892500 0.09025100 -0.50067900
v -0.22870400 0.16571200 -0.48562000
v -0.17766200 0.22945700 -0.45467400
v -0.17820800 0.23003100 -0.47016200
v -0.11164800 0.27759600 -0.45467400
v -0.11164800 0.27759600 -0.05661300
v -0.03542300 0.30700800 -0.05661300
v 0.04576900 0.31375200 -0.02711400
v 0.04360400 0.22514300 0.13907300
v -0.00921300 0.19866900 0.15237700
v -0.05528500 0.17422000 0.15609700
v -0.05829000 0.17973200 0.15237700
v -0.09229100 0.13980900 0.16037300
v -0.11835600 0.09835500 0.16518400
v -0.13246300 0.05303200 0.17050500
v -0.13445000 0.00703000 0.17630800
v -0.12493800 -0.03664800 0.18256500
v -0.10522000 -0.07536700 0.18924400
v -0.07712600 -0.10698300 0.19631100
v -0.04285200 -0.12992400 0.20373000
v 0.03445000 -0.14937900 0.21146400
v -0.00481300 -0.14323000 0.21146400
v 0.12653500 0.30305000 -0.05661300
v 0.09506400 0.19612000 0.15237700
v 0.20123100 0.26994900 -0.05661300
v 0.20123100 0.26994900 -0.45467400
v 0.13988700 0.16945000 0.15609700
v 0.14315700 0.17480800 0.15237700
v 0.26538900 0.21918900 -0.47016200
v 0.26481600 0.21864300 -0.45467400
v 0.17516700 0.13327200 0.16037300
v 0.31268300 0.15248100 -0.48562000
v 0.19917500 0.09059400 0.16518400
v 0.33918100 0.07563400 -0.50067900
v 0.21105200 0.04463600 0.17050500
v 0.34301000 -0.00463900 -0.51498100
v 0.21079000 -0.00140700 0.17630800
v 0.32451100 -0.08146300 -0.52818300
v 0.19915500 -0.04456900 0.18256500
v 0.28613500 -0.14854700 -0.53997200
v 0.17757000 -0.08227900 0.18924400
v 0.23208800 -0.20082400 -0.55006700
v 0.14796400 -0.11248400 0.19631100
v 0.16778300 -0.23491700 -0.55822700
v 0.11261100 -0.13372300 0.20373000
v 0.09918200 -0.24938200 -0.56425700
v 0.07396700 -0.14515600 0.21146400
v 0.03212100 -0.24468700 -0.56801400
v -0.03173000 -0.23468800 -0.56801400
v -0.09701600 -0.21865800 -0.56425700
v -0.15791200 -0.18391500 -0.55822700
v -0.20871600 -0.13179500 -0.55006700
v -0.24419500 -0.06550000 -0.53997200
v -0.26022700 0.01010400 -0.52818300
v -0.25435500 0.08890600 -0.51498100
v -0.22617100 0.16416600 -0.50067900
v -0.17744900 0.22923300 -0.48562000
v -0.11202700 0.27829100 -0.47016200
v -0.11164800 0.27759600 -0.45467400
v -0.03542300 0.30700800 -0.45467400
v -0.03542300 0.30700800 -0.05661300
v 0.04581600 0.31569100 -0.05661300
v 0.04309300 0.20425900 0.15237700
v -0.00773700 0.19256800 0.15609700
v -0.00921300 0.19866900 0.15237700
v -0.05238800 0.16890600 0.16037300
v -0.08829400 0.13561100 0.16518400
v -0.11365100 0.09548300 0.17050500
v -0.12747600 0.05156400 0.17630800
v -0.12959300 0.00691100 0.18256500
v -0.12056900 -0.03559100 0.18924400
v -0.10161400 -0.07340100 0.19631100
v -0.07444600 -0.10443100 0.20373000
v -0.04114700 -0.12712900 0.21146400
v -0.00401400 -0.14051500 0.21947300
v 0.03451900 -0.14654900 0.21947300
v 0.12653500 0.30305000 -0.05661300
v 0.12653500 0.30305000 -0.45467400
v 0.09329100 0.19009800 0.15609700
v 0.09506400 0.19612000 0.15237700
v 0.20164400 0.27062500 -0.47016200
v 0.20123100 0.26994900 -0.45467400
v 0.13673300 0.16428400 0.16037300
v 0.26459200 0.21843000 -0.48562000
v 0.17096900 0.12927500 0.16518400
v 0.31007700 0.15106000 -0.50067900
v 0.19433600 0.08795600 0.17050500
v 0.33455100 0.07451400 -0.51498100
v 0.20600000 0.04341400 0.17630800
v 0.33656600 -0.00448100 -0.52818300
v 0.20593200 -0.00128900 0.18256500
v 0.31686000 -0.07921200 -0.53997200
v 0.19484300 -0.04330000 0.18924400
v 0.27818500 -0.14369500 -0.55006700
v 0.17406300 -0.08013800 0.19631100
v 0.22489600 -0.19327000 -0.55822700
v 0.14541200 -0.10980400 0.20373000
v 0.16237500 -0.22499800 -0.56425700
v 0.11104300 -0.13084900 0.21146400
v 0.09638400 -0.23781900 -0.56801400
v 0.07330100 -0.14240400 0.21947300
v 0.03241900 -0.23247800 -0.56940800
v -0.02828200 -0.22297300 -0.56940800
v -0.09081800 -0.20850400 -0.56801400
v -0.14973000 -0.17612300 -0.56425700
v -0.19955900 -0.12680200 -0.55822700
v -0.23514300 -0.06331000 -0.55006700
v -0.25225400 0.00990900 -0.53997200
v -0.24817100 0.08708600 -0.52818300
v -0.22210500 0.16168400 -0.51498100
v -0.17540200 0.22708400 -0.50067900
v -0.11149900 0.27732400 -0.48562000
v -0.03560900 0.30777800 -0.47016200
v -0.03542300 0.30700800 -0.45467400
v 0.04581600 0.31569100 -0.45467400
v 0.04581600 0.31569100 -0.05661300
v 0.04294000 0.19798300 0.15609700
v 0.04309300 0.20425900 0.15237700
v -0.00631400 0.18668500 0.16037300
v -0.04961300 0.16381700 0.16518400
v -0.08449300 0.13162000 0.17050500
v -0.10921400 0.09277500 0.17630800
v -0.12281500 0.05019200 0.18256500
v -0.12509900 0.00680200 0.18924400
v -0.11657600 -0.03462500 0.19631100
v -0.09836500 -0.07163000 0.20373000
v -0.07207500 -0.10217300 0.21146400
v -0.03967200 -0.12471300 0.21947300
v 0.03457700 -0.14417600 0.22771600
v -0.00334300 -0.13823800 0.22771600
v 0.12675800 0.30381000 -0.47016200
v 0.12653500 0.30305000 -0.45467400
v 0.09158300 0.18429200 0.16037300
v 0.20107000 0.26968500 -0.48562000
v 0.13371300 0.15933700 0.16518400
v 0.26244200 0.21638300 -0.50067900
v 0.16697800 0.12547400 0.17050500
v 0.30589400 0.14878000 -0.51498100
v 0.18977200 0.08546800 0.17630800
v 0.32828600 0.07299800 -0.52818300
v 0.20127700 0.04227100 0.18256500
v 0.32859300 -0.00428700 -0.53997200
v 0.20143900 -0.00117900 0.18924400
v 0.30792600 -0.07658200 -0.55006700
v 0.19090200 -0.04214000 0.19631100
v 0.26928300 -0.13826100 -0.55822700
v 0.17090500 -0.07821100 0.20373000
v 0.21710400 -0.18508900 -0.56425700
v 0.14315400 -0.10743300 0.21146400
v 0.15668000 -0.21455300 -0.56801400
v 0.10968900 -0.12836300 0.21947300
v 0.09351300 -0.22595000 -0.56940800
v 0.07274300 -0.14009700 0.22771600
v 0.03271800 -0.22024600 -0.56840500
v -0.02482800 -0.21123500 -0.56840500
v -0.08445500 -0.19808000 -0.56940800
v -0.14111500 -0.16791900 -0.56801400
v -0.18964000 -0.12139400 -0.56425700
v -0.22500500 -0.06085700 -0.55822700
v -0.24294300 0.00968200 -0.55006700
v -0.24052100 0.08483500 -0.53997200
v -0.21660300 0.15832500 -0.52818300
v -0.17211700 0.22363400 -0.51498100
v -0.11007900 0.27471900 -0.50067900
v -0.03535000 0.30670800 -0.48562000
v 0.04583600 0.31648200 -0.47016200
v 0.04581600 0.31569100 -0.45467400
v 0.04279200 0.19193300 0.16037300
v -0.00495100 0.18105100 0.16518400
v -0.04697500 0.15897800 0.17050500
v -0.08090800 0.12785500 0.17630800
v -0.10506700 0.09024400 0.18256500
v -0.11850300 0.04892300 0.18924400
v -0.12099200 0.00670100 0.19631100
v -0.11297900 -0.03375500 0.20373000
v -0.09549100 -0.07006200 0.21146400
v -0.07002500 -0.10022100 0.21947300
v -0.03843500 -0.12268700 0.22771600
v -0.06830600 -0.09858400 0.22771600
v 0.03544300 -0.10877700 0.22771600
v -0.03843500 -0.12268700 0.22771600
v 0.00665400 -0.10426900 0.22771600
v -0.01998700 -0.09246400 0.22771600
v -0.09092100 -0.06757100 0.22771600
v -0.04266400 -0.07416500 0.22771600
v -0.05983300 -0.05062100 0.22771600
v -0.10473900 -0.03176200 0.22771600
v -0.07032300 -0.02343600 0.22771600
v -0.10881800 0.00640400 0.22771600
v -0.07341900 0.00553900 0.22771600
v -0.10288000 0.04432500 0.22771600
v -0.06891100 0.03432700 0.22771600
v -0.05710600 0.06096800 0.22771600
v -0.08732900 0.07941600 0.22771600
v -0.03880700 0.08364500 0.22771600
v -0.06322600 0.10928800 0.22771600
v -0.01526300 0.10081400 0.22771600
v 0.01192300 0.11130400 0.22771600
v -0.03221300 0.13190300 0.22771600
v 0.04089700 0.11440000 0.22771600
v 0.11477500 0.12831000 0.22771600
v 0.07968300 0.14386100 0.22771600
v 0.00359600 0.14572000 0.22771600
v 0.04176200 0.14979900 0.22771600
v -0.00334300 -0.13823800 0.22771600
v 0.07274300 -0.14009700 0.22771600
v 0.03457700 -0.14417600 0.22771600
v 0.10855200 -0.12628000 0.22771600
v 0.13956500 -0.10366500 0.22771600
v 0.06441700 -0.10568100 0.22771600
v 0.09160200 -0.09519100 0.22771600
v 0.16366800 -0.07379300 0.22771600
v 0.11514700 -0.07802200 0.22771600
v 0.13344500 -0.05534500 0.22771600
v 0.17921900 -0.03870200 0.22771600
v 0.14525000 -0.02870400 0.22771600
v 0.18515700 -0.00078100 0.22771600
v 0.14975900 0.00008400 0.22771600
v 0.14666200 0.02905900 0.22771600
v 0.18107800 0.03738500 0.22771600
v 0.13617200 0.05624400 0.22771600
v 0.16726100 0.07319400 0.22771600
v 0.11900300 0.07978800 0.22771600
v 0.14464600 0.10420700 0.22771600
v 0.09632600 0.09808700 0.22771600
v 0.06968500 0.10989200 0.22771600
v 0.12644700 0.30275400 -0.48562000
v 0.08994600 0.17873200 0.16518400
v 0.19952400 0.26715200 -0.50067900
v 0.13084200 0.15463200 0.17050500
v 0.25899300 0.21309800 -0.51498100
v 0.16321400 0.12188900 0.17630800
v 0.30023500 0.14569400 -0.52818300
v 0.18550600 0.08314200 0.18256500
v 0.32053500 0.07112300 -0.53997200
v 0.19690800 0.04121400 0.18924400
v 0.31928300 -0.00405900 -0.55006700
v 0.19733200 -0.00107900 0.19631100
v 0.29792000 -0.07363700 -0.55822700
v 0.18735200 -0.04109500 0.20373000
v 0.25963900 -0.13237400 -0.56425700
v 0.16811000 -0.07650500 0.21146400
v 0.20890000 -0.17647300 -0.56801400
v 0.14120200 -0.10538300 0.21947300
v 0.15083500 -0.20383100 -0.56940800
v 0.10855200 -0.12628000 0.22771600
v 0.09063600 -0.21405700 -0.56840500
v 0.01109700 -0.08917400 -0.15674500
v 0.03271800 -0.22024600 -0.56840500
v 0.03582700 -0.09304700 -0.15674500
v -0.02482800 -0.21123500 -0.56840500
v -0.07808000 -0.18763700 -0.56840500
v -0.13227200 -0.15949700 -0.56940800
v -0.17919400 -0.11569900 -0.56801400
v -0.21402400 -0.05820000 -0.56425700
v -0.23251600 0.00942700 -0.55822700
v -0.23158600 0.08220500 -0.55006700
v -0.20979600 0.15417000 -0.53997200
v -0.16767200 0.21896600 -0.52818300
v -0.10779800 0.27053600 -0.51498100
v -0.03465300 0.30382300 -0.50067900
v 0.04580900 0.31538100 -0.48562000
v 0.04265000 0.18613800 0.16518400
v -0.00365500 0.17569400 0.17050500
v -0.04448700 0.15441400 0.17630800
v -0.07755700 0.12433700 0.18256500
v -0.10123000 0.08790200 0.18924400
v -0.11456200 0.04776300 0.19631100
v -0.11729300 0.00661100 0.20373000
v -0.10979700 -0.03298600 0.21146400
v -0.09300500 -0.06870700 0.21947300
v -0.06830600 -0.09858400 0.22771600
v 0.04176200 0.14979900 0.22771600
v 0.00303800 0.14802700 0.21947300
v 0.04182000 0.15217200 0.21947300
v 0.00359600 0.14572000 0.22771600
v 0.07968300 0.14386100 0.22771600
v 0.08035300 0.14613800 0.21947300
v 0.11477500 0.12831000 0.22771600
v 0.11601100 0.13033600 0.21947300
v 0.14464600 0.10420700 0.22771600
v 0.14636400 0.10584400 0.21947300
v 0.16726100 0.07319400 0.22771600
v 0.16934500 0.07433000 0.21947300
v 0.18107800 0.03738500 0.22771600
v 0.18338500 0.03794300 0.21947300
v 0.18515700 -0.00078100 0.22771600
v 0.18753000 -0.00083900 0.21947300
v 0.17921900 -0.03870200 0.22771600
v 0.18149600 -0.03937200 0.21947300
v 0.16366800 -0.07379300 0.22771600
v 0.16569400 -0.07503000 0.21947300
v 0.13956500 -0.10366500 0.22771600
v -0.09092100 -0.06757100 0.22771600
v -0.10473900 -0.03176200 0.22771600
v -0.10704600 -0.03232000 0.21947300
v -0.10881800 0.00640400 0.22771600
v -0.11119100 0.00646200 0.21947300
v -0.10288000 0.04432500 0.22771600
v -0.10515600 0.04499500 0.21947300
v -0.08732900 0.07941600 0.22771600
v -0.08935500 0.08065300 0.21947300
v -0.06322600 0.10928800 0.22771600
v -0.06486300 0.11100600 0.21947300
v -0.03334900 0.13398600 0.21947300
v -0.03221300 0.13190300 0.22771600
v 0.12561000 0.29990600 -0.50067900
v 0.08839000 0.17344400 0.17050500
v 0.19704200 0.26308600 -0.51498100
v 0.12813300 0.15019500 0.17630800
v 0.25432400 0.20865300 -0.52818300
v 0.15969500 0.11853800 0.18256500
v 0.29323300 0.14187600 -0.53997200
v 0.18156000 0.08099000 0.18924400
v 0.31148200 0.06893200 -0.55006700
v 0.19291500 0.04024800 0.19631100
v 0.30885600 -0.00380400 -0.55822700
v 0.19363300 -0.00098800 0.20373000
v 0.28708200 -0.07044700 -0.56425700
v 0.18421100 -0.04017100 0.21146400
v 0.24948500 -0.12617600 -0.56801400
v 0.20047900 -0.16763000 -0.56940800
v 0.14497700 -0.19308800 -0.56840500
v 0.06071700 -0.09038700 -0.15674500
v 0.09063600 -0.21405700 -0.56840500
v 0.02700500 -0.03512400 0.60365700
v 0.03582700 -0.09304700 -0.15674500
v 0.03720400 -0.03672200 0.60365700
v 0.01109700 -0.08917400 -0.15674500
v -0.01178800 -0.07903300 -0.15674500
v -0.07808000 -0.18763700 -0.56840500
v -0.02482800 -0.21123500 -0.56840500
v 0.09063600 -0.21405700 -0.56840500
v 0.03271800 -0.22024600 -0.56840500
v 0.14497700 -0.19308800 -0.56840500
v -0.07808000 -0.18763700 -0.56840500
v 0.19204100 -0.15876900 -0.56840500
v -0.12341100 -0.15105900 -0.56840500
v 0.22861800 -0.11343900 -0.56840500
v -0.15773000 -0.10399600 -0.56840500
v 0.25221600 -0.06018600 -0.56840500
v -0.17869900 -0.04965400 -0.56840500
v 0.26122800 -0.00264000 -0.56840500
v -0.18488800 0.00826300 -0.56840500
v 0.25503800 0.05527700 -0.56840500
v -0.17587700 0.06580900 -0.56840500
v 0.23406900 0.10961900 -0.56840500
v -0.15227800 0.11906200 -0.56840500
v -0.11570100 0.16439200 -0.56840500
v 0.19975000 0.15668200 -0.56840500
v -0.06863800 0.19871100 -0.56840500
v 0.15442000 0.19326000 -0.56840500
v -0.01429600 0.21968000 -0.56840500
v 0.10116700 0.21685800 -0.56840500
v 0.04362100 0.22586900 -0.56840500
v -0.12341100 -0.15105900 -0.56840500
v -0.16847300 -0.10985300 -0.56940800
v -0.20246100 -0.05540300 -0.56801400
v -0.22122200 0.00915100 -0.56425700
v -0.22158100 0.07926000 -0.55822700
v -0.20184600 0.14931800 -0.55006700
v -0.16217200 0.21319100 -0.53997200
v -0.10471300 0.26487700 -0.52818300
v -0.03353300 0.29919300 -0.51498100
v 0.04573600 0.31241400 -0.50067900
v 0.04251600 0.18062800 0.17050500
v -0.00243300 0.17064100 0.17630800
v -0.04216100 0.15014800 0.18256500
v -0.07445700 0.12108200 0.18924400
v -0.09772400 0.08576100 0.19631100
v -0.11101300 0.04671800 0.20373000
v -0.11402000 0.00653100 0.21146400
v 0.04188900 0.15500200 0.21146400
v 0.00237300 0.15077900 0.21146400
v 0.08115200 0.14885300 0.21146400
v 0.11748600 0.13275200 0.21146400
v 0.14841400 0.10779600 0.21146400
v 0.17183000 0.07568500 0.21146400
v 0.18613700 0.03860800 0.21146400
v 0.19036000 -0.00090800 0.21146400
v -0.10787200 0.04579400 0.21146400
v -0.09177100 0.08212800 0.21146400
v -0.06681500 0.11305600 0.21146400
v -0.03470400 0.13647200 0.21146400
v 0.12426500 0.29533600 -0.51498100
v 0.08692200 0.16845800 0.17630800
v 0.19368400 0.25758400 -0.52818300
v 0.12560200 0.14604800 0.18256500
v 0.24854900 0.20315300 -0.53997200
v 0.15644000 0.11543800 0.18924400
v 0.28505600 0.13741800 -0.55006700
v 0.17795300 0.07902400 0.19631100
v 0.30134400 0.06648000 -0.55822700
v 0.18931900 0.03937800 0.20373000
v 0.29756100 -0.00352800 -0.56425700
v 0.27566900 -0.06708800 -0.56801400
v 0.23906200 -0.11981400 -0.56940800
v 0.19204100 -0.15876900 -0.56840500
v 0.08407000 -0.08137600 -0.15674500
v 0.14497700 -0.19308800 -0.56840500
v 0.04746800 -0.03562500 0.60365700
v 0.06071700 -0.09038700 -0.15674500
v 0.02700500 -0.03512400 0.60365700
v 0.03720400 -0.03672200 0.60365700
v 0.03817000 0.00281100 0.70266300
v 0.01756600 -0.03094200 0.60365700
v -0.01178800 -0.07903300 -0.15674500
v -0.03126900 -0.06331400 -0.15674500
v -0.12341100 -0.15105900 -0.56840500
v -0.15773000 -0.10399600 -0.56840500
v -0.04601800 -0.04308900 -0.15674500
v -0.17869900 -0.04965400 -0.56840500
v -0.05502900 -0.01973600 -0.15674500
v -0.18488800 0.00826300 -0.56840500
v -0.05768900 0.00515400 -0.15674500
v -0.17587700 0.06580900 -0.56840500
v -0.05381600 0.02988400 -0.15674500
v -0.15227800 0.11906200 -0.56840500
v -0.04367500 0.05277000 -0.15674500
v -0.11570100 0.16439200 -0.56840500
v -0.02795600 0.07225000 -0.15674500
v -0.06863800 0.19871100 -0.56840500
v -0.00773100 0.08699900 -0.15674500
v -0.01429600 0.21968000 -0.56840500
v 0.01562300 0.09601000 -0.15674500
v 0.04362100 0.22586900 -0.56840500
v 0.04051300 0.09867000 -0.15674500
v 0.06524300 0.09479700 -0.15674500
v 0.10116700 0.21685800 -0.56840500
v 0.08812800 0.08465600 -0.15674500
v 0.15442000 0.19326000 -0.56840500
v 0.10760800 0.06893700 -0.15674500
v 0.19975000 0.15668200 -0.56840500
v 0.23406900 0.10961900 -0.56840500
v 0.12235700 0.04871200 -0.15674500
v 0.25503800 0.05527700 -0.56840500
v 0.13136800 0.02535800 -0.15674500
v 0.26122800 -0.00264000 -0.56840500
v 0.13402800 0.00046900 -0.15674500
v 0.25221600 -0.06018600 -0.56840500
v 0.13015500 -0.02426200 -0.15674500
v 0.22861800 -0.11343900 -0.56840500
v 0.12001400 -0.04714700 -0.15674500
v 0.19204100 -0.15876900 -0.56840500
v 0.10429500 -0.06662700 -0.15674500
v -0.15773000 -0.10399600 -0.56840500
v -0.19059100 -0.05253100 -0.56940800
v -0.20932800 0.00886000 -0.56801400
v -0.21074200 0.07607000 -0.56425700
v -0.19294300 0.14388400 -0.55822700
v -0.15574900 0.20644600 -0.55006700
v -0.10089500 0.25787500 -0.53997200
v -0.03201700 0.29292700 -0.52818300
v 0.04562000 0.30765200 -0.51498100
v 0.04238900 0.17543100 0.17630800
v -0.00129000 0.16591900 0.18256500
v -0.04000900 0.14620200 0.18924400
v -0.07162400 0.11810700 0.19631100
v -0.09456600 0.08383400 0.20373000
v 0.00160300 0.15396000 0.20373000
v 0.04196900 0.15827500 0.20373000
v 0.08207600 0.15199400 0.20373000
v 0.11919200 0.13554700 0.20373000
v 0.15078500 0.11005400 0.20373000
v 0.17470400 0.07725300 0.20373000
v -0.06907300 0.11542700 0.20373000
v -0.03627100 0.13934600 0.20373000
v 0.12244500 0.28915200 -0.52818300
v 0.08555000 0.16379600 0.18256500
v 0.18952900 0.25077700 -0.53997200
v 0.12326000 0.14221100 0.18924400
v 0.24180500 0.19673000 -0.55006700
v 0.15346500 0.11260600 0.19631100
v 0.27589800 0.13242500 -0.55822700
v 0.29036300 0.06382300 -0.56425700
v 0.28566800 -0.00323700 -0.56801400
v 0.26395400 -0.06364100 -0.56940800
v 0.22861800 -0.11343900 -0.56840500
v 0.05709900 -0.03190800 0.60365700
v 0.08407000 -0.08137600 -0.15674500
v 0.04746800 -0.03562500 0.60365700
v 0.03817000 0.00281100 0.70266300
v 0.01756600 -0.03094200 0.60365700
v 0.03817000 0.00281100 0.70266300
v 0.00953200 -0.02445900 0.60365700
v -0.03126900 -0.06331400 -0.15674500
v -0.04601800 -0.04308900 -0.15674500
v 0.00345000 -0.01611800 0.60365700
v -0.05502900 -0.01973600 -0.15674500
v -0.00026600 -0.00648700 0.60365700
v -0.17869900 -0.04965400 -0.56840500
v -0.05768900 0.00515400 -0.15674500
v -0.00136300 0.00377800 0.60365700
v -0.19712000 0.00856200 -0.56940800
v -0.18488800 0.00826300 -0.56840500
v -0.05381600 0.02988400 -0.15674500
v 0.00023400 0.01397700 0.60365700
v -0.17587700 0.06580900 -0.56840500
v -0.18761500 0.06926300 -0.56940800
v -0.04367500 0.05277000 -0.15674500
v 0.00441600 0.02341500 0.60365700
v -0.15227800 0.11906200 -0.56840500
v -0.16272200 0.12543600 -0.56940800
v -0.02795600 0.07225000 -0.15674500
v 0.01089900 0.03144900 0.60365700
v -0.11570100 0.16439200 -0.56840500
v -0.12413900 0.17325300 -0.56940800
v -0.00773100 0.08699900 -0.15674500
v 0.01924000 0.03753100 0.60365700
v -0.06863800 0.19871100 -0.56840500
v -0.07449500 0.20945400 -0.56940800
v 0.01562300 0.09601000 -0.15674500
v 0.02887100 0.04124700 0.60365700
v -0.01429600 0.21968000 -0.56840500
v -0.01717300 0.23157200 -0.56940800
v 0.03913600 0.04234400 0.60365700
v 0.04051300 0.09867000 -0.15674500
v 0.04362100 0.22586900 -0.56840500
v 0.04392000 0.23810100 -0.56940800
v 0.04933500 0.04074700 0.60365700
v 0.06524300 0.09479700 -0.15674500
v 0.10462200 0.22859600 -0.56940800
v 0.10116700 0.21685800 -0.56840500
v 0.05877300 0.03656500 0.60365700
v 0.08812800 0.08465600 -0.15674500
v 0.16079500 0.20370300 -0.56940800
v 0.15442000 0.19326000 -0.56840500
v 0.06680700 0.03008200 0.60365700
v 0.10760800 0.06893700 -0.15674500
v 0.20861100 0.16512000 -0.56940800
v 0.19975000 0.15668200 -0.56840500
v 0.12235700 0.04871200 -0.15674500
v 0.07288900 0.02174100 0.60365700
v 0.24481200 0.11547600 -0.56940800
v 0.23406900 0.10961900 -0.56840500
v 0.13136800 0.02535800 -0.15674500
v 0.07660600 0.01211000 0.60365700
v 0.26693100 0.05815400 -0.56940800
v 0.25503800 0.05527700 -0.56840500
v 0.13402800 0.00046900 -0.15674500
v 0.07770300 0.00184500 0.60365700
v 0.26122800 -0.00264000 -0.56840500
v 0.27346000 -0.00293900 -0.56940800
v 0.13015500 -0.02426200 -0.15674500
v 0.07610600 -0.00835400 0.60365700
v 0.25221600 -0.06018600 -0.56840500
v 0.12001400 -0.04714700 -0.15674500
v 0.07192300 -0.01779200 0.60365700
v 0.10429500 -0.06662700 -0.15674500
v 0.06544100 -0.02582600 0.60365700
v -0.19932900 0.07271100 -0.56801400
v -0.18330000 0.13799700 -0.56425700
v -0.14855600 0.19889300 -0.55822700
v -0.09643700 0.24969800 -0.55006700
v -0.03014200 0.28517600 -0.53997200
v 0.04546300 0.30120800 -0.52818300
v 0.04227000 0.17057400 0.18256500
v -0.00023300 0.16155000 0.18924400
v -0.03804300 0.14259500 0.19631100
v 0.04206000 0.16197400 0.19631100
v 0.00073300 0.15755700 0.19631100
v 0.08312100 0.15554400 0.19631100
v 0.12112000 0.13870500 0.19631100
v 0.12019300 0.28150200 -0.53997200
v 0.08428100 0.15948400 0.18924400
v 0.18467600 0.24282700 -0.55006700
v 0.23425100 0.18953700 -0.55822700
v 0.26597900 0.12701700 -0.56425700
v 0.27880000 0.06102600 -0.56801400
v 0.03817000 0.00281100 0.70266300
v 0.05709900 -0.03190800 0.60365700
v 0.00953200 -0.02445900 0.60365700
v 0.03817000 0.00281100 0.70266300
v 0.03817000 0.00281100 0.70266300
v 0.00345000 -0.01611800 0.60365700
v 0.03817000 0.00281100 0.70266300
v -0.00026600 -0.00648700 0.60365700
v 0.03817000 0.00281100 0.70266300
v -0.00136300 0.00377800 0.60365700
v 0.03817000 0.00281100 0.70266300
v 0.00023400 0.01397700 0.60365700
v 0.03817000 0.00281100 0.70266300
v 0.00441600 0.02341500 0.60365700
v -0.17314500 0.13179900 -0.56801400
v 0.03817000 0.00281100 0.70266300
v 0.01089900 0.03144900 0.60365700
v -0.13256100 0.18209600 -0.56801400
v 0.03817000 0.00281100 0.70266300
v 0.01924000 0.03753100 0.60365700
v -0.08034100 0.22017500 -0.56801400
v 0.03817000 0.00281100 0.70266300
v 0.02887100 0.04124700 0.60365700
v -0.02004500 0.24344200 -0.56801400
v 0.03817000 0.00281100 0.70266300
v 0.03913600 0.04234400 0.60365700
v 0.04421900 0.25031000 -0.56801400
v 0.03817000 0.00281100 0.70266300
v 0.04933500 0.04074700 0.60365700
v 0.10807000 0.24031100 -0.56801400
v 0.03817000 0.00281100 0.70266300
v 0.05877300 0.03656500 0.60365700
v 0.16715700 0.21412700 -0.56801400
v 0.03817000 0.00281100 0.70266300
v 0.06680700 0.03008200 0.60365700
v 0.21745400 0.17354200 -0.56801400
v 0.03817000 0.00281100 0.70266300
v 0.07288900 0.02174100 0.60365700
v 0.25553400 0.12132200 -0.56801400
v 0.03817000 0.00281100 0.70266300
v 0.07660600 0.01211000 0.60365700
v 0.03817000 0.00281100 0.70266300
v 0.07770300 0.00184500 0.60365700
v 0.03817000 0.00281100 0.70266300
v 0.07610600 -0.00835400 0.60365700
v 0.03817000 0.00281100 0.70266300
v 0.07192300 -0.01779200 0.60365700
v 0.03817000 0.00281100 0.70266300
v 0.06544100 -0.02582600 0.60365700
v 0.03817000 0.00281100 0.70266300
v -0.14076500 0.19071100 -0.56425700
v -0.09144400 0.24054000 -0.55822700
v -0.02795100 0.27612400 -0.55006700
v 0.04526800 0.29323500 -0.53997200
v 0.04216000 0.16608000 0.18924400
v 0.11756300 0.27256800 -0.55006700
v 0.17924200 0.23392500 -0.55822700
v 0.22607000 0.18174600 -0.56425700
v -0.08603600 0.23062100 -0.56425700
v -0.02284200 0.25500500 -0.56425700
v 0.04450900 0.26220300 -0.56425700
v 0.11142900 0.25172300 -0.56425700
v 0.17335500 0.22428100 -0.56425700
v -0.02549900 0.26598600 -0.55822700
v 0.04504000 0.28392500 -0.55006700
v 0.11461900 0.26256200 -0.55822700
v 0.04478500 0.27349800 -0.55822700
v -0.03941300 -0.26079200 0.08073200
v -0.04310800 -0.27334500 0.05619900
v 0.03145600 -0.27189000 0.08073200
v 0.03113600 -0.28497100 0.05619900
v 0.10278300 -0.26426700 0.08073200
v 0.10586000 -0.27698500 0.05619900
v -0.04607500 -0.28342700 0.02975500
v 0.03088000 -0.29547800 0.02975500
v -0.11181300 -0.24289900 0.05619900
v -0.10499500 -0.23173000 0.08073200
v -0.03505200 -0.24597400 0.10295700
v 0.03183300 -0.25644800 0.10295700
v 0.16970600 -0.23844400 0.08073200
v 0.17597000 -0.24993200 0.05619900
v 0.10833100 -0.28720100 0.02975500
v 0.09915100 -0.24925400 0.10295700
v -0.04826700 -0.29087500 0.00183300
v 0.03069000 -0.30323900 0.00183300
v -0.11728800 -0.25187000 0.02975500
v -0.17029700 -0.19570800 0.05619900
v -0.16082100 -0.18668400 0.08073200
v -0.09694700 -0.21854500 0.10295700
v -0.03009500 -0.22913100 0.12251000
v 0.03226200 -0.23889600 0.12251000
v 0.22766600 -0.19617900 0.08073200
v 0.23668900 -0.20565500 0.05619900
v 0.18100100 -0.25916000 0.02975500
v 0.16231200 -0.22488200 0.10295700
v 0.11015700 -0.29474700 0.00183300
v 0.09502200 -0.23218900 0.12251000
v -0.04964800 -0.29556700 -0.02711400
v 0.03057000 -0.30812900 -0.02711400
v -0.12133300 -0.25849600 0.00183300
v -0.17790800 -0.20295600 0.02975500
v -0.20308600 -0.12872500 0.08073200
v -0.21457400 -0.13498900 0.05619900
v -0.14963500 -0.17603200 0.10295700
v -0.08780000 -0.20355900 0.12251000
v -0.02462300 -0.21053800 0.13907300
v 0.03273600 -0.21952000 0.13907300
v 0.27271100 -0.14035300 0.08073200
v 0.28388000 -0.14717100 0.05619900
v 0.24393700 -0.21326600 0.02975500
v 0.21701300 -0.18499300 0.10295700
v 0.18471700 -0.26597600 0.00183300
v 0.15390700 -0.20946700 0.12251000
v 0.11130700 -0.29950100 -0.02711400
v 0.09046500 -0.21335100 0.13907300
v -0.05019600 -0.29742700 -0.05661300
v 0.03052300 -0.31006800 -0.05661300
v -0.12388200 -0.26267100 -0.02711400
v -0.18353000 -0.20831000 0.00183300
v -0.22380200 -0.14002000 0.02975500
v -0.22890900 -0.06180200 0.08073200
v -0.24162700 -0.06487800 0.05619900
v -0.18952300 -0.12133100 0.10295700
v -0.13692000 -0.16392400 0.12251000
v -0.07770200 -0.18701600 0.13907300
v -0.01872400 -0.19049800 0.15237700
v 0.03324600 -0.19863600 0.15237700
v 0.30177300 -0.07477100 0.08073200
v 0.31432600 -0.07846600 0.05619900
v 0.29285100 -0.15264700 0.02975500
v 0.25952600 -0.13230500 0.10295700
v 0.24929100 -0.21888800 0.00183300
v 0.20490500 -0.17227800 0.12251000
v 0.18705900 -0.27027100 -0.02711400
v 0.14463000 -0.19245000 0.13907300
v 0.11176200 -0.30138600 -0.05661300
v 0.08555200 -0.19304600 0.15237700
v -0.05019600 -0.29742700 -0.05661300
v -0.05019600 -0.29742700 -0.45467400
v 0.03052300 -0.31006800 -0.05661300
v 0.03052300 -0.31006800 -0.45467400
v -0.12489200 -0.26432600 -0.05661300
v -0.18707200 -0.21168300 -0.02711400
v -0.23061800 -0.14373600 0.00183300
v -0.25184300 -0.06735000 0.02975500
v -0.23653200 0.00952500 0.08073200
v -0.24961300 0.00984500 0.05619900
v -0.21389500 -0.05816900 0.10295700
v -0.17410900 -0.11292600 0.12251000
v -0.12288500 -0.15055800 0.13907300
v -0.06681800 -0.16918500 0.15237700
v -0.01695200 -0.18447600 0.15609700
v -0.01872400 -0.19049800 0.15237700
v 0.03340000 -0.19236000 0.15609700
v 0.03324600 -0.19863600 0.15237700
v 0.31287100 -0.00390200 0.08073200
v 0.32595200 -0.00422200 0.05619900
v 0.32440800 -0.08143300 0.02975500
v 0.28695500 -0.07041000 0.10295700
v 0.29947800 -0.15669200 0.00183300
v 0.24454100 -0.12315800 0.12251000
v 0.25266400 -0.22243000 -0.02711400
v 0.19153900 -0.15824300 0.13907300
v 0.18798700 -0.27197300 -0.05661300
v 0.13463000 -0.17410900 0.15237700
v 0.11176200 -0.30138600 -0.05661300
v 0.11176200 -0.30138600 -0.45467400
v 0.08407600 -0.18694500 0.15609700
v 0.08555200 -0.19304600 0.15237700
v -0.05019600 -0.29742700 -0.45467400
v -0.05041900 -0.29818700 -0.47016200
v 0.03052300 -0.31006800 -0.45467400
v 0.03050400 -0.31085900 -0.47016200
v -0.12489200 -0.26432600 -0.05661300
v -0.12489200 -0.26432600 -0.45467400
v -0.18847600 -0.21302000 -0.05661300
v -0.23491300 -0.14607800 -0.02711400
v -0.25938900 -0.06917500 0.00183300
v -0.26012000 0.01010200 0.02975500
v -0.22543400 0.08039400 0.08073200
v -0.23798700 0.08408900 0.05619900
v -0.22108900 0.00914800 0.10295700
v -0.19683100 -0.05404100 0.12251000
v -0.15709200 -0.10364800 0.13907300
v -0.10775700 -0.13615200 0.15237700
v -0.06354700 -0.16382700 0.15609700
v -0.06681800 -0.16918500 0.15237700
v -0.01524300 -0.17866900 0.16037300
v 0.03354800 -0.18631000 0.16037300
v 0.30524800 0.06742500 0.08073200
v 0.31796700 0.07050100 0.05619900
v 0.33645900 -0.00447900 0.02975500
v 0.29742900 -0.00352500 0.10295700
v 0.33185600 -0.08362500 0.00183300
v 0.27011200 -0.06545300 0.12251000
v 0.30365200 -0.15924000 -0.02711400
v 0.22799700 -0.11306000 0.13907300
v 0.25400100 -0.22383400 -0.05661300
v 0.17713300 -0.14311500 0.15237700
v 0.18798700 -0.27197300 -0.05661300
v 0.18798700 -0.27197300 -0.45467400
v 0.13162500 -0.16859700 0.15609700
v 0.13463000 -0.17410900 0.15237700
v 0.11176200 -0.30138600 -0.45467400
v 0.11194900 -0.30215500 -0.47016200
v 0.08265300 -0.18106200 0.16037300
v -0.05010800 -0.29713100 -0.48562000
v 0.03053100 -0.30975800 -0.48562000
v -0.12530500 -0.26500200 -0.47016200
v -0.12489200 -0.26432600 -0.45467400
v -0.18847600 -0.21302000 -0.05661300
v -0.18847600 -0.21302000 -0.45467400
v -0.23661500 -0.14700600 -0.05661300
v -0.26414300 -0.07032500 -0.02711400
v -0.26788100 0.01029100 0.00183300
v -0.24806900 0.08705600 0.02975500
v -0.19637200 0.14597600 0.08073200
v -0.20754100 0.15279400 0.05619900
v -0.21061500 0.07603300 0.10295700
v -0.20353700 0.00871900 0.12251000
v -0.17799200 -0.04948400 0.13907300
v -0.13875100 -0.09364800 0.15237700
v -0.10321000 -0.13182300 0.15609700
v -0.10775700 -0.13615200 0.15237700
v -0.06039400 -0.15866100 0.16037300
v -0.01360700 -0.17310900 0.16518400
v 0.03368900 -0.18051500 0.16518400
v 0.27942500 0.13434800 0.08073200
v 0.29091300 0.14061100 0.05619900
v 0.32818200 0.07297300 0.02975500
v 0.29023500 0.06379200 0.10295700
v 0.34422100 -0.00466800 0.00183300
v 0.27987700 -0.00309600 0.12251000
v 0.33654800 -0.08500600 -0.02711400
v 0.25151900 -0.05998100 0.13907300
v 0.30530700 -0.16025000 -0.05661300
v 0.21016700 -0.10217600 0.15237700
v 0.25400100 -0.22383400 -0.05661300
v 0.25400100 -0.22383400 -0.45467400
v 0.17280400 -0.13856900 0.15609700
v 0.17713300 -0.14311500 0.15237700
v 0.18798700 -0.27197300 -0.45467400
v 0.18836600 -0.27266800 -0.47016200
v 0.12872700 -0.16328400 0.16037300
v 0.11169000 -0.30108500 -0.48562000
v 0.08129000 -0.17542800 0.16518400
v -0.04927000 -0.29428400 -0.50067900
v 0.03060300 -0.30679100 -0.50067900
v -0.12473100 -0.26406200 -0.48562000
v -0.18905000 -0.21356600 -0.47016200
v -0.18847600 -0.21302000 -0.45467400
v -0.23661500 -0.14700600 -0.05661300
v -0.23661500 -0.14700600 -0.45467400
v -0.26602700 -0.07078100 -0.05661300
v -0.27277100 0.01041100 -0.02711400
v -0.25551700 0.08924800 0.00183300
v -0.21651100 0.15827000 0.02975500
v -0.15132600 0.20180200 0.08073200
v -0.16035000 0.21127800 0.05619900
v -0.18318700 0.13792800 0.10295700
v -0.19377300 0.07107600 0.12251000
v -0.18416200 0.00824500 0.13907300
v -0.15768800 -0.04457100 0.15237700
v -0.13323900 -0.09064400 0.15609700
v -0.13875100 -0.09364800 0.15237700
v -0.09882800 -0.12764900 0.16037300
v -0.05737400 -0.15371400 0.16518400
v -0.01205100 -0.16782200 0.17050500
v 0.03382400 -0.17500500 0.17050500
v 0.23716000 0.19230700 0.08073200
v 0.24663600 0.20133100 0.05619900
v 0.30014100 0.14564300 0.02975500
v 0.26586300 0.12695400 0.10295700
v 0.33572800 0.07479800 0.00183300
v 0.27317000 0.05966400 0.12251000
v 0.34911000 -0.00478800 -0.02711400
v 0.26050100 -0.00262200 0.13907300
v 0.33840800 -0.08555400 -0.05661300
v 0.23147900 -0.05408300 0.15237700
v 0.30530700 -0.16025000 -0.05661300
v 0.30530700 -0.16025000 -0.45467400
v 0.20480800 -0.09890500 0.15609700
v 0.21016700 -0.10217600 0.15237700
v 0.25400100 -0.22383400 -0.45467400
v 0.25454800 -0.22440800 -0.47016200
v 0.16863000 -0.13418600 0.16037300
v 0.18783900 -0.27170100 -0.48562000
v 0.12595300 -0.15819400 0.16518400
v 0.11099200 -0.29820000 -0.50067900
v 0.07999400 -0.17007100 0.17050500
v -0.04792500 -0.28971400 -0.51498100
v 0.03071900 -0.30202900 -0.51498100
v -0.12318500 -0.26152900 -0.50067900
v -0.18825200 -0.21280700 -0.48562000
v -0.23661500 -0.14700600 -0.45467400
v -0.23731000 -0.14738500 -0.47016200
v -0.26602700 -0.07078100 -0.05661300
v -0.26602700 -0.07078100 -0.45467400
v -0.27470900 0.01045800 -0.05661300
v -0.26020900 0.09062900 -0.02711400
v -0.22313800 0.16231500 0.00183300
v -0.16759800 0.21888900 0.02975500
v -0.09963000 0.25555500 0.05619900
v -0.09336700 0.24406700 0.08073200
v -0.14067400 0.19061600 0.10295700
v -0.16820100 0.12878100 0.12251000
v -0.17518000 0.06560400 0.13907300
v -0.16327800 0.00773500 0.15237700
v -0.15158600 -0.04309500 0.15609700
v -0.15768800 -0.04457100 0.15237700
v -0.12792500 -0.08774600 0.16037300
v -0.09463000 -0.12365200 0.16518400
v -0.05450200 -0.14900900 0.17050500
v -0.01058300 -0.16283500 0.17630800
v 0.03395100 -0.16980900 0.17630800
v 0.18133500 0.23735300 0.08073200
v 0.18815200 0.24852200 0.05619900
v 0.25424700 0.20857900 0.02975500
v 0.22597400 0.18165500 0.10295700
v 0.30695700 0.14935900 0.00183300
v 0.25044800 0.11854900 0.12251000
v 0.34048200 0.07594800 -0.02711400
v 0.25433200 0.05510700 0.13907300
v 0.35104900 -0.00483500 -0.05661300
v 0.23961700 -0.00211200 0.15237700
v 0.33840800 -0.08555400 -0.05661300
v 0.33840800 -0.08555400 -0.45467400
v 0.22545700 -0.05231000 0.15609700
v 0.23147900 -0.05408300 0.15237700
v 0.30530700 -0.16025000 -0.45467400
v 0.30598300 -0.16066300 -0.47016200
v 0.19964300 -0.09575200 0.16037300
v 0.25378800 -0.22361000 -0.48562000
v 0.16463300 -0.12998800 0.16518400
v 0.18641800 -0.26909600 -0.50067900
v 0.12331400 -0.15335500 0.17050500
v 0.10987200 -0.29357000 -0.51498100
v 0.07877200 -0.16501900 0.17630800
v -0.04610500 -0.28353000 -0.52818300
v 0.03087700 -0.29558500 -0.52818300
v -0.12070300 -0.25746300 -0.51498100
v -0.18610300 -0.21076000 -0.50067900
v -0.23634300 -0.14685800 -0.48562000
v -0.26602700 -0.07078100 -0.45467400
v -0.26679700 -0.07096800 -0.47016200
v -0.27470900 0.01045800 -0.05661300
v -0.27470900 0.01045800 -0.45467400
v -0.26206900 0.09117700 -0.05661300
v -0.22731300 0.16486300 -0.02711400
v -0.17295200 0.22451100 0.00183300
v -0.10466200 0.26478300 0.02975500
v -0.02952000 0.28260800 0.05619900
v -0.02644300 0.26989000 0.08073200
v -0.08597300 0.23050400 0.10295700
v -0.12856600 0.17790100 0.12251000
v -0.15165800 0.11868300 0.13907300
v -0.15513900 0.05970600 0.15237700
v -0.15700200 0.00758100 0.15609700
v -0.16327800 0.00773500 0.15237700
v -0.14570400 -0.04167200 0.16037300
v -0.12283600 -0.08497200 0.16518400
v -0.09063900 -0.11985100 0.17050500
v -0.05179400 -0.14457200 0.17630800
v -0.00921100 -0.15817300 0.18256500
v 0.03407000 -0.16495100 0.18256500
v 0.11575300 0.26641500 0.08073200
v 0.11944700 0.27896800 0.05619900
v 0.19362800 0.25749300 0.02975500
v 0.17328700 0.22416800 0.10295700
v 0.25986900 0.21393300 0.00183300
v 0.21326000 0.16954700 0.12251000
v 0.31125200 0.15170100 -0.02711400
v 0.23343100 0.10927100 0.13907300
v 0.34236700 0.07640400 -0.05661300
v 0.23402700 0.05019400 0.15237700
v 0.35104900 -0.00483500 -0.05661300
v 0.35104900 -0.00483500 -0.45467400
v 0.23334200 -0.00195900 0.15609700
v 0.23961700 -0.00211200 0.15237700
v 0.33840800 -0.08555400 -0.45467400
v 0.33916800 -0.08577700 -0.47016200
v 0.21965100 -0.05060100 0.16037300
v 0.30504300 -0.16008900 -0.48562000
v 0.19469500 -0.09273200 0.16518400
v 0.25174100 -0.22146100 -0.50067900
v 0.16083200 -0.12599700 0.17050500
v 0.18413800 -0.26491300 -0.51498100
v 0.12082600 -0.14879100 0.17630800
v 0.10835600 -0.28730500 -0.52818300
v 0.07762900 -0.16029600 0.18256500
v -0.04385400 -0.27587900 -0.53997200
v 0.03107200 -0.28761200 -0.53997200
v -0.11734400 -0.25196100 -0.52818300
v -0.18265300 -0.20747500 -0.51498100
v -0.23373700 -0.14543700 -0.50067900
v -0.26572700 -0.07070900 -0.48562000
v -0.27470900 0.01045800 -0.45467400
v -0.27550100 0.01047700 -0.47016200
v -0.26206900 0.09117700 -0.05661300
v -0.26206900 0.09117700 -0.45467400
v -0.22896800 0.16587300 -0.05661300
v -0.17632500 0.22805300 -0.02711400
v -0.10837800 0.27159900 0.00183300
v -0.03199100 0.29282400 0.02975500
v 0.04520300 0.29059400 0.05619900
v 0.04488300 0.27751300 0.08073200
v -0.02281100 0.25487600 0.10295700
v -0.07756800 0.21509000 0.12251000
v -0.11520000 0.16386600 0.13907300
v -0.13382700 0.10779900 0.15237700
v -0.14911700 0.05793300 0.15609700
v -0.15513900 0.05970600 0.15237700
v -0.15095200 0.00743300 0.16037300
v -0.14007000 -0.04030900 0.16518400
v -0.11799700 -0.08233300 0.17050500
v -0.08687400 -0.11626600 0.17630800
v -0.04926200 -0.14042500 0.18256500
v -0.00794200 -0.15386200 0.18924400
v 0.03417900 -0.16045800 0.18924400
v 0.12241500 0.28905000 0.02975500
v 0.11139100 0.25159600 0.10295700
v 0.19767300 0.26411900 0.00183300
v 0.16413900 0.20918200 0.12251000
v 0.26341100 0.21730600 -0.02711400
v 0.19922400 0.15618100 0.13907300
v 0.31295400 0.15262900 -0.05661300
v 0.21509000 0.09927100 0.15237700
v 0.34236700 0.07640400 -0.05661300
v 0.34236700 0.07640400 -0.45467400
v 0.23402700 0.05019400 0.15237700
v 0.22792600 0.04871800 0.15609700
v 0.35104900 -0.00483500 -0.45467400
v 0.35184000 -0.00485500 -0.47016200
v 0.22729100 -0.00181100 0.16037300
v 0.33811200 -0.08546600 -0.48562000
v 0.21409000 -0.04896500 0.16518400
v 0.30251000 -0.15854300 -0.50067900
v 0.18999100 -0.08986100 0.17050500
v 0.24845600 -0.21801100 -0.51498100
v 0.15724700 -0.12223200 0.17630800
v 0.18105200 -0.25925400 -0.52818300
v 0.11850000 -0.14452500 0.18256500
v 0.10648100 -0.27955300 -0.53997200
v 0.07657300 -0.15592700 0.18924400
v -0.04122400 -0.26694500 -0.55006700
v 0.03129900 -0.27830200 -0.55006700
v -0.11318900 -0.24515400 -0.53997200
v -0.17798500 -0.20303000 -0.52818300
v -0.22955500 -0.14315700 -0.51498100
v -0.26284200 -0.07001100 -0.50067900
v -0.27440000 0.01045100 -0.48562000
v -0.26206900 0.09117700 -0.45467400
v -0.26282900 0.09140000 -0.47016200
v -0.22896800 0.16587300 -0.05661300
v -0.22896800 0.16587300 -0.45467400
v -0.17766200 0.22945700 -0.05661300
v -0.11071900 0.27589400 -0.02711400
v -0.03381700 0.30037000 0.00183300
v 0.04546000 0.30110100 0.02975500
v 0.04450600 0.26207000 0.10295700
v -0.01868300 0.23781200 0.12251000
v -0.06829000 0.19807300 0.13907300
v -0.10079400 0.14873800 0.15237700
v -0.13382700 0.10779900 0.15237700
v -0.12846900 0.10452800 0.15609700
v -0.14331100 0.05622400 0.16037300
v -0.14515700 0.00729200 0.16518400
v -0.13471300 -0.03901300 0.17050500
v -0.11343300 -0.07984500 0.17630800
v -0.08335500 -0.11291500 0.18256500
v -0.04692000 -0.13658800 0.18924400
v -0.00678200 -0.14992100 0.19631100
v 0.03428000 -0.15635100 0.19631100
v 0.12460700 0.29649800 0.00183300
v 0.10643400 0.23475400 0.12251000
v 0.20022100 0.26829400 -0.02711400
v 0.15404100 0.19263900 0.13907300
v 0.26481600 0.21864300 -0.05661300
v 0.18409600 0.14177500 0.15237700
v 0.31295400 0.15262900 -0.05661300
v 0.31295400 0.15262900 -0.45467400
v 0.21509000 0.09927100 0.15237700
v 0.20957800 0.09626600 0.15609700
v 0.34236700 0.07640400 -0.45467400
v 0.34313600 0.07659000 -0.47016200
v 0.22204300 0.04729500 0.16037300
v 0.35073900 -0.00482800 -0.48562000
v 0.22149600 -0.00166900 0.16518400
v 0.33526500 -0.08462800 -0.50067900
v 0.20880300 -0.04740900 0.17050500
v 0.29844400 -0.15606100 -0.51498100
v 0.18555400 -0.08715200 0.17630800
v 0.24401100 -0.21334300 -0.52818300
v 0.15389600 -0.11871400 0.18256500
v 0.17723500 -0.25225200 -0.53997200
v 0.11634900 -0.14057900 0.18924400
v 0.10429100 -0.27050100 -0.55006700
v 0.07560600 -0.15193400 0.19631100
v -0.03827900 -0.25693900 -0.55822700
v 0.03155400 -0.26787500 -0.55822700
v -0.10833700 -0.23720400 -0.55006700
v -0.17221000 -0.19753000 -0.53997200
v -0.22389600 -0.14007100 -0.52818300
v -0.25821200 -0.06889100 -0.51498100
v -0.27143300 0.01037800 -0.50067900
v -0.26177200 0.09108900 -0.48562000
v -0.22896800 0.16587300 -0.45467400
v -0.22964400 0.16628600 -0.47016200
v -0.17766200 0.22945700 -0.05661300
v -0.17766200 0.22945700 -0.45467400
v -0.11164800 0.27759600 -0.05661300
v -0.03496700 0.30512400 -0.02711400
v 0.04565000 0.30886200 0.00183300
v 0.04407700 0.24451900 0.12251000
v -0.01412500 0.21897400 0.13907300
v -0.05829000 0.17973200 0.15237700
v -0.10079400 0.14873800 0.15237700
v -0.09646500 0.14419200 0.15609700
v -0.12330300 0.10137500 0.16037300
v -0.13775100 0.05458800 0.16518400
v -0.13964700 0.00715700 0.17050500
v -0.12966000 -0.03779100 0.17630800
v -0.10916700 -0.07751900 0.18256500
v -0.08010000 -0.10981600 0.18924400
v -0.04478000 -0.13308200 0.19631100
v -0.00573700 -0.14637100 0.20373000
v 0.03437000 -0.15265200 0.20373000
v 0.12598700 0.30119000 -0.02711400
v 0.10096200 0.21616100 0.13907300
v 0.20123100 0.26994900 -0.05661300
v 0.14315700 0.17480800 0.15237700
v 0.26481600 0.21864300 -0.05661300
v 0.26481600 0.21864300 -0.45467400
v 0.18409600 0.14177500 0.15237700
v 0.17955000 0.13744600 0.15609700
v 0.31295400 0.15262900 -0.45467400
v 0.31364900 0.15300800 -0.47016200
v 0.20426500 0.09336900 0.16037300
v 0.34206600 0.07633200 -0.48562000
v 0.21640900 0.04593200 0.16518400
v 0.34777200 -0.00475500 -0.50067900
v 0.21598600 -0.00153400 0.17050500
v 0.33069500 -0.08328400 -0.51498100
v 0.20381600 -0.04594100 0.17630800
v 0.29294200 -0.15270200 -0.52818300
v 0.18140600 -0.08462100 0.18256500
v 0.23851100 -0.20756800 -0.53997200
v 0.15079700 -0.11545900 0.18924400
v 0.17277600 -0.24407500 -0.55006700
v 0.11438200 -0.13697200 0.19631100
v 0.10183800 -0.26036300 -0.55822700
v 0.07473600 -0.14833800 0.20373000
v -0.03508900 -0.24610000 -0.56425700
v 0.03183000 -0.25658000 -0.56425700
v -0.10290200 -0.22830200 -0.55822700
v -0.16546500 -0.19110700 -0.55006700
v -0.21689400 -0.13625300 -0.53997200
v -0.25194600 -0.06737500 -0.52818300
v -0.26667100 0.01026200 -0.51498100
v -0.25892500 0.09025100 -0.50067900
v -0.22870400 0.16571200 -0.48562000
v -0.17766200 0.22945700 -0.45467400
v -0.17820800 0.23003100 -0.47016200
v -0.11164800 0.27759600 -0.45467400
v -0.11164800 0.27759600 -0.05661300
v -0.03542300 0.30700800 -0.05661300
v 0.04576900 0.31375200 -0.02711400
v 0.04360400 0.22514300 0.13907300
v -0.00921300 0.19866900 0.15237700
v -0.05829000 0.17973200 0.15237700
v -0.05528500 0.17422000 0.15609700
v -0.09229100 0.13980900 0.16037300
v -0.11835600 0.09835500 0.16518400
v -0.13246300 0.05303200 0.17050500
v -0.13445000 0.00703000 0.17630800
v -0.12493800 -0.03664800 0.18256500
v -0.10522000 -0.07536700 0.18924400
v -0.07712600 -0.10698300 0.19631100
v -0.04285200 -0.12992400 0.20373000
v -0.00481300 -0.14323000 0.21146400
v 0.03445000 -0.14937900 0.21146400
v 0.12653500 0.30305000 -0.05661300
v 0.09506400 0.19612000 0.15237700
v 0.20123100 0.26994900 -0.45467400
v 0.20123100 0.26994900 -0.05661300
v 0.14315700 0.17480800 0.15237700
v 0.13988700 0.16945000 0.15609700
v 0.26481600 0.21864300 -0.45467400
v 0.26538900 0.21918900 -0.47016200
v 0.17516700 0.13327200 0.16037300
v 0.31268300 0.15248100 -0.48562000
v 0.19917500 0.09059400 0.16518400
v 0.33918100 0.07563400 -0.50067900
v 0.21105200 0.04463600 0.17050500
v 0.34301000 -0.00463900 -0.51498100
v 0.21079000 -0.00140700 0.17630800
v 0.32451100 -0.08146300 -0.52818300
v 0.19915500 -0.04456900 0.18256500
v 0.28613500 -0.14854700 -0.53997200
v 0.17757000 -0.08227900 0.18924400
v 0.23208800 -0.20082400 -0.55006700
v 0.14796400 -0.11248400 0.19631100
v 0.16778300 -0.23491700 -0.55822700
v 0.11261100 -0.13372300 0.20373000
v 0.09918200 -0.24938200 -0.56425700
v 0.07396700 -0.14515600 0.21146400
v -0.03173000 -0.23468800 -0.56801400
v 0.03212100 -0.24468700 -0.56801400
v -0.09701600 -0.21865800 -0.56425700
v -0.15791200 -0.18391500 -0.55822700
v -0.20871600 -0.13179500 -0.55006700
v -0.24419500 -0.06550000 -0.53997200
v -0.26022700 0.01010400 -0.52818300
v -0.25435500 0.08890600 -0.51498100
v -0.22617100 0.16416600 -0.50067900
v -0.17744900 0.22923300 -0.48562000
v -0.11202700 0.27829100 -0.47016200
v -0.11164800 0.27759600 -0.45467400
v -0.03542300 0.30700800 -0.45467400
v -0.03542300 0.30700800 -0.05661300
v 0.04581600 0.31569100 -0.05661300
v 0.04309300 0.20425900 0.15237700
v -0.00921300 0.19866900 0.15237700
v -0.00773700 0.19256800 0.15609700
v -0.05238800 0.16890600 0.16037300
v -0.08829400 0.13561100 0.16518400
v -0.11365100 0.09548300 0.17050500
v -0.12747600 0.05156400 0.17630800
v -0.12959300 0.00691100 0.18256500
v -0.12056900 -0.03559100 0.18924400
v -0.10161400 -0.07340100 0.19631100
v -0.07444600 -0.10443100 0.20373000
v -0.04114700 -0.12712900 0.21146400
v -0.00401400 -0.14051500 0.21947300
v 0.03451900 -0.14654900 0.21947300
v 0.12653500 0.30305000 -0.45467400
v 0.12653500 0.30305000 -0.05661300
v 0.09506400 0.19612000 0.15237700
v 0.09329100 0.19009800 0.15609700
v 0.20123100 0.26994900 -0.45467400
v 0.20164400 0.27062500 -0.47016200
v 0.13673300 0.16428400 0.16037300
v 0.26459200 0.21843000 -0.48562000
v 0.17096900 0.12927500 0.16518400
v 0.31007700 0.15106000 -0.50067900
v 0.19433600 0.08795600 0.17050500
v 0.33455100 0.07451400 -0.51498100
v 0.20600000 0.04341400 0.17630800
v 0.33656600 -0.00448100 -0.52818300
v 0.20593200 -0.00128900 0.18256500
v 0.31686000 -0.07921200 -0.53997200
v 0.19484300 -0.04330000 0.18924400
v 0.27818500 -0.14369500 -0.55006700
v 0.17406300 -0.08013800 0.19631100
v 0.22489600 -0.19327000 -0.55822700
v 0.14541200 -0.10980400 0.20373000
v 0.16237500 -0.22499800 -0.56425700
v 0.11104300 -0.13084900 0.21146400
v 0.09638400 -0.23781900 -0.56801400
v 0.07330100 -0.14240400 0.21947300
v -0.02828200 -0.22297300 -0.56940800
v 0.03241900 -0.23247800 -0.56940800
v -0.09081800 -0.20850400 -0.56801400
v -0.14973000 -0.17612300 -0.56425700
v -0.19955900 -0.12680200 -0.55822700
v -0.23514300 -0.06331000 -0.55006700
v -0.25225400 0.00990900 -0.53997200
v -0.24817100 0.08708600 -0.52818300
v -0.22210500 0.16168400 -0.51498100
v -0.17540200 0.22708400 -0.50067900
v -0.11149900 0.27732400 -0.48562000
v -0.03560900 0.30777800 -0.47016200
v -0.03542300 0.30700800 -0.45467400
v 0.04581600 0.31569100 -0.45467400
v 0.04581600 0.31569100 -0.05661300
v 0.04309300 0.20425900 0.15237700
v 0.04294000 0.19798300 0.15609700
v -0.00631400 0.18668500 0.16037300
v -0.04961300 0.16381700 0.16518400
v -0.08449300 0.13162000 0.17050500
v -0.10921400 0.09277500 0.17630800
v -0.12281500 0.05019200 0.18256500
v -0.12509900 0.00680200 0.18924400
v -0.11657600 -0.03462500 0.19631100
v -0.09836500 -0.07163000 0.20373000
v -0.07207500 -0.10217300 0.21146400
v -0.03967200 -0.12471300 0.21947300
v -0.00334300 -0.13823800 0.22771600
v 0.03457700 -0.14417600 0.22771600
v 0.12653500 0.30305000 -0.45467400
v 0.12675800 0.30381000 -0.47016200
v 0.09158300 0.18429200 0.16037300
v 0.20107000 0.26968500 -0.48562000
v 0.13371300 0.15933700 0.16518400
v 0.26244200 0.21638300 -0.50067900
v 0.16697800 0.12547400 0.17050500
v 0.30589400 0.14878000 -0.51498100
v 0.18977200 0.08546800 0.17630800
v 0.32828600 0.07299800 -0.52818300
v 0.20127700 0.04227100 0.18256500
v 0.32859300 -0.00428700 -0.53997200
v 0.20143900 -0.00117900 0.18924400
v 0.30792600 -0.07658200 -0.55006700
v 0.19090200 -0.04214000 0.19631100
v 0.26928300 -0.13826100 -0.55822700
v 0.17090500 -0.07821100 0.20373000
v 0.21710400 -0.18508900 -0.56425700
v 0.14315400 -0.10743300 0.21146400
v 0.15668000 -0.21455300 -0.56801400
v 0.10968900 -0.12836300 0.21947300
v 0.09351300 -0.22595000 -0.56940800
v 0.07274300 -0.14009700 0.22771600
v -0.02482800 -0.21123500 -0.56840500
v 0.03271800 -0.22024600 -0.56840500
v -0.08445500 -0.19808000 -0.56940800
v -0.14111500 -0.16791900 -0.56801400
v -0.18964000 -0.12139400 -0.56425700
v -0.22500500 -0.06085700 -0.55822700
v -0.24294300 0.00968200 -0.55006700
v -0.24052100 0.08483500 -0.53997200
v -0.21660300 0.15832500 -0.52818300
v -0.17211700 0.22363400 -0.51498100
v -0.11007900 0.27471900 -0.50067900
v -0.03535000 0.30670800 -0.48562000
v 0.04583600 0.31648200 -0.47016200
v 0.04581600 0.31569100 -0.45467400
v 0.04279200 0.19193300 0.16037300
v -0.00495100 0.18105100 0.16518400
v -0.04697500 0.15897800 0.17050500
v -0.08090800 0.12785500 0.17630800
v -0.10506700 0.09024400 0.18256500
v -0.11850300 0.04892300 0.18924400
v -0.12099200 0.00670100 0.19631100
v -0.11297900 -0.03375500 0.20373000
v -0.09549100 -0.07006200 0.21146400
v -0.07002500 -0.10022100 0.21947300
v -0.03843500 -0.12268700 0.22771600
v 0.04089700 0.11440000 0.22771600
v 0.06968500 0.10989200 0.22771600
v 0.11477500 0.12831000 0.22771600
v 0.14464600 0.10420700 0.22771600
v 0.09632600 0.09808700 0.22771600
v 0.11900300 0.07978800 0.22771600
v 0.16726100 0.07319400 0.22771600
v 0.13617200 0.05624400 0.22771600
v 0.18107800 0.03738500 0.22771600
v 0.14666200 0.02905900 0.22771600
v 0.18515700 -0.00078100 0.22771600
v 0.14975900 0.00008400 0.22771600
v 0.14525000 -0.02870400 0.22771600
v 0.17921900 -0.03870200 0.22771600
v 0.13344500 -0.05534500 0.22771600
v 0.16366800 -0.07379300 0.22771600
v 0.11514700 -0.07802200 0.22771600
v 0.09160200 -0.09519100 0.22771600
v 0.13956500 -0.10366500 0.22771600
v 0.06441700 -0.10568100 0.22771600
v 0.03544300 -0.10877700 0.22771600
v -0.03843500 -0.12268700 0.22771600
v 0.10855200 -0.12628000 0.22771600
v 0.07274300 -0.14009700 0.22771600
v -0.00334300 -0.13823800 0.22771600
v 0.03457700 -0.14417600 0.22771600
v 0.04176200 0.14979900 0.22771600
v 0.00359600 0.14572000 0.22771600
v 0.07968300 0.14386100 0.22771600
v -0.03221300 0.13190300 0.22771600
v 0.01192300 0.11130400 0.22771600
v -0.06322600 0.10928800 0.22771600
v -0.01526300 0.10081400 0.22771600
v -0.03880700 0.08364500 0.22771600
v -0.08732900 0.07941600 0.22771600
v -0.05710600 0.06096800 0.22771600
v -0.10288000 0.04432500 0.22771600
v -0.06891100 0.03432700 0.22771600
v -0.07341900 0.00553900 0.22771600
v -0.10881800 0.00640400 0.22771600
v -0.07032300 -0.02343600 0.22771600
v -0.10473900 -0.03176200 0.22771600
v -0.05983300 -0.05062100 0.22771600
v -0.09092100 -0.06757100 0.22771600
v -0.04266400 -0.07416500 0.22771600
v -0.01998700 -0.09246400 0.22771600
v -0.06830600 -0.09858400 0.22771600
v 0.00665400 -0.10426900 0.22771600
v 0.12644700 0.30275400 -0.48562000
v 0.08994600 0.17873200 0.16518400
v 0.19952400 0.26715200 -0.50067900
v 0.13084200 0.15463200 0.17050500
v 0.25899300 0.21309800 -0.51498100
v 0.16321400 0.12188900 0.17630800
v 0.30023500 0.14569400 -0.52818300
v 0.18550600 0.08314200 0.18256500
v 0.32053500 0.07112300 -0.53997200
v 0.19690800 0.04121400 0.18924400
v 0.31928300 -0.00405900 -0.55006700
v 0.19733200 -0.00107900 0.19631100
v 0.29792000 -0.07363700 -0.55822700
v 0.18735200 -0.04109500 0.20373000
v 0.25963900 -0.13237400 -0.56425700
v 0.16811000 -0.07650500 0.21146400
v 0.20890000 -0.17647300 -0.56801400
v 0.14120200 -0.10538300 0.21947300
v 0.15083500 -0.20383100 -0.56940800
v 0.10855200 -0.12628000 0.22771600
v 0.09063600 -0.21405700 -0.56840500
v -0.02482800 -0.21123500 -0.56840500
v 0.01109700 -0.08917400 -0.15674500
v 0.03271800 -0.22024600 -0.56840500
v 0.03582700 -0.09304700 -0.15674500
v -0.07808000 -0.18763700 -0.56840500
v -0.13227200 -0.15949700 -0.56940800
v -0.17919400 -0.11569900 -0.56801400
v -0.21402400 -0.05820000 -0.56425700
v -0.23251600 0.00942700 -0.55822700
v -0.23158600 0.08220500 -0.55006700
v -0.20979600 0.15417000 -0.53997200
v -0.16767200 0.21896600 -0.52818300
v -0.10779800 0.27053600 -0.51498100
v -0.03465300 0.30382300 -0.50067900
v 0.04580900 0.31538100 -0.48562000
v 0.04265000 0.18613800 0.16518400
v -0.00365500 0.17569400 0.17050500
v -0.04448700 0.15441400 0.17630800
v -0.07755700 0.12433700 0.18256500
v -0.10123000 0.08790200 0.18924400
v -0.11456200 0.04776300 0.19631100
v -0.11729300 0.00661100 0.20373000
v -0.10979700 -0.03298600 0.21146400
v -0.09300500 -0.06870700 0.21947300
v -0.06830600 -0.09858400 0.22771600
v 0.00359600 0.14572000 0.22771600
v 0.04176200 0.14979900 0.22771600
v 0.00303800 0.14802700 0.21947300
v 0.04182000 0.15217200 0.21947300
v 0.07968300 0.14386100 0.22771600
v 0.08035300 0.14613800 0.21947300
v 0.11477500 0.12831000 0.22771600
v 0.11601100 0.13033600 0.21947300
v 0.14464600 0.10420700 0.22771600
v 0.14636400 0.10584400 0.21947300
v 0.16726100 0.07319400 0.22771600
v 0.16934500 0.07433000 0.21947300
v 0.18107800 0.03738500 0.22771600
v 0.18338500 0.03794300 0.21947300
v 0.18515700 -0.00078100 0.22771600
v 0.18753000 -0.00083900 0.21947300
v 0.17921900 -0.03870200 0.22771600
v 0.18149600 -0.03937200 0.21947300
v 0.16366800 -0.07379300 0.22771600
v 0.16569400 -0.07503000 0.21947300
v 0.13956500 -0.10366500 0.22771600
v -0.09092100 -0.06757100 0.22771600
v -0.10473900 -0.03176200 0.22771600
v -0.10704600 -0.03232000 0.21947300
v -0.10881800 0.00640400 0.22771600
v -0.11119100 0.00646200 0.21947300
v -0.10288000 0.04432500 0.22771600
v -0.10515600 0.04499500 0.21947300
v -0.08732900 0.07941600 0.22771600
v -0.08935500 0.08065300 0.21947300
v -0.06322600 0.10928800 0.22771600
v -0.06486300 0.11100600 0.21947300
v -0.03334900 0.13398600 0.21947300
v -0.03221300 0.13190300 0.22771600
v 0.12561000 0.29990600 -0.50067900
v 0.08839000 0.17344400 0.17050500
v 0.19704200 0.26308600 -0.51498100
v 0.12813300 0.15019500 0.17630800
v 0.25432400 0.20865300 -0.52818300
v 0.15969500 0.11853800 0.18256500
v 0.29323300 0.14187600 -0.53997200
v 0.18156000 0.08099000 0.18924400
v 0.31148200 0.06893200 -0.55006700
v 0.19291500 0.04024800 0.19631100
v 0.30885600 -0.00380400 -0.55822700
v 0.19363300 -0.00098800 0.20373000
v 0.28708200 -0.07044700 -0.56425700
v 0.18421100 -0.04017100 0.21146400
v 0.24948500 -0.12617600 -0.56801400
v 0.20047900 -0.16763000 -0.56940800
v 0.14497700 -0.19308800 -0.56840500
v 0.06071700 -0.09038700 -0.15674500
v 0.09063600 -0.21405700 -0.56840500
v 0.01109700 -0.08917400 -0.15674500
v 0.02700500 -0.03512400 0.60365700
v 0.03582700 -0.09304700 -0.15674500
v 0.03720400 -0.03672200 0.60365700
v -0.07808000 -0.18763700 -0.56840500
v -0.01178800 -0.07903300 -0.15674500
v 0.04362100 0.22586900 -0.56840500
v -0.01429600 0.21968000 -0.56840500
v 0.10116700 0.21685800 -0.56840500
v 0.15442000 0.19326000 -0.56840500
v -0.06863800 0.19871100 -0.56840500
v 0.19975000 0.15668200 -0.56840500
v -0.11570100 0.16439200 -0.56840500
v 0.23406900 0.10961900 -0.56840500
v -0.15227800 0.11906200 -0.56840500
v -0.17587700 0.06580900 -0.56840500
v 0.25503800 0.05527700 -0.56840500
v -0.18488800 0.00826300 -0.56840500
v 0.26122800 -0.00264000 -0.56840500
v -0.17869900 -0.04965400 -0.56840500
v 0.25221600 -0.06018600 -0.56840500
v -0.15773000 -0.10399600 -0.56840500
v 0.22861800 -0.11343900 -0.56840500
v -0.12341100 -0.15105900 -0.56840500
v 0.19204100 -0.15876900 -0.56840500
v -0.07808000 -0.18763700 -0.56840500
v 0.14497700 -0.19308800 -0.56840500
v -0.02482800 -0.21123500 -0.56840500
v 0.09063600 -0.21405700 -0.56840500
v 0.03271800 -0.22024600 -0.56840500
v -0.12341100 -0.15105900 -0.56840500
v -0.16847300 -0.10985300 -0.56940800
v -0.20246100 -0.05540300 -0.56801400
v -0.22122200 0.00915100 -0.56425700
v -0.22158100 0.07926000 -0.55822700
v -0.20184600 0.14931800 -0.55006700
v -0.16217200 0.21319100 -0.53997200
v -0.10471300 0.26487700 -0.52818300
v -0.03353300 0.29919300 -0.51498100
v 0.04573600 0.31241400 -0.50067900
v 0.04251600 0.18062800 0.17050500
v -0.00243300 0.17064100 0.17630800
v -0.04216100 0.15014800 0.18256500
v -0.07445700 0.12108200 0.18924400
v -0.09772400 0.08576100 0.19631100
v -0.11101300 0.04671800 0.20373000
v -0.11402000 0.00653100 0.21146400
v 0.00237300 0.15077900 0.21146400
v 0.04188900 0.15500200 0.21146400
v 0.08115200 0.14885300 0.21146400
v 0.11748600 0.13275200 0.21146400
v 0.14841400 0.10779600 0.21146400
v 0.17183000 0.07568500 0.21146400
v 0.18613700 0.03860800 0.21146400
v 0.19036000 -0.00090800 0.21146400
v -0.10787200 0.04579400 0.21146400
v -0.09177100 0.08212800 0.21146400
v -0.06681500 0.11305600 0.21146400
v -0.03470400 0.13647200 0.21146400
v 0.12426500 0.29533600 -0.51498100
v 0.08692200 0.16845800 0.17630800
v 0.19368400 0.25758400 -0.52818300
v 0.12560200 0.14604800 0.18256500
v 0.24854900 0.20315300 -0.53997200
v 0.15644000 0.11543800 0.18924400
v 0.28505600 0.13741800 -0.55006700
v 0.17795300 0.07902400 0.19631100
v 0.30134400 0.06648000 -0.55822700
v 0.18931900 0.03937800 0.20373000
v 0.29756100 -0.00352800 -0.56425700
v 0.27566900 -0.06708800 -0.56801400
v 0.23906200 -0.11981400 -0.56940800
v 0.19204100 -0.15876900 -0.56840500
v 0.08407000 -0.08137600 -0.15674500
v 0.14497700 -0.19308800 -0.56840500
v 0.04746800 -0.03562500 0.60365700
v 0.06071700 -0.09038700 -0.15674500
v 0.03817000 0.00281100 0.70266300
v 0.03720400 -0.03672200 0.60365700
v 0.02700500 -0.03512400 0.60365700
v -0.01178800 -0.07903300 -0.15674500
v 0.01756600 -0.03094200 0.60365700
v -0.12341100 -0.15105900 -0.56840500
v -0.03126900 -0.06331400 -0.15674500
v -0.04601800 -0.04308900 -0.15674500
v -0.15773000 -0.10399600 -0.56840500
v -0.05502900 -0.01973600 -0.15674500
v -0.17869900 -0.04965400 -0.56840500
v -0.05768900 0.00515400 -0.15674500
v -0.18488800 0.00826300 -0.56840500
v -0.05381600 0.02988400 -0.15674500
v -0.17587700 0.06580900 -0.56840500
v -0.04367500 0.05277000 -0.15674500
v -0.15227800 0.11906200 -0.56840500
v -0.02795600 0.07225000 -0.15674500
v -0.11570100 0.16439200 -0.56840500
v -0.06863800 0.19871100 -0.56840500
v -0.00773100 0.08699900 -0.15674500
v -0.01429600 0.21968000 -0.56840500
v 0.01562300 0.09601000 -0.15674500
v 0.04362100 0.22586900 -0.56840500
v 0.04051300 0.09867000 -0.15674500
v 0.06524300 0.09479700 -0.15674500
v 0.10116700 0.21685800 -0.56840500
v 0.08812800 0.08465600 -0.15674500
v 0.15442000 0.19326000 -0.56840500
v 0.10760800 0.06893700 -0.15674500
v 0.19975000 0.15668200 -0.56840500
v 0.12235700 0.04871200 -0.15674500
v 0.23406900 0.10961900 -0.56840500
v 0.13136800 0.02535800 -0.15674500
v 0.25503800 0.05527700 -0.56840500
v 0.13402800 0.00046900 -0.15674500
v 0.26122800 -0.00264000 -0.56840500
v 0.13015500 -0.02426200 -0.15674500
v 0.25221600 -0.06018600 -0.56840500
v 0.12001400 -0.04714700 -0.15674500
v 0.22861800 -0.11343900 -0.56840500
v 0.10429500 -0.06662700 -0.15674500
v 0.19204100 -0.15876900 -0.56840500
v -0.15773000 -0.10399600 -0.56840500
v -0.19059100 -0.05253100 -0.56940800
v -0.20932800 0.00886000 -0.56801400
v -0.21074200 0.07607000 -0.56425700
v -0.19294300 0.14388400 -0.55822700
v -0.15574900 0.20644600 -0.55006700
v -0.10089500 0.25787500 -0.53997200
v -0.03201700 0.29292700 -0.52818300
v 0.04562000 0.30765200 -0.51498100
v 0.04238900 0.17543100 0.17630800
v -0.00129000 0.16591900 0.18256500
v -0.04000900 0.14620200 0.18924400
v -0.07162400 0.11810700 0.19631100
v -0.09456600 0.08383400 0.20373000
v 0.00160300 0.15396000 0.20373000
v 0.04196900 0.15827500 0.20373000
v 0.08207600 0.15199400 0.20373000
v 0.11919200 0.13554700 0.20373000
v 0.15078500 0.11005400 0.20373000
v 0.17470400 0.07725300 0.20373000
v -0.06907300 0.11542700 0.20373000
v -0.03627100 0.13934600 0.20373000
v 0.12244500 0.28915200 -0.52818300
v 0.08555000 0.16379600 0.18256500
v 0.18952900 0.25077700 -0.53997200
v 0.12326000 0.14221100 0.18924400
v 0.24180500 0.19673000 -0.55006700
v 0.15346500 0.11260600 0.19631100
v 0.27589800 0.13242500 -0.55822700
v 0.29036300 0.06382300 -0.56425700
v 0.28566800 -0.00323700 -0.56801400
v 0.26395400 -0.06364100 -0.56940800
v 0.22861800 -0.11343900 -0.56840500
v 0.05709900 -0.03190800 0.60365700
v 0.08407000 -0.08137600 -0.15674500
v 0.03817000 0.00281100 0.70266300
v 0.04746800 -0.03562500 0.60365700
v 0.03817000 0.00281100 0.70266300
v 0.01756600 -0.03094200 0.60365700
v -0.03126900 -0.06331400 -0.15674500
v 0.00953200 -0.02445900 0.60365700
v 0.00345000 -0.01611800 0.60365700
v -0.04601800 -0.04308900 -0.15674500
v -0.00026600 -0.00648700 0.60365700
v -0.05502900 -0.01973600 -0.15674500
v -0.17869900 -0.04965400 -0.56840500
v -0.00136300 0.00377800 0.60365700
v -0.05768900 0.00515400 -0.15674500
v -0.18488800 0.00826300 -0.56840500
v -0.19712000 0.00856200 -0.56940800
v 0.00023400 0.01397700 0.60365700
v -0.05381600 0.02988400 -0.15674500
v -0.18761500 0.06926300 -0.56940800
v -0.17587700 0.06580900 -0.56840500
v 0.00441600 0.02341500 0.60365700
v -0.04367500 0.05277000 -0.15674500
v -0.16272200 0.12543600 -0.56940800
v -0.15227800 0.11906200 -0.56840500
v 0.01089900 0.03144900 0.60365700
v -0.02795600 0.07225000 -0.15674500
v -0.12413900 0.17325300 -0.56940800
v -0.11570100 0.16439200 -0.56840500
v -0.00773100 0.08699900 -0.15674500
v 0.01924000 0.03753100 0.60365700
v -0.07449500 0.20945400 -0.56940800
v -0.06863800 0.19871100 -0.56840500
v 0.01562300 0.09601000 -0.15674500
v 0.02887100 0.04124700 0.60365700
v -0.01717300 0.23157200 -0.56940800
v -0.01429600 0.21968000 -0.56840500
v 0.03913600 0.04234400 0.60365700
v 0.04051300 0.09867000 -0.15674500
v 0.04392000 0.23810100 -0.56940800
v 0.04362100 0.22586900 -0.56840500
v 0.04933500 0.04074700 0.60365700
v 0.06524300 0.09479700 -0.15674500
v 0.10462200 0.22859600 -0.56940800
v 0.10116700 0.21685800 -0.56840500
v 0.05877300 0.03656500 0.60365700
v 0.08812800 0.08465600 -0.15674500
v 0.16079500 0.20370300 -0.56940800
v 0.15442000 0.19326000 -0.56840500
v 0.06680700 0.03008200 0.60365700
v 0.10760800 0.06893700 -0.15674500
v 0.20861100 0.16512000 -0.56940800
v 0.19975000 0.15668200 -0.56840500
v 0.07288900 0.02174100 0.60365700
v 0.12235700 0.04871200 -0.15674500
v 0.24481200 0.11547600 -0.56940800
v 0.23406900 0.10961900 -0.56840500
v 0.07660600 0.01211000 0.60365700
v 0.13136800 0.02535800 -0.15674500
v 0.26693100 0.05815400 -0.56940800
v 0.25503800 0.05527700 -0.56840500
v 0.07770300 0.00184500 0.60365700
v 0.13402800 0.00046900 -0.15674500
v 0.26122800 -0.00264000 -0.56840500
v 0.27346000 -0.00293900 -0.56940800
v 0.07610600 -0.00835400 0.60365700
v 0.13015500 -0.02426200 -0.15674500
v 0.25221600 -0.06018600 -0.56840500
v 0.07192300 -0.01779200 0.60365700
v 0.12001400 -0.04714700 -0.15674500
v 0.06544100 -0.02582600 0.60365700
v 0.10429500 -0.06662700 -0.15674500
v -0.19932900 0.07271100 -0.56801400
v -0.18330000 0.13799700 -0.56425700
v -0.14855600 0.19889300 -0.55822700
v -0.09643700 0.24969800 -0.55006700
v -0.03014200 0.28517600 -0.53997200
v 0.04546300 0.30120800 -0.52818300
v 0.04227000 0.17057400 0.18256500
v -0.00023300 0.16155000 0.18924400
v -0.03804300 0.14259500 0.19631100
v 0.00073300 0.15755700 0.19631100
v 0.04206000 0.16197400 0.19631100
v 0.08312100 0.15554400 0.19631100
v 0.12112000 0.13870500 0.19631100
v 0.12019300 0.28150200 -0.53997200
v 0.08428100 0.15948400 0.18924400
v 0.18467600 0.24282700 -0.55006700
v 0.23425100 0.18953700 -0.55822700
v 0.26597900 0.12701700 -0.56425700
v 0.27880000 0.06102600 -0.56801400
v 0.05709900 -0.03190800 0.60365700
v 0.03817000 0.00281100 0.70266300
v 0.03817000 0.00281100 0.70266300
v 0.00953200 -0.02445900 0.60365700
v 0.00345000 -0.01611800 0.60365700
v 0.03817000 0.00281100 0.70266300
v -0.00026600 -0.00648700 0.60365700
v 0.03817000 0.00281100 0.70266300
v -0.00136300 0.00377800 0.60365700
v 0.03817000 0.00281100 0.70266300
v 0.00023400 0.01397700 0.60365700
v 0.03817000 0.00281100 0.70266300
v 0.00441600 0.02341500 0.60365700
v 0.03817000 0.00281100 0.70266300
v -0.17314500 0.13179900 -0.56801400
v 0.01089900 0.03144900 0.60365700
v 0.03817000 0.00281100 0.70266300
v -0.13256100 0.18209600 -0.56801400
v 0.01924000 0.03753100 0.60365700
v 0.03817000 0.00281100 0.70266300
v -0.08034100 0.22017500 -0.56801400
v 0.02887100 0.04124700 0.60365700
v 0.03817000 0.00281100 0.70266300
v -0.02004500 0.24344200 -0.56801400
v 0.03913600 0.04234400 0.60365700
v 0.03817000 0.00281100 0.70266300
v 0.04421900 0.25031000 -0.56801400
v 0.04933500 0.04074700 0.60365700
v 0.03817000 0.00281100 0.70266300
v 0.10807000 0.24031100 -0.56801400
v 0.05877300 0.03656500 0.60365700
v 0.03817000 0.00281100 0.70266300
v 0.16715700 0.21412700 -0.56801400
v 0.06680700 0.03008200 0.60365700
v 0.03817000 0.00281100 0.70266300
v 0.21745400 0.17354200 -0.56801400
v 0.07288900 0.02174100 0.60365700
v 0.03817000 0.00281100 0.70266300
v 0.25553400 0.12132200 -0.56801400
v 0.07660600 0.01211000 0.60365700
v 0.03817000 0.00281100 0.70266300
v 0.07770300 0.00184500 0.60365700
v 0.03817000 0.00281100 0.70266300
v 0.07610600 -0.00835400 0.60365700
v 0.03817000 0.00281100 0.70266300
v 0.07192300 -0.01779200 0.60365700
v 0.03817000 0.00281100 0.70266300
v 0.06544100 -0.02582600 0.60365700
v 0.03817000 0.00281100 0.70266300
v 0.03817000 0.00281100 0.70266300
v -0.14076500 0.19071100 -0.56425700
v -0.09144400 0.24054000 -0.55822700
v -0.02795100 0.27612400 -0.55006700
v 0.04526800 0.29323500 -0.53997200
v 0.04216000 0.16608000 0.18924400
v 0.11756300 0.27256800 -0.55006700
v 0.17924200 0.23392500 -0.55822700
v 0.22607000 0.18174600 -0.56425700
v -0.08603600 0.23062100 -0.56425700
v -0.02284200 0.25500500 -0.56425700
v 0.04450900 0.26220300 -0.56425700
v 0.11142900 0.25172300 -0.56425700
v 0.17335500 0.22428100 -0.56425700
v -0.02549900 0.26598600 -0.55822700
v 0.04504000 0.28392500 -0.55006700
v 0.11461900 0.26256200 -0.55822700
v 0.04478500 0.27349800 -0.55822700
v 0.13956500 -0.10366500 0.36277200
v 0.16366800 -0.07379300 0.23482400
v 0.13956500 -0.10366500 0.23482400
v 0.16366800 -0.07379300 0.36277200
v 0.17921900 -0.03870200 0.23482400
v 0.17921900 -0.03870200 0.36277200
v 0.07274300 -0.14009700 0.23482400
v -0.00334300 -0.13823800 0.23482400
v 0.03457700 -0.14417600 0.23482400
v 0.10855200 -0.12628000 0.23482400
v -0.03843500 -0.12268700 0.23482400
v 0.13956500 -0.10366500 0.23482400
v 0.03544300 -0.10877700 0.23482400
v 0.06441700 -0.10568100 0.23482400
v 0.09160200 -0.09519100 0.23482400
v 0.16366800 -0.07379300 0.23482400
v 0.11514700 -0.07802200 0.23482400
v 0.13344500 -0.05534500 0.23482400
v 0.17921900 -0.03870200 0.23482400
v 0.14525000 -0.02870400 0.23482400
v 0.18515700 -0.00078100 0.23482400
v 0.14975900 0.00008400 0.23482400
v 0.18107800 0.03738500 0.23482400
v 0.14666200 0.02905900 0.23482400
v 0.13617200 0.05624400 0.23482400
v 0.16726100 0.07319400 0.23482400
v 0.11900300 0.07978800 0.23482400
v 0.14464600 0.10420700 0.23482400
v 0.09632600 0.09808700 0.23482400
v 0.06968500 0.10989200 0.23482400
v 0.11477500 0.12831000 0.23482400
v 0.04089700 0.11440000 0.23482400
v -0.06830600 -0.09858400 0.23482400
v 0.00665400 -0.10426900 0.23482400
v -0.01998700 -0.09246400 0.23482400
v -0.09092100 -0.06757100 0.23482400
v -0.04266400 -0.07416500 0.23482400
v -0.05983300 -0.05062100 0.23482400
v -0.10473900 -0.03176200 0.23482400
v -0.07032300 -0.02343600 0.23482400
v -0.10881800 0.00640400 0.23482400
v -0.07341900 0.00553900 0.23482400
v -0.10288000 0.04432500 0.23482400
v -0.06891100 0.03432700 0.23482400
v -0.05710600 0.06096800 0.23482400
v -0.08732900 0.07941600 0.23482400
v -0.03880700 0.08364500 0.23482400
v -0.06322600 0.10928800 0.23482400
v -0.01526300 0.10081400 0.23482400
v 0.01192300 0.11130400 0.23482400
v -0.03221300 0.13190300 0.23482400
v 0.07968300 0.14386100 0.23482400
v 0.00359600 0.14572000 0.23482400
v 0.04176200 0.14979900 0.23482400
v 0.10855200 -0.12628000 0.23482400
v 0.10855200 -0.12628000 0.36277200
v -0.03843500 -0.12268700 0.36277200
v 0.00299800 -0.11669000 0.36277200
v 0.03512600 -0.12172100 0.36277200
v -0.06830600 -0.09858400 0.36277200
v -0.02673200 -0.10351500 0.36277200
v -0.05204000 -0.08309400 0.36277200
v -0.09092100 -0.06757100 0.36277200
v -0.07120000 -0.05681900 0.36277200
v -0.10473900 -0.03176200 0.36277200
v -0.08290700 -0.02648000 0.36277200
v -0.10881800 0.00640400 0.36277200
v -0.08636300 0.00585500 0.36277200
v -0.10288000 0.04432500 0.36277200
v -0.08133100 0.03798300 0.36277200
v -0.06815700 0.06771300 0.36277200
v -0.08732900 0.07941600 0.36277200
v -0.04773600 0.09302100 0.36277200
v -0.06322600 0.10928800 0.36277200
v -0.02146100 0.11218100 0.36277200
v -0.03221300 0.13190300 0.36277200
v 0.00887800 0.12388800 0.36277200
v 0.04121300 0.12734400 0.36277200
v 0.11477500 0.12831000 0.36277200
v 0.07968300 0.14386100 0.36277200
v 0.00359600 0.14572000 0.36277200
v 0.04176200 0.14979900 0.36277200
v -0.00334300 -0.13823800 0.36277200
v 0.07274300 -0.14009700 0.36277200
v 0.03457700 -0.14417600 0.36277200
v 0.10855200 -0.12628000 0.36277200
v 0.06746100 -0.11826500 0.36277200
v 0.13956500 -0.10366500 0.36277200
v 0.09780000 -0.10655800 0.36277200
v 0.12407500 -0.08739800 0.36277200
v 0.16366800 -0.07379300 0.36277200
v 0.14449600 -0.06209100 0.36277200
v 0.17921900 -0.03870200 0.36277200
v 0.15767100 -0.03236000 0.36277200
v 0.18515700 -0.00078100 0.36277200
v 0.16270200 -0.00023200 0.36277200
v 0.15924600 0.03210300 0.36277200
v 0.18107800 0.03738500 0.36277200
v 0.14754000 0.06244200 0.36277200
v 0.16726100 0.07319400 0.36277200
v 0.12837900 0.08871700 0.36277200
v 0.14464600 0.10420700 0.36277200
v 0.10307200 0.10913800 0.36277200
v 0.07334100 0.12231300 0.36277200
v 0.18515700 -0.00078100 0.23482400
v 0.18515700 -0.00078100 0.36277200
v 0.18107800 0.03738500 0.36277200
v 0.16726100 0.07319400 0.23482400
v 0.18107800 0.03738500 0.23482400
v 0.16726100 0.07319400 0.36277200
v 0.14464600 0.10420700 0.23482400
v 0.14464600 0.10420700 0.36277200
v 0.11477500 0.12831000 0.36277200
v 0.11477500 0.12831000 0.23482400
v 0.07968300 0.14386100 0.36277200
v 0.07968300 0.14386100 0.23482400
v 0.04176200 0.14979900 0.36277200
v 0.04176200 0.14979900 0.23482400
v 0.00359600 0.14572000 0.36277200
v 0.00359600 0.14572000 0.23482400
v -0.03221300 0.13190300 0.36277200
v -0.03221300 0.13190300 0.23482400
v -0.06322600 0.10928800 0.36277200
v -0.06322600 0.10928800 0.23482400
v -0.08732900 0.07941600 0.23482400
v -0.08732900 0.07941600 0.36277200
v -0.10288000 0.04432500 0.23482400
v -0.10288000 0.04432500 0.36277200
v -0.10881800 0.00640400 0.23482400
v -0.10881800 0.00640400 0.36277200
v -0.10473900 -0.03176200 0.23482400
v -0.10473900 -0.03176200 0.36277200
v -0.09092100 -0.06757100 0.23482400
v -0.09092100 -0.06757100 0.36277200
v -0.06830600 -0.09858400 0.23482400
v -0.06830600 -0.09858400 0.36277200
v -0.03843500 -0.12268700 0.36277200
v -0.03843500 -0.12268700 0.23482400
v -0.00334300 -0.13823800 0.36277200
v -0.00334300 -0.13823800 0.23482400
v 0.03457700 -0.14417600 0.36277200
v 0.03457700 -0.14417600 0.23482400
v 0.07274300 -0.14009700 0.36277200
v 0.07274300 -0.14009700 0.23482400
v 0.16366800 -0.07379300 0.36277200
v 0.13956500 -0.10366500 0.36277200
v 0.16366800 -0.07379300 0.23482400
v 0.13956500 -0.10366500 0.23482400
v 0.17921900 -0.03870200 0.36277200
v 0.17921900 -0.03870200 0.23482400
v 0.04176200 0.14979900 0.23482400
v 0.07968300 0.14386100 0.23482400
v 0.00359600 0.14572000 0.23482400
v -0.03221300 0.13190300 0.23482400
v 0.11477500 0.12831000 0.23482400
v 0.04089700 0.11440000 0.23482400
v 0.01192300 0.11130400 0.23482400
v -0.06322600 0.10928800 0.23482400
v -0.01526300 0.10081400 0.23482400
v -0.03880700 0.08364500 0.23482400
v -0.08732900 0.07941600 0.23482400
v -0.05710600 0.06096800 0.23482400
v -0.10288000 0.04432500 0.23482400
v -0.06891100 0.03432700 0.23482400
v -0.07341900 0.00553900 0.23482400
v -0.10881800 0.00640400 0.23482400
v -0.07032300 -0.02343600 0.23482400
v -0.10473900 -0.03176200 0.23482400
v -0.05983300 -0.05062100 0.23482400
v -0.09092100 -0.06757100 0.23482400
v -0.04266400 -0.07416500 0.23482400
v -0.01998700 -0.09246400 0.23482400
v -0.06830600 -0.09858400 0.23482400
v 0.00665400 -0.10426900 0.23482400
v 0.03544300 -0.10877700 0.23482400
v -0.03843500 -0.12268700 0.23482400
v 0.06968500 0.10989200 0.23482400
v 0.14464600 0.10420700 0.23482400
v 0.09632600 0.09808700 0.23482400
v 0.11900300 0.07978800 0.23482400
v 0.16726100 0.07319400 0.23482400
v 0.13617200 0.05624400 0.23482400
v 0.18107800 0.03738500 0.23482400
v 0.14666200 0.02905900 0.23482400
v 0.14975900 0.00008400 0.23482400
v 0.18515700 -0.00078100 0.23482400
v 0.14525000 -0.02870400 0.23482400
v 0.17921900 -0.03870200 0.23482400
v 0.13344500 -0.05534500 0.23482400
v 0.16366800 -0.07379300 0.23482400
v 0.11514700 -0.07802200 0.23482400
v 0.09160200 -0.09519100 0.23482400
v 0.13956500 -0.10366500 0.23482400
v 0.06441700 -0.10568100 0.23482400
v 0.10855200 -0.12628000 0.23482400
v -0.00334300 -0.13823800 0.23482400
v 0.07274300 -0.14009700 0.23482400
v 0.03457700 -0.14417600 0.23482400
v 0.10855200 -0.12628000 0.36277200
v 0.10855200 -0.12628000 0.23482400
v 0.04121300 0.12734400 0.36277200
v 0.07334100 0.12231300 0.36277200
v 0.11477500 0.12831000 0.36277200
v 0.10307200 0.10913800 0.36277200
v 0.14464600 0.10420700 0.36277200
v 0.12837900 0.08871700 0.36277200
v 0.16726100 0.07319400 0.36277200
v 0.14754000 0.06244200 0.36277200
v 0.18107800 0.03738500 0.36277200
v 0.15924600 0.03210300 0.36277200
v 0.18515700 -0.00078100 0.36277200
v 0.16270200 -0.00023200 0.36277200
v 0.15767100 -0.03236000 0.36277200
v 0.17921900 -0.03870200 0.36277200
v 0.14449600 -0.06209100 0.36277200
v 0.16366800 -0.07379300 0.36277200
v 0.12407500 -0.08739800 0.36277200
v 0.13956500 -0.10366500 0.36277200
v 0.09780000 -0.10655800 0.36277200
v 0.06746100 -0.11826500 0.36277200
v 0.10855200 -0.12628000 0.36277200
v 0.03512600 -0.12172100 0.36277200
v -0.03843500 -0.12268700 0.36277200
v 0.07274300 -0.14009700 0.36277200
v -0.00334300 -0.13823800 0.36277200
v 0.03457700 -0.14417600 0.36277200
v 0.04176200 0.14979900 0.36277200
v 0.00359600 0.14572000 0.36277200
v 0.07968300 0.14386100 0.36277200
v -0.03221300 0.13190300 0.36277200
v 0.00887800 0.12388800 0.36277200
v -0.02146100 0.11218100 0.36277200
v -0.06322600 0.10928800 0.36277200
v -0.04773600 0.09302100 0.36277200
v -0.08732900 0.07941600 0.36277200
v -0.06815700 0.06771300 0.36277200
v -0.10288000 0.04432500 0.36277200
v -0.08133100 0.03798300 0.36277200
v -0.08636300 0.00585500 0.36277200
v -0.10881800 0.00640400 0.36277200
v -0.08290700 -0.02648000 0.36277200
v -0.10473900 -0.03176200 0.36277200
v -0.07120000 -0.05681900 0.36277200
v -0.09092100 -0.06757100 0.36277200
v -0.05204000 -0.08309400 0.36277200
v -0.06830600 -0.09858400 0.36277200
v -0.02673200 -0.10351500 0.36277200
v 0.00299800 -0.11669000 0.36277200
v 0.18515700 -0.00078100 0.36277200
v 0.18515700 -0.00078100 0.23482400
v 0.16726100 0.07319400 0.36277200
v 0.18107800 0.03738500 0.36277200
v 0.16726100 0.07319400 0.23482400
v 0.18107800 0.03738500 0.23482400
v 0.14464600 0.10420700 0.36277200
v 0.14464600 0.10420700 0.23482400
v 0.11477500 0.12831000 0.23482400
v 0.11477500 0.12831000 0.36277200
v 0.07968300 0.14386100 0.23482400
v 0.07968300 0.14386100 0.36277200
v 0.04176200 0.14979900 0.23482400
v 0.04176200 0.14979900 0.36277200
v 0.00359600 0.14572000 0.23482400
v 0.00359600 0.14572000 0.36277200
v -0.03221300 0.13190300 0.23482400
v -0.03221300 0.13190300 0.36277200
v -0.06322600 0.10928800 0.23482400
v -0.06322600 0.10928800 0.36277200
v -0.08732900 0.07941600 0.36277200
v -0.08732900 0.07941600 0.23482400
v -0.10288000 0.04432500 0.36277200
v -0.10288000 0.04432500 0.23482400
v -0.10881800 0.00640400 0.36277200
v -0.10881800 0.00640400 0.23482400
v -0.10473900 -0.03176200 0.36277200
v -0.10473900 -0.03176200 0.23482400
v -0.09092100 -0.06757100 0.36277200
v -0.09092100 -0.06757100 0.23482400
v -0.06830600 -0.09858400 0.36277200
v -0.06830600 -0.09858400 0.23482400
v -0.03843500 -0.12268700 0.36277200
v -0.03843500 -0.12268700 0.23482400
v -0.00334300 -0.13823800 0.36277200
v -0.00334300 -0.13823800 0.23482400
v 0.03457700 -0.14417600 0.36277200
v 0.03457700 -0.14417600 0.23482400
v 0.07274300 -0.14009700 0.36277200
v 0.07274300 -0.14009700 0.23482400
v -0.25181700 0.01624700 0.56359200
v -0.17888200 0.02522200 0.65110700
v -0.17697700 0.01441700 0.64921100
v -0.25372200 0.02705100 0.56548900
v -0.17888200 0.02522200 0.65110700
v -0.17724900 0.00328700 0.64921100
v -0.17697700 0.01441700 0.64921100
v -0.17968000 -0.00741100 0.65110700
v -0.18283600 0.03496300 0.65477200
v -0.18410500 -0.01694800 0.65477200
v -0.18856900 0.04297800 0.65995400
v -0.19022200 -0.02467300 0.65995400
v -0.19568900 0.04872100 0.66630000
v -0.19761500 -0.03006100 0.66630000
v -0.20577900 -0.03274400 0.67337900
v -0.20371300 0.05179900 0.67337900
v -0.21209200 0.05200400 0.68070800
v -0.21415800 -0.03253900 0.68070800
v -0.22025600 0.04932100 0.68778700
v -0.22218100 -0.02946100 0.68778700
v -0.22764800 0.04393300 0.69413400
v -0.22930200 -0.02371800 0.69413400
v -0.23376500 0.03620800 0.69931600
v -0.23503400 -0.01570300 0.69931600
v -0.23819100 0.02667100 0.70298000
v -0.23898800 -0.00596200 0.70298000
v -0.24062200 0.01597300 0.70487700
v -0.24089400 0.00484300 0.70487700
v -0.25208900 0.00511600 0.56359200
v -0.17724900 0.00328700 0.64921100
v -0.25208900 0.00511600 0.56359200
v -0.25372200 0.02705100 0.56548900
v -0.25181700 0.01624700 0.56359200
v -0.25452000 -0.00558200 0.56548900
v -0.25894500 -0.01511900 0.56915300
v -0.25767600 0.03679200 0.56915300
v -0.26506200 -0.02284400 0.57433500
v -0.26340900 0.04480700 0.57433500
v -0.27245500 -0.02823200 0.58068200
v -0.27052900 0.05055000 0.58068200
v -0.28061900 -0.03091500 0.58776100
v -0.27855300 0.05362900 0.58776100
v -0.28693200 0.05383300 0.59509000
v -0.28899800 -0.03071000 0.59509000
v -0.29509600 0.05115000 0.60216900
v -0.29702100 -0.02763200 0.60216900
v -0.30248800 0.04576300 0.60851500
v -0.30414200 -0.02188900 0.60851500
v -0.30987400 -0.01387400 0.61369700
v -0.30860500 0.03803700 0.61369700
v -0.31303100 0.02850000 0.61736200
v -0.31382800 -0.00413200 0.61736200
v -0.31546200 0.01780200 0.61925900
v -0.31573400 0.00667200 0.61925900
v -0.18283600 0.03496300 0.65477200
v -0.25767600 0.03679200 0.56915300
v -0.28693200 0.05383300 0.59509000
v -0.22025600 0.04932100 0.68778700
v -0.21209200 0.05200400 0.68070800
v -0.29509600 0.05115000 0.60216900
v -0.22764800 0.04393300 0.69413400
v -0.30248800 0.04576300 0.60851500
v -0.23376500 0.03620800 0.69931600
v -0.30860500 0.03803700 0.61369700
v -0.31303100 0.02850000 0.61736200
v -0.23819100 0.02667100 0.70298000
v -0.31546200 0.01780200 0.61925900
v -0.24062200 0.01597300 0.70487700
v -0.31573400 0.00667200 0.61925900
v -0.24089400 0.00484300 0.70487700
v -0.31382800 -0.00413200 0.61736200
v -0.23898800 -0.00596200 0.70298000
v -0.23503400 -0.01570300 0.69931600
v -0.30987400 -0.01387400 0.61369700
v -0.30414200 -0.02188900 0.60851500
v -0.22930200 -0.02371800 0.69413400
v -0.29702100 -0.02763200 0.60216900
v -0.22218100 -0.02946100 0.68778700
v -0.28899800 -0.03071000 0.59509000
v -0.21415800 -0.03253900 0.68070800
v -0.28061900 -0.03091500 0.58776100
v -0.20577900 -0.03274400 0.67337900
v -0.27245500 -0.02823200 0.58068200
v -0.19761500 -0.03006100 0.66630000
v -0.26506200 -0.02284400 0.57433500
v -0.19022200 -0.02467300 0.65995400
v -0.25894500 -0.01511900 0.56915300
v -0.18410500 -0.01694800 0.65477200
v -0.17968000 -0.00741100 0.65110700
v -0.25452000 -0.00558200 0.56548900
v -0.18856900 0.04297800 0.65995400
v -0.26340900 0.04480700 0.57433500
v -0.19568900 0.04872100 0.66630000
v -0.27052900 0.05055000 0.58068200
v -0.20371300 0.05179900 0.67337900
v -0.27855300 0.05362900 0.58776100
v -0.28856100 -0.05423600 0.73287200
v -0.28856100 -0.05423600 0.73287200
v -0.29024200 -0.06130500 0.72948100
v -0.29024200 -0.06130500 0.72948100
v -0.29006800 -0.05419900 0.72948100
v -0.29006800 -0.05419900 0.72948100
v -0.28873500 -0.06134200 0.73287200
v -0.28873500 -0.06134200 0.73287200
v -0.28798300 -0.05425000 0.73653800
v -0.28798300 -0.05425000 0.73653800
v -0.28815600 -0.06135600 0.73653800
v -0.28815600 -0.06135600 0.73653800
v -0.28815600 -0.06135600 0.73653800
v -0.29024200 -0.06130500 0.72948100
v -0.28873500 -0.06134200 0.73287200
v -0.28854600 -0.06134600 0.74022900
v -0.29257500 -0.06124800 0.72659600
v -0.28987800 -0.06131400 0.74369300
v -0.29557600 -0.06117500 0.72441200
v -0.29206000 -0.06126100 0.74669400
v -0.29903800 -0.06109000 0.72308100
v -0.29494500 -0.06119000 0.74902800
v -0.30272800 -0.06100000 0.72269100
v -0.29833500 -0.06110700 0.75053600
v -0.30639300 -0.06091000 0.72326900
v -0.30200000 -0.06101800 0.75111400
v -0.30978300 -0.06082700 0.72477700
v -0.30568900 -0.06092700 0.75072400
v -0.31266800 -0.06075700 0.72711100
v -0.30915200 -0.06084300 0.74939200
v -0.31485000 -0.06070400 0.73011200
v -0.31215300 -0.06076900 0.74720900
v -0.31618200 -0.06067100 0.73357600
v -0.31448600 -0.06071200 0.74432400
v -0.31657200 -0.06066100 0.73726700
v -0.31599300 -0.06067600 0.74093200
v -0.29257500 -0.06124800 0.72659600
v -0.29257500 -0.06124800 0.72659600
v -0.29240200 -0.05414200 0.72659600
v -0.29240200 -0.05414200 0.72659600
v -0.28837300 -0.05424000 0.74022900
v -0.28837300 -0.05424000 0.74022900
v -0.28854600 -0.06134600 0.74022900
v -0.28854600 -0.06134600 0.74022900
v -0.31599300 -0.06067600 0.74093200
v -0.31599300 -0.06067600 0.74093200
v -0.31639800 -0.05355500 0.73726700
v -0.31639800 -0.05355500 0.73726700
v -0.31657200 -0.06066100 0.73726700
v -0.31657200 -0.06066100 0.73726700
v -0.31581900 -0.05356900 0.74093200
v -0.31581900 -0.05356900 0.74093200
v -0.31600800 -0.05356500 0.73357600
v -0.31600800 -0.05356500 0.73357600
v -0.31618200 -0.06067100 0.73357600
v -0.31618200 -0.06067100 0.73357600
v -0.31467600 -0.05359700 0.73011200
v -0.31467600 -0.05359700 0.73011200
v -0.31485000 -0.06070400 0.73011200
v -0.31485000 -0.06070400 0.73011200
v -0.31266800 -0.06075700 0.72711100
v -0.31266800 -0.06075700 0.72711100
v -0.31249400 -0.05365100 0.72711100
v -0.31249400 -0.05365100 0.72711100
v -0.30978300 -0.06082700 0.72477700
v -0.30978300 -0.06082700 0.72477700
v -0.30960900 -0.05372100 0.72477700
v -0.30960900 -0.05372100 0.72477700
v -0.30639300 -0.06091000 0.72326900
v -0.30639300 -0.06091000 0.72326900
v -0.30621900 -0.05380400 0.72326900
v -0.30621900 -0.05380400 0.72326900
v -0.30272800 -0.06100000 0.72269100
v -0.30272800 -0.06100000 0.72269100
v -0.30255400 -0.05389400 0.72269100
v -0.30255400 -0.05389400 0.72269100
v -0.29903800 -0.06109000 0.72308100
v -0.29903800 -0.06109000 0.72308100
v -0.29886500 -0.05398400 0.72308100
v -0.29886500 -0.05398400 0.72308100
v -0.29557600 -0.06117500 0.72441200
v -0.29557600 -0.06117500 0.72441200
v -0.29540200 -0.05406800 0.72441200
v -0.29540200 -0.05406800 0.72441200
v -0.28970400 -0.05420800 0.74369300
v -0.28970400 -0.05420800 0.74369300
v -0.28987800 -0.06131400 0.74369300
v -0.28987800 -0.06131400 0.74369300
v -0.29206000 -0.06126100 0.74669400
v -0.29206000 -0.06126100 0.74669400
v -0.29188600 -0.05415400 0.74669400
v -0.29188600 -0.05415400 0.74669400
v -0.29494500 -0.06119000 0.74902800
v -0.29494500 -0.06119000 0.74902800
v -0.29477100 -0.05408400 0.74902800
v -0.29477100 -0.05408400 0.74902800
v -0.29833500 -0.06110700 0.75053600
v -0.29833500 -0.06110700 0.75053600
v -0.29816100 -0.05400100 0.75053600
v -0.29816100 -0.05400100 0.75053600
v -0.30200000 -0.06101800 0.75111400
v -0.30200000 -0.06101800 0.75111400
v -0.30182600 -0.05391100 0.75111400
v -0.30182600 -0.05391100 0.75111400
v -0.30568900 -0.06092700 0.75072400
v -0.30568900 -0.06092700 0.75072400
v -0.30551600 -0.05382100 0.75072400
v -0.30551600 -0.05382100 0.75072400
v -0.30915200 -0.06084300 0.74939200
v -0.30915200 -0.06084300 0.74939200
v -0.30897900 -0.05373700 0.74939200
v -0.30897900 -0.05373700 0.74939200
v -0.31197900 -0.05366300 0.74720900
v -0.31197900 -0.05366300 0.74720900
v -0.31215300 -0.06076900 0.74720900
v -0.31215300 -0.06076900 0.74720900
v -0.31431200 -0.05360600 0.74432400
v -0.31431200 -0.05360600 0.74432400
v -0.31448600 -0.06071200 0.74432400
v -0.31448600 -0.06071200 0.74432400
v -0.26495800 0.06295200 0.84889700
v -0.27313600 0.06697600 0.82090700
v -0.26892900 0.06688300 0.83514300
v -0.27729300 0.06322500 0.80715900
v -0.26149400 0.05545100 0.86123000
v -0.28111700 0.05588600 0.79483500
v -0.25877400 0.04489100 0.87130300
v -0.28434600 0.04545800 0.78477500
v -0.25698200 0.03199200 0.87842800
v -0.28676200 0.03265200 0.77766500
v -0.25624100 0.01763300 0.88212200
v -0.28819800 0.01834200 0.77398900
v -0.25660100 0.00279200 0.88213100
v -0.28855800 0.00350100 0.77399800
v -0.25803700 -0.01151900 0.87845500
v -0.28781700 -0.01085800 0.77769100
v -0.26045300 -0.02432400 0.87134500
v -0.28602500 -0.02375700 0.78481700
v -0.26368200 -0.03475200 0.86128500
v -0.28330500 -0.03431700 0.79489000
v -0.26750600 -0.04209200 0.84896100
v -0.27984100 -0.04181800 0.80722300
v -0.27166300 -0.04584300 0.83521200
v -0.27587000 -0.04574900 0.82097600
v -0.31947400 0.06428400 0.86501700
v -0.26892900 0.06688300 0.83514300
v -0.32344500 0.06821500 0.85126400
v -0.26495800 0.06295200 0.84889700
v -0.31601100 0.05678300 0.87735000
v -0.26149400 0.05545100 0.86123000
v -0.31329000 0.04622300 0.88742300
v -0.25877400 0.04489100 0.87130300
v -0.25698200 0.03199200 0.87842800
v -0.31149900 0.03332400 0.89454900
v -0.25624100 0.01763300 0.88212200
v -0.31075700 0.01896500 0.89824200
v -0.25660100 0.00279200 0.88213100
v -0.31111700 0.00412400 0.89825100
v -0.25803700 -0.01151900 0.87845500
v -0.31255400 -0.01018600 0.89457600
v -0.26045300 -0.02432400 0.87134500
v -0.31497000 -0.02299200 0.88746600
v -0.26368200 -0.03475200 0.86128500
v -0.31819900 -0.03342000 0.87740600
v -0.32202300 -0.04075900 0.86508200
v -0.26750600 -0.04209200 0.84896100
v -0.32618000 -0.04451000 0.85133300
v -0.27166300 -0.04584300 0.83521200
v -0.33038700 -0.04441700 0.83709700
v -0.27587000 -0.04574900 0.82097600
v -0.33435800 -0.04048600 0.82334400
v -0.27984100 -0.04181800 0.80722300
v -0.33782100 -0.03298500 0.81101100
v -0.28330500 -0.03431700 0.79489000
v -0.34054200 -0.02242500 0.80093800
v -0.28602500 -0.02375700 0.78481700
v -0.28781700 -0.01085800 0.77769100
v -0.34233400 -0.00952600 0.79381200
v -0.28855800 0.00350100 0.77399800
v -0.34307500 0.00483300 0.79011900
v -0.28819800 0.01834200 0.77398900
v -0.34271500 0.01967400 0.79010900
v -0.28676200 0.03265200 0.77766500
v -0.34127800 0.03398500 0.79378500
v -0.28434600 0.04545800 0.78477500
v -0.33886300 0.04679000 0.80089500
v -0.28111700 0.05588600 0.79483500
v -0.33563300 0.05721800 0.81095500
v -0.33181000 0.06455800 0.82327900
v -0.27729300 0.06322500 0.80715900
v -0.32765300 0.06830900 0.83702800
v -0.27313600 0.06697600 0.82090700
v -0.28302900 -0.02592900 0.87024700
v -0.29058600 -0.05418600 0.84702500
v -0.28989100 -0.02576200 0.84702500
v -0.28372300 -0.05435400 0.87024700
v -0.25577000 -0.02659600 0.86218700
v -0.29058600 -0.05418600 0.84702500
v -0.25646500 -0.05502000 0.86218700
v -0.28989100 -0.02576200 0.84702500
v -0.28989100 -0.02576200 0.84702500
v -0.25577000 -0.02659600 0.86218700
v -0.28302900 -0.02592900 0.87024700
v -0.28302900 -0.02592900 0.87024700
v -0.25646500 -0.05502000 0.86218700
v -0.28372300 -0.05435400 0.87024700
v -0.25577000 -0.02659600 0.86218700
v -0.06339200 -0.03129700 0.84887700
v -0.05046300 -0.06005500 0.84468700
v -0.06408600 -0.05972200 0.84887700
v -0.04976900 -0.03163000 0.84468700
v -0.27209500 -0.02619700 0.91059000
v -0.06408600 -0.05972200 0.84887700
v -0.27279000 -0.05462100 0.91059000
v -0.06339200 -0.03129700 0.84887700
v 0.08022800 -0.03480700 0.78692300
v 0.07973100 -0.03479500 0.77331400
v 0.09246900 -0.03510700 0.77962000
v -0.28112900 -0.02597600 0.88002100
v 0.06783100 -0.03450400 0.79395700
v 0.05528400 -0.03419800 0.80071900
v 0.04259300 -0.03388800 0.80720700
v 0.02976400 -0.03357400 0.81341700
v 0.01680300 -0.03325700 0.81934600
v 0.00371500 -0.03293700 0.82499200
v -0.00949200 -0.03261500 0.83035100
v -0.02281200 -0.03228900 0.83542200
v -0.03624000 -0.03196100 0.84020100
v -0.04976900 -0.03163000 0.84468700
v -0.06339200 -0.03129700 0.84887700
v -0.27209500 -0.02619700 0.91059000
v -0.03693500 -0.06038500 0.84020100
v -0.03624000 -0.03196100 0.84020100
v -0.27209500 -0.02619700 0.91059000
v -0.28182400 -0.05440000 0.88002100
v -0.28112900 -0.02597600 0.88002100
v -0.27279000 -0.05462100 0.91059000
v 0.07973100 -0.03479500 0.77331400
v -0.28182400 -0.05440000 0.88002100
v 0.07903600 -0.06322000 0.77331400
v -0.28112900 -0.02597600 0.88002100
v 0.09246900 -0.03510700 0.77962000
v 0.07903600 -0.06322000 0.77331400
v 0.09177400 -0.06353100 0.77962000
v 0.07973100 -0.03479500 0.77331400
v 0.08022800 -0.03480700 0.78692300
v 0.09177400 -0.06353100 0.77962000
v 0.07953300 -0.06323200 0.78692300
v 0.09246900 -0.03510700 0.77962000
v 0.06783100 -0.03450400 0.79395700
v 0.06713700 -0.06292900 0.79395700
v 0.05528400 -0.03419800 0.80071900
v 0.05459000 -0.06262200 0.80071900
v 0.04259300 -0.03388800 0.80720700
v 0.04189900 -0.06231200 0.80720700
v 0.02976400 -0.03357400 0.81341700
v 0.02906900 -0.06199900 0.81341700
v 0.01680300 -0.03325700 0.81934600
v 0.01610800 -0.06168200 0.81934600
v 0.00371500 -0.03293700 0.82499200
v 0.00302100 -0.06136200 0.82499200
v -0.00949200 -0.03261500 0.83035100
v -0.01018600 -0.06103900 0.83035100
v -0.02281200 -0.03228900 0.83542200
v -0.02350700 -0.06071400 0.83542200
v 0.07851500 0.07189000 0.77830900
v -0.27712600 0.05214000 0.88326700
v 0.07782100 0.04346500 0.77830900
v -0.27643100 0.08056400 0.88326700
v -0.26891100 0.08038100 0.90871400
v -0.27712600 0.05214000 0.88326700
v -0.27643100 0.08056400 0.88326700
v -0.26960600 0.05195600 0.90871400
v 0.07782100 0.04346500 0.77830900
v 0.07931100 0.04342900 0.78815400
v 0.09173800 0.04312500 0.78119000
v -0.27712600 0.05214000 0.88326700
v 0.06675200 0.04373600 0.79487600
v 0.05406400 0.04404600 0.80135200
v 0.04125300 0.04435900 0.80758100
v 0.02832400 0.04467500 0.81356000
v 0.01528100 0.04499400 0.81928700
v 0.00212900 0.04531500 0.82475900
v -0.01112700 0.04563900 0.82997600
v -0.02448100 0.04596500 0.83493300
v -0.03792900 0.04629400 0.83963000
v -0.05146500 0.04662500 0.84406600
v -0.06508500 0.04695800 0.84823700
v -0.26960600 0.05195600 0.90871400
v 0.09243200 0.07154900 0.78119000
v 0.07782100 0.04346500 0.77830900
v 0.09173800 0.04312500 0.78119000
v 0.07851500 0.07189000 0.77830900
v -0.26891100 0.08038100 0.90871400
v -0.06508500 0.04695800 0.84823700
v -0.26960600 0.05195600 0.90871400
v -0.06439000 0.07538200 0.84823700
v -0.06439000 0.07538200 0.84823700
v -0.05146500 0.04662500 0.84406600
v -0.06508500 0.04695800 0.84823700
v -0.05077000 0.07504900 0.84406600
v -0.03792900 0.04629400 0.83963000
v -0.03723400 0.07471900 0.83963000
v -0.02448100 0.04596500 0.83493300
v -0.02378600 0.07439000 0.83493300
v -0.01112700 0.04563900 0.82997600
v -0.01043200 0.07406300 0.82997600
v 0.00212900 0.04531500 0.82475900
v 0.00282400 0.07374000 0.82475900
v 0.01528100 0.04499400 0.81928700
v 0.01597500 0.07341800 0.81928700
v 0.02832400 0.04467500 0.81356000
v 0.02901800 0.07309900 0.81356000
v 0.04125300 0.04435900 0.80758100
v 0.04194800 0.07278300 0.80758100
v 0.05406400 0.04404600 0.80135200
v 0.05475900 0.07247000 0.80135200
v 0.06675200 0.04373600 0.79487600
v 0.06744600 0.07216000 0.79487600
v 0.07931100 0.04342900 0.78815400
v 0.08000600 0.07185300 0.78815400
v 0.09173800 0.04312500 0.78119000
v 0.09243200 0.07154900 0.78119000
v 0.24322700 0.06786400 0.54754300
v 0.25391500 -0.06749400 0.55265300
v 0.23992700 -0.06715200 0.54754300
v 0.25721500 0.06752200 0.55265300
v 0.29767500 -0.06856300 0.63587500
v 0.31428000 -0.06896900 0.59526500
v 0.32378100 -0.06920100 0.60673600
v 0.30380700 -0.06871300 0.58467500
v 0.29244300 -0.06843500 0.57504800
v 0.28027500 -0.06813800 0.56645900
v 0.26740000 -0.06782300 0.55897500
v 0.27020000 -0.06789200 0.66372700
v 0.25391500 -0.06749400 0.55265300
v 0.23992700 -0.06715200 0.54754300
v 0.22554300 -0.06680000 0.54368400
v 0.24141900 -0.06718800 0.69022600
v 0.21087600 -0.06644200 0.54110700
v 0.19603900 -0.06607900 0.53983100
v 0.21139800 -0.06645500 0.71531100
v 0.18114700 -0.06571500 0.53986600
v 0.16631600 -0.06535300 0.54121200
v -0.09315300 -0.05901100 0.54121200
v 0.18020800 -0.06569200 0.73892400
v 0.14791900 -0.06490300 0.76101200
v 0.11460700 -0.06408900 0.78152200
v 0.09177400 -0.06353100 0.77962000
v 0.07903600 -0.06322000 0.77331400
v -0.25646500 -0.05502000 0.86218700
v -0.28182400 -0.05440000 0.88002100
v -0.10757700 -0.05865900 0.54334800
v -0.12150900 -0.05831800 0.54765200
v -0.17689900 -0.05696500 0.66773400
v -0.13462500 -0.05799800 0.55402400
v -0.14662100 -0.05770500 0.56231500
v -0.15721900 -0.05744600 0.57233300
v -0.16617100 -0.05722700 0.58384600
v -0.17327100 -0.05705300 0.59658500
v -0.17835300 -0.05692900 0.61025600
v -0.18130000 -0.05685700 0.62454000
v -0.18204300 -0.05683900 0.63910700
v -0.18056400 -0.05687500 0.65361700
v -0.28856100 -0.05423600 0.73287200
v -0.28798300 -0.05425000 0.73653800
v -0.28837300 -0.05424000 0.74022900
v -0.28970400 -0.05420800 0.74369300
v -0.28372300 -0.05435400 0.87024700
v -0.29058600 -0.05418600 0.84702500
v 0.08034800 -0.06325200 0.80040800
v 0.07953300 -0.06323200 0.78692300
v 0.06713700 -0.06292900 0.79395700
v 0.06777700 -0.06294500 0.80657000
v 0.05459000 -0.06262200 0.80071900
v 0.04522200 -0.06239300 0.81762600
v 0.04189900 -0.06231200 0.80720700
v 0.00930900 -0.06151600 0.83313600
v 0.02906900 -0.06199900 0.81341700
v 0.01610800 -0.06168200 0.81934600
v 0.00302100 -0.06136200 0.82499200
v -0.02730600 -0.06062100 0.84690200
v -0.01018600 -0.06103900 0.83035100
v -0.02350700 -0.06071400 0.83542200
v -0.03693500 -0.06038500 0.84020100
v -0.06454100 -0.05971100 0.85889300
v -0.05046300 -0.06005500 0.84468700
v -0.06408600 -0.05972200 0.84887700
v -0.27279000 -0.05462100 0.91059000
v -0.27946800 -0.05445800 0.92244600
v -0.32924300 -0.05324100 0.72219000
v -0.33093200 -0.05320000 0.72584800
v -0.33212800 -0.05317100 0.72969500
v -0.33281200 -0.05315400 0.73366600
v -0.33297300 -0.05315000 0.73769200
v -0.33260700 -0.05315900 0.74170400
v -0.33172000 -0.05318100 0.74563400
v -0.29188600 -0.05415400 0.74669400
v -0.29477100 -0.05408400 0.74902800
v -0.29816100 -0.05400100 0.75053600
v -0.30182600 -0.05391100 0.75111400
v -0.30551600 -0.05382100 0.75072400
v -0.30897900 -0.05373700 0.74939200
v -0.31197900 -0.05366300 0.74720900
v -0.31431200 -0.05360600 0.74432400
v -0.31581900 -0.05356900 0.74093200
v -0.32451500 -0.05335700 0.71568700
v -0.32709200 -0.05329400 0.71878400
v -0.29240200 -0.05414200 0.72659600
v -0.31091900 -0.05368900 0.70736400
v -0.29006800 -0.05419900 0.72948100
v -0.29540200 -0.05406800 0.72441200
v -0.29886500 -0.05398400 0.72308100
v -0.30255400 -0.05389400 0.72269100
v -0.30621900 -0.05380400 0.72326900
v -0.30960900 -0.05372100 0.72477700
v -0.31469900 -0.05359700 0.70875600
v -0.31249400 -0.05365100 0.72711100
v -0.31826500 -0.05351000 0.71063100
v -0.31467600 -0.05359700 0.73011200
v -0.32155500 -0.05342900 0.71295400
v -0.31600800 -0.05356500 0.73357600
v -0.31639800 -0.05355500 0.73726700
v 0.22884300 0.06821600 0.54368400
v 0.22554300 -0.06680000 0.54368400
v -0.17359900 0.07805100 0.66773400
v -0.28676800 0.08081700 0.72948100
v -0.28526100 0.08078000 0.73287200
v -0.28910200 0.08087400 0.72659600
v -0.30762000 0.08132700 0.70736400
v -0.29210200 0.08094700 0.72441200
v -0.29556500 0.08103200 0.72308100
v -0.29925500 0.08112200 0.72269100
v -0.30291900 0.08121200 0.72326900
v -0.30631000 0.08129500 0.72477700
v -0.31139900 0.08141900 0.70875600
v -0.30919400 0.08136500 0.72711100
v -0.31496500 0.08150600 0.71063100
v -0.31137700 0.08141900 0.73011200
v -0.31825600 0.08158700 0.71295400
v -0.31270800 0.08145100 0.73357600
v -0.32121500 0.08165900 0.71568700
v -0.31309800 0.08146100 0.73726700
v -0.31252000 0.08144600 0.74093200
v 0.31758000 0.06604700 0.59526500
v 0.30097500 0.06645300 0.63587500
v 0.32708100 0.06581500 0.60673600
v 0.30710700 0.06630300 0.58467500
v 0.29574200 0.06658100 0.57504800
v 0.28357500 0.06687800 0.56645900
v 0.27069900 0.06719300 0.55897500
v 0.27350000 0.06712400 0.66372700
v 0.25721500 0.06752200 0.55265300
v 0.24322700 0.06786400 0.54754300
v 0.22884300 0.06821600 0.54368400
v 0.24471900 0.06782800 0.69022600
v 0.21417600 0.06857400 0.54110700
v 0.19933900 0.06893700 0.53983100
v 0.21469800 0.06856100 0.71531100
v 0.18444700 0.06930100 0.53986600
v 0.16961600 0.06966300 0.54121200
v -0.08985400 0.07600500 0.54121200
v 0.18350800 0.06932400 0.73892400
v 0.15121900 0.07011300 0.76101200
v 0.11790700 0.07092700 0.78152200
v 0.09243200 0.07154900 0.78119000
v 0.07851500 0.07189000 0.77830900
v -0.24682200 0.07984100 0.86465400
v -0.27643100 0.08056400 0.88326700
v -0.10427700 0.07635700 0.54334800
v -0.11820900 0.07669800 0.54765200
v -0.13132500 0.07701800 0.55402400
v -0.14332100 0.07731100 0.56231500
v -0.15391900 0.07757000 0.57233300
v -0.16287100 0.07778900 0.58384600
v -0.16997100 0.07796300 0.59658500
v -0.17505400 0.07808700 0.61025600
v -0.17800000 0.07815900 0.62454000
v -0.17874300 0.07817700 0.63910700
v -0.17726400 0.07814100 0.65361700
v -0.28468300 0.08076600 0.73653800
v -0.27931800 0.08063500 0.87426400
v -0.26891100 0.08038100 0.90871400
v -0.28507300 0.08077600 0.74022900
v -0.28675400 0.08081700 0.84910200
v -0.28640400 0.08080800 0.74369300
v -0.28858700 0.08086200 0.74669400
v -0.29147100 0.08093200 0.74902800
v -0.29486100 0.08101500 0.75053600
v -0.29852600 0.08110400 0.75111400
v -0.30221600 0.08119500 0.75072400
v -0.30567900 0.08127900 0.74939200
v -0.30867900 0.08135300 0.74720900
v -0.31101300 0.08141000 0.74432400
v -0.32379200 0.08172200 0.71878400
v -0.32594300 0.08177500 0.72219000
v 0.08364800 0.07176400 0.80040800
v 0.08000600 0.07185300 0.78815400
v 0.07107700 0.07207100 0.80657000
v 0.06744600 0.07216000 0.79487600
v 0.04852200 0.07262300 0.81762600
v 0.05475900 0.07247000 0.80135200
v 0.04194800 0.07278300 0.80758100
v 0.01260900 0.07350000 0.83313600
v 0.02901800 0.07309900 0.81356000
v 0.01597500 0.07341800 0.81928700
v 0.00282400 0.07374000 0.82475900
v -0.02400700 0.07439500 0.84690200
v -0.01043200 0.07406300 0.82997600
v -0.02378600 0.07439000 0.83493300
v -0.03723400 0.07471900 0.83963000
v -0.06124100 0.07530500 0.85889300
v -0.05077000 0.07504900 0.84406600
v -0.06439000 0.07538200 0.84823700
v -0.27616800 0.08055800 0.92244600
v -0.32763200 0.08181600 0.72584800
v -0.32882800 0.08184500 0.72969500
v -0.32951300 0.08186200 0.73366600
v -0.32967300 0.08186600 0.73769200
v -0.32930700 0.08185700 0.74170400
v -0.32842000 0.08183500 0.74563400
v 0.26740000 -0.06782300 0.55897500
v 0.27069900 0.06719300 0.55897500
v -0.06124100 0.07530500 0.85889300
v -0.27946800 -0.05445800 0.92244600
v -0.06454100 -0.05971100 0.85889300
v -0.27616800 0.08055800 0.92244600
v -0.27946800 -0.05445800 0.92244600
v -0.32842000 0.08183500 0.74563400
v -0.33172000 -0.05318100 0.74563400
v -0.27616800 0.08055800 0.92244600
v -0.33172000 -0.05318100 0.74563400
v -0.32930700 0.08185700 0.74170400
v -0.33260700 -0.05315900 0.74170400
v -0.32842000 0.08183500 0.74563400
v -0.32967300 0.08186600 0.73769200
v -0.33297300 -0.05315000 0.73769200
v -0.32951300 0.08186200 0.73366600
v -0.33281200 -0.05315400 0.73366600
v -0.32882800 0.08184500 0.72969500
v -0.33212800 -0.05317100 0.72969500
v -0.32763200 0.08181600 0.72584800
v -0.33093200 -0.05320000 0.72584800
v -0.32594300 0.08177500 0.72219000
v -0.32924300 -0.05324100 0.72219000
v -0.32709200 -0.05329400 0.71878400
v -0.32379200 0.08172200 0.71878400
v -0.32451500 -0.05335700 0.71568700
v -0.32121500 0.08165900 0.71568700
v -0.32155500 -0.05342900 0.71295400
v -0.31825600 0.08158700 0.71295400
v -0.31826500 -0.05351000 0.71063100
v -0.31496500 0.08150600 0.71063100
v -0.31469900 -0.05359700 0.70875600
v -0.31139900 0.08141900 0.70875600
v -0.31091900 -0.05368900 0.70736400
v -0.30762000 0.08132700 0.70736400
v -0.30762000 0.08132700 0.70736400
v -0.17689900 -0.05696500 0.66773400
v -0.31091900 -0.05368900 0.70736400
v -0.17359900 0.07805100 0.66773400
v -0.17689900 -0.05696500 0.66773400
v -0.17726400 0.07814100 0.65361700
v -0.18056400 -0.05687500 0.65361700
v -0.17359900 0.07805100 0.66773400
v -0.17874300 0.07817700 0.63910700
v -0.18204300 -0.05683900 0.63910700
v -0.17800000 0.07815900 0.62454000
v -0.18130000 -0.05685700 0.62454000
v -0.17505400 0.07808700 0.61025600
v -0.17835300 -0.05692900 0.61025600
v -0.16997100 0.07796300 0.59658500
v -0.17327100 -0.05705300 0.59658500
v -0.16617100 -0.05722700 0.58384600
v -0.16287100 0.07778900 0.58384600
v -0.15721900 -0.05744600 0.57233300
v -0.15391900 0.07757000 0.57233300
v -0.14662100 -0.05770500 0.56231500
v -0.14332100 0.07731100 0.56231500
v -0.13462500 -0.05799800 0.55402400
v -0.13132500 0.07701800 0.55402400
v -0.12150900 -0.05831800 0.54765200
v -0.11820900 0.07669800 0.54765200
v -0.10757700 -0.05865900 0.54334800
v -0.10427700 0.07635700 0.54334800
v -0.09315300 -0.05901100 0.54121200
v -0.08985400 0.07600500 0.54121200
v -0.08985400 0.07600500 0.54121200
v 0.16631600 -0.06535300 0.54121200
v -0.09315300 -0.05901100 0.54121200
v 0.16961600 0.06966300 0.54121200
v 0.16961600 0.06966300 0.54121200
v 0.18114700 -0.06571500 0.53986600
v 0.16631600 -0.06535300 0.54121200
v 0.18444700 0.06930100 0.53986600
v 0.19603900 -0.06607900 0.53983100
v 0.19933900 0.06893700 0.53983100
v 0.21087600 -0.06644200 0.54110700
v 0.21417600 0.06857400 0.54110700
v 0.28357500 0.06687800 0.56645900
v 0.28027500 -0.06813800 0.56645900
v 0.29574200 0.06658100 0.57504800
v 0.29244300 -0.06843500 0.57504800
v 0.30710700 0.06630300 0.58467500
v 0.30380700 -0.06871300 0.58467500
v 0.31758000 0.06604700 0.59526500
v 0.31428000 -0.06896900 0.59526500
v 0.32708100 0.06581500 0.60673600
v 0.32378100 -0.06920100 0.60673600
v 0.32708100 0.06581500 0.60673600
v 0.29767500 -0.06856300 0.63587500
v 0.32378100 -0.06920100 0.60673600
v 0.30097500 0.06645300 0.63587500
v 0.27020000 -0.06789200 0.66372700
v 0.27350000 0.06712400 0.66372700
v 0.24141900 -0.06718800 0.69022600
v 0.24471900 0.06782800 0.69022600
v 0.21139800 -0.06645500 0.71531100
v 0.21469800 0.06856100 0.71531100
v 0.18020800 -0.06569200 0.73892400
v 0.18350800 0.06932400 0.73892400
v 0.14791900 -0.06490300 0.76101200
v 0.15121900 0.07011300 0.76101200
v 0.11460700 -0.06408900 0.78152200
v 0.11790700 0.07092700 0.78152200
v 0.08034800 -0.06325200 0.80040800
v 0.08364800 0.07176400 0.80040800
v 0.06777700 -0.06294500 0.80657000
v 0.07107700 0.07207100 0.80657000
v 0.04522200 -0.06239300 0.81762600
v 0.04852200 0.07262300 0.81762600
v 0.00930900 -0.06151600 0.83313600
v 0.01260900 0.07350000 0.83313600
v -0.02730600 -0.06062100 0.84690200
v -0.02400700 0.07439500 0.84690200
v -0.06454100 -0.05971100 0.85889300
v -0.06124100 0.07530500 0.85889300
v -0.28001300 0.05221100 0.87426400
v -0.24751600 0.05141600 0.86465400
v -0.28744800 0.05239200 0.84910200
v -0.27931800 0.08063500 0.87426400
v -0.28744800 0.05239200 0.84910200
v -0.28675400 0.08081700 0.84910200
v -0.28001300 0.05221100 0.87426400
v -0.27931800 0.08063500 0.87426400
v -0.24751600 0.05141600 0.86465400
v -0.28001300 0.05221100 0.87426400
v -0.24682200 0.07984100 0.86465400
v -0.24682200 0.07984100 0.86465400
v -0.28744800 0.05239200 0.84910200
v -0.24751600 0.05141600 0.86465400
v -0.28675400 0.08081700 0.84910200
v -0.29908100 0.08822800 0.72269100
v -0.29908100 0.08822800 0.72269100
v -0.29556500 0.08103200 0.72308100
v -0.29556500 0.08103200 0.72308100
v -0.29925500 0.08112200 0.72269100
v -0.29925500 0.08112200 0.72269100
v -0.29539100 0.08813800 0.72308100
v -0.29539100 0.08813800 0.72308100
v -0.30274600 0.08831800 0.72326900
v -0.30274600 0.08831800 0.72326900
v -0.30291900 0.08121200 0.72326900
v -0.30291900 0.08121200 0.72326900
v -0.28659500 0.08792300 0.72948100
v -0.28450900 0.08787200 0.73653800
v -0.28508800 0.08788600 0.73287200
v -0.28892800 0.08798000 0.72659600
v -0.28489900 0.08788200 0.74022900
v -0.29192800 0.08805400 0.72441200
v -0.28623100 0.08791400 0.74369300
v -0.29539100 0.08813800 0.72308100
v -0.28841300 0.08796800 0.74669400
v -0.29908100 0.08822800 0.72269100
v -0.29129800 0.08803800 0.74902800
v -0.30274600 0.08831800 0.72326900
v -0.29468800 0.08812100 0.75053600
v -0.30613600 0.08840100 0.72477700
v -0.29835300 0.08821100 0.75111400
v -0.30902100 0.08847100 0.72711100
v -0.30204200 0.08830100 0.75072400
v -0.31120300 0.08852500 0.73011200
v -0.30550500 0.08838500 0.74939200
v -0.31253500 0.08855700 0.73357600
v -0.30850600 0.08845900 0.74720900
v -0.31292400 0.08856700 0.73726700
v -0.31083900 0.08851600 0.74432400
v -0.31234600 0.08855300 0.74093200
v -0.29210200 0.08094700 0.72441200
v -0.29210200 0.08094700 0.72441200
v -0.29192800 0.08805400 0.72441200
v -0.29192800 0.08805400 0.72441200
v -0.30613600 0.08840100 0.72477700
v -0.30613600 0.08840100 0.72477700
v -0.30631000 0.08129500 0.72477700
v -0.30631000 0.08129500 0.72477700
v -0.31101300 0.08141000 0.74432400
v -0.31101300 0.08141000 0.74432400
v -0.31234600 0.08855300 0.74093200
v -0.31234600 0.08855300 0.74093200
v -0.31252000 0.08144600 0.74093200
v -0.31252000 0.08144600 0.74093200
v -0.31083900 0.08851600 0.74432400
v -0.31083900 0.08851600 0.74432400
v -0.30867900 0.08135300 0.74720900
v -0.30867900 0.08135300 0.74720900
v -0.30850600 0.08845900 0.74720900
v -0.30850600 0.08845900 0.74720900
v -0.30567900 0.08127900 0.74939200
v -0.30567900 0.08127900 0.74939200
v -0.30550500 0.08838500 0.74939200
v -0.30550500 0.08838500 0.74939200
v -0.30204200 0.08830100 0.75072400
v -0.30204200 0.08830100 0.75072400
v -0.30221600 0.08119500 0.75072400
v -0.30221600 0.08119500 0.75072400
v -0.29835300 0.08821100 0.75111400
v -0.29835300 0.08821100 0.75111400
v -0.29852600 0.08110400 0.75111400
v -0.29852600 0.08110400 0.75111400
v -0.29468800 0.08812100 0.75053600
v -0.29468800 0.08812100 0.75053600
v -0.29486100 0.08101500 0.75053600
v -0.29486100 0.08101500 0.75053600
v -0.29129800 0.08803800 0.74902800
v -0.29129800 0.08803800 0.74902800
v -0.29147100 0.08093200 0.74902800
v -0.29147100 0.08093200 0.74902800
v -0.28841300 0.08796800 0.74669400
v -0.28841300 0.08796800 0.74669400
v -0.28858700 0.08086200 0.74669400
v -0.28858700 0.08086200 0.74669400
v -0.28623100 0.08791400 0.74369300
v -0.28623100 0.08791400 0.74369300
v -0.28640400 0.08080800 0.74369300
v -0.28640400 0.08080800 0.74369300
v -0.28507300 0.08077600 0.74022900
v -0.28507300 0.08077600 0.74022900
v -0.28489900 0.08788200 0.74022900
v -0.28489900 0.08788200 0.74022900
v -0.28468300 0.08076600 0.73653800
v -0.28468300 0.08076600 0.73653800
v -0.28450900 0.08787200 0.73653800
v -0.28450900 0.08787200 0.73653800
v -0.28526100 0.08078000 0.73287200
v -0.28526100 0.08078000 0.73287200
v -0.28508800 0.08788600 0.73287200
v -0.28508800 0.08788600 0.73287200
v -0.28676800 0.08081700 0.72948100
v -0.28676800 0.08081700 0.72948100
v -0.28659500 0.08792300 0.72948100
v -0.28659500 0.08792300 0.72948100
v -0.28910200 0.08087400 0.72659600
v -0.28910200 0.08087400 0.72659600
v -0.28892800 0.08798000 0.72659600
v -0.28892800 0.08798000 0.72659600
v -0.30902100 0.08847100 0.72711100
v -0.30902100 0.08847100 0.72711100
v -0.30919400 0.08136500 0.72711100
v -0.30919400 0.08136500 0.72711100
v -0.31120300 0.08852500 0.73011200
v -0.31120300 0.08852500 0.73011200
v -0.31137700 0.08141900 0.73011200
v -0.31137700 0.08141900 0.73011200
v -0.31270800 0.08145100 0.73357600
v -0.31270800 0.08145100 0.73357600
v -0.31253500 0.08855700 0.73357600
v -0.31253500 0.08855700 0.73357600
v -0.31309800 0.08146100 0.73726700
v -0.31309800 0.08146100 0.73726700
v -0.31292400 0.08856700 0.73726700
v -0.31292400 0.08856700 0.73726700
v 0.06788900 -0.12003400 0.47520000
v 0.03519300 -0.11899100 0.47214700
v 0.03508200 -0.12354000 0.47520000
v 0.06681900 -0.11561100 0.47214700
v 0.09867100 -0.10815600 0.47520000
v 0.09649300 -0.10416100 0.47214700
v 0.03529500 -0.11480300 0.46861300
v 0.06583400 -0.11154000 0.46861300
v 0.00248500 -0.11843600 0.47520000
v 0.00377000 -0.11407000 0.47214700
v 0.03508200 -0.12354000 0.47520000
v 0.06769800 -0.11924400 0.49740200
v 0.06788900 -0.12003400 0.47520000
v 0.03510200 -0.12272700 0.49740200
v 0.12533000 -0.08871600 0.47520000
v 0.12219200 -0.08542100 0.47214700
v 0.09448800 -0.10048300 0.46861300
v 0.09828200 -0.10744200 0.49740200
v 0.09867100 -0.10815600 0.47520000
v 0.06494600 -0.10786900 0.46464200
v 0.03538800 -0.11102800 0.46464200
v 0.00495200 -0.11005200 0.46861300
v -0.02768000 -0.10506800 0.47520000
v -0.02531000 -0.10118400 0.47214700
v 0.00248500 -0.11843600 0.47520000
v 0.00271400 -0.11765600 0.49740200
v 0.06718000 -0.11710500 0.51945200
v 0.03515500 -0.12052700 0.51945200
v 0.14604900 -0.06303900 0.47520000
v 0.14216500 -0.06066800 0.47214700
v 0.11930300 -0.08238700 0.46861300
v 0.12476900 -0.08812700 0.49740200
v 0.12533000 -0.08871600 0.47520000
v 0.09268000 -0.09716700 0.46464200
v 0.09722800 -0.10551000 0.51945200
v 0.06416600 -0.10464300 0.46028200
v 0.03546900 -0.10771000 0.46028200
v 0.00601900 -0.10642900 0.46464200
v -0.02312700 -0.09760900 0.46861300
v -0.05335800 -0.08434900 0.47520000
v -0.05006300 -0.08121100 0.47214700
v -0.02725700 -0.10437400 0.49740200
v -0.02768000 -0.10506800 0.47520000
v 0.00333600 -0.11554400 0.51945200
v 0.06634000 -0.11363000 0.54121200
v 0.03524300 -0.11695400 0.54121200
v 0.15941700 -0.03287400 0.47520000
v 0.15505100 -0.03158900 0.47214700
v 0.13859000 -0.05848500 0.46861300
v 0.14604900 -0.06303900 0.47520000
v 0.14535500 -0.06261500 0.49740200
v 0.11669900 -0.07965200 0.46464200
v 0.12325200 -0.08653400 0.51945200
v 0.09109100 -0.09425300 0.46028200
v 0.09551700 -0.10237200 0.54121200
v 0.06350200 -0.10190100 0.45558300
v 0.03553800 -0.10488900 0.45558300
v 0.00695600 -0.10324500 0.46028200
v -0.02115900 -0.09438500 0.46464200
v -0.04702900 -0.07832200 0.46861300
v -0.07279800 -0.05769000 0.47520000
v -0.06880300 -0.05551200 0.47214700
v -0.05276900 -0.08378800 0.49740200
v -0.05335800 -0.08434900 0.47520000
v -0.02611000 -0.10249600 0.51945200
v 0.00434500 -0.11211500 0.54121200
v 0.06518200 -0.10884200 0.56254500
v 0.03536300 -0.11202900 0.56254500
v 0.16452100 -0.00027700 0.47520000
v 0.15997200 -0.00016500 0.47214700
v 0.15103300 -0.03040600 0.46861300
v 0.15941700 -0.03287400 0.47520000
v 0.15863700 -0.03264400 0.49740200
v 0.13536600 -0.05651800 0.46464200
v 0.14347700 -0.06146800 0.51945200
v 0.11441000 -0.07724900 0.46028200
v 0.12078700 -0.08394500 0.54121200
v 0.08974000 -0.09177600 0.45558300
v 0.09315900 -0.09804700 0.56254500
v 0.06296400 -0.09967500 0.45060500
v 0.03559400 -0.10260000 0.45060500
v 0.00775200 -0.10053800 0.45558300
v -0.01943000 -0.09155200 0.46028200
v -0.04429400 -0.07571800 0.46464200
v -0.06512500 -0.05350600 0.46861300
v -0.08467600 -0.02690800 0.47520000
v -0.08025300 -0.02583800 0.47214700
v -0.07208400 -0.05730100 0.49740200
v -0.07279800 -0.05769000 0.47520000
v -0.05117500 -0.08227100 0.51945200
v -0.02424800 -0.09944500 0.54121200
v 0.00573600 -0.10739000 0.56254500
v 0.06371300 -0.10277100 0.58331600
v 0.03551600 -0.10578500 0.58331600
v 0.16101500 0.03253100 0.47520000
v 0.15659200 0.03146100 0.47214700
v 0.15578400 -0.00006300 0.46861300
v 0.16452100 -0.00027700 0.47520000
v 0.16370800 -0.00025700 0.49740200
v 0.14741000 -0.02934000 0.46464200
v 0.15652600 -0.03202300 0.51945200
v 0.13253300 -0.05478800 0.46028200
v 0.14042600 -0.05960600 0.54121200
v 0.11246400 -0.07520600 0.45558300
v 0.11739000 -0.08037800 0.56254500
v 0.08864400 -0.08976600 0.45060500
v 0.09016900 -0.09256200 0.58331600
v 0.06255700 -0.09799300 0.44540500
v 0.03563600 -0.10087000 0.44540500
v 0.00839900 -0.09834200 0.45060500
v -0.01796000 -0.08914400 0.45558300
v -0.04189100 -0.07342900 0.46028200
v -0.06180900 -0.05169900 0.46464200
v -0.07618100 -0.02485300 0.46861300
v -0.08818200 0.00589900 0.47520000
v -0.08363300 0.00578800 0.47214700
v -0.08388600 -0.02671700 0.49740200
v -0.08467600 -0.02690800 0.47520000
v -0.07015200 -0.05624700 0.51945200
v -0.04858700 -0.07980500 0.54121200
v -0.02168100 -0.09524000 0.56254500
v 0.00749900 -0.10139700 0.58331600
v 0.06194300 -0.09545500 0.60339600
v 0.03570000 -0.09825900 0.60339600
v 0.14514200 0.06113500 0.47214700
v 0.14913700 0.06331300 0.47520000
v 0.15252100 0.03047600 0.46861300
v 0.16101500 0.03253100 0.47520000
v 0.16022500 0.03234000 0.49740200
v 0.15200900 0.00002900 0.46464200
v 0.16150800 -0.00020300 0.51945200
v 0.14422600 -0.02840300 0.46028200
v 0.15309600 -0.03101300 0.54121200
v 0.13012500 -0.05331800 0.45558300
v 0.13622100 -0.05704000 0.56254500
v 0.11088500 -0.07354800 0.45060500
v 0.11308200 -0.07585400 0.58331600
v 0.08781600 -0.08824600 0.44540500
v 0.08656600 -0.08595400 0.60339600
v 0.06228600 -0.09687400 0.44004700
v 0.03566400 -0.09972000 0.44004700
v 0.00888700 -0.09668100 0.44540500
v -0.01676700 -0.08719000 0.45060500
v -0.03984800 -0.07148300 0.45558300
v -0.05889500 -0.05011000 0.46028200
v -0.07251100 -0.02396500 0.46464200
v -0.07944500 0.00568600 0.46861300
v -0.07871200 0.03721100 0.47214700
v -0.08307700 0.03849600 0.47520000
v -0.08736900 0.00588000 0.49740200
v -0.08818200 0.00589900 0.47520000
v -0.08174600 -0.02619900 0.51945200
v -0.06701400 -0.05453600 0.54121200
v -0.04502000 -0.07640800 0.56254500
v -0.01842700 -0.08990800 0.58331600
v 0.00962500 -0.09417600 0.60339600
v 0.05988300 -0.08693900 0.62265700
v 0.03591400 -0.08950100 0.62265700
v 0.12640200 0.08683400 0.47214700
v 0.12969700 0.08997200 0.47520000
v 0.14146400 0.05912900 0.46861300
v 0.14913700 0.06331300 0.47520000
v 0.14842400 0.06292400 0.49740200
v 0.14885000 0.02958800 0.46464200
v 0.15808600 0.03182200 0.51945200
v 0.14869100 0.00011000 0.46028200
v 0.15793500 -0.00011600 0.54121200
v 0.14151900 -0.02760600 0.45558300
v 0.14837100 -0.02962300 0.56254500
v 0.12817100 -0.05212500 0.45060500
v 0.13089000 -0.05378500 0.58331600
v 0.10969200 -0.07229400 0.44540500
v 0.10789100 -0.07040300 0.60339600
v 0.08726500 -0.08723600 0.44004700
v 0.08237200 -0.07826100 0.62265700
v 0.06215500 -0.09633300 0.43459500
v 0.03567800 -0.09916300 0.43459500
v 0.00921200 -0.09557700 0.44004700
v -0.01586500 -0.08571200 0.44540500
v -0.03818900 -0.06990400 0.45060500
v -0.05641800 -0.04875900 0.45558300
v -0.06928500 -0.02318500 0.46028200
v -0.07567000 0.00559400 0.46464200
v -0.07469300 0.03602900 0.46861300
v -0.06582600 0.06629100 0.47214700
v -0.06971000 0.06866200 0.47520000
v -0.08229700 0.03826700 0.49740200
v -0.08307700 0.03849600 0.47520000
v -0.08516900 0.00582600 0.51945200
v -0.07827200 -0.02535900 0.54121200
v -0.06268900 -0.05217800 0.56254500
v -0.04049600 -0.07210100 0.58331600
v -0.01450500 -0.08348300 0.60339600
v 0.01209800 -0.08577100 0.62265700
v 0.05754500 -0.07727800 0.64097800
v 0.03615700 -0.07956400 0.64097800
v 0.10164900 0.10680700 0.47214700
v 0.10402000 0.11069100 0.47520000
v 0.12336800 0.08394500 0.46861300
v 0.12969700 0.08997200 0.47520000
v 0.12910900 0.08941100 0.49740200
v 0.13814800 0.05732100 0.46464200
v 0.14649100 0.06187000 0.51945200
v 0.14562400 0.02880700 0.46028200
v 0.15461100 0.03098200 0.54121200
v 0.14587000 0.00017900 0.45558300
v 0.15301000 0.00000500 0.56254500
v 0.13932300 -0.02696000 0.45060500
v 0.14237800 -0.02785900 0.58331600
v 0.12669300 -0.05122400 0.44540500
v 0.12446400 -0.04986300 0.60339600
v 0.10889800 -0.07146100 0.44004700
v 0.10184900 -0.06405800 0.62265700
v 0.08699800 -0.08674700 0.43459500
v 0.07761400 -0.06953400 0.64097800
v 0.03567600 -0.09920600 0.42911500
v 0.06216500 -0.09637500 0.42911500
v 0.00937000 -0.09504300 0.43459500
v -0.01526600 -0.08473000 0.44004700
v -0.03693600 -0.06871100 0.44540500
v -0.05440800 -0.04766300 0.45060500
v -0.06654200 -0.02252100 0.45558300
v -0.07235100 0.00551200 0.46028200
v -0.07107000 0.03496300 0.46464200
v -0.06225000 0.06410800 0.46861300
v -0.04585300 0.09104400 0.47214700
v -0.04899100 0.09433900 0.47520000
v -0.06901600 0.06823800 0.49740200
v -0.06971000 0.06866200 0.47520000
v -0.08018600 0.03764500 0.51945200
v -0.08159600 0.00573800 0.54121200
v -0.07348400 -0.02420000 0.56254500
v -0.05720400 -0.04918800 0.58331600
v -0.03504500 -0.06691000 0.60339600
v -0.00994000 -0.07600500 0.62265700
v 0.01490500 -0.07623600 0.64097800
v 0.05494600 -0.06653200 0.65824400
v 0.03642700 -0.06851100 0.65824400
v 0.07257000 0.11969300 0.47214700
v 0.07385500 0.12405800 0.47520000
v 0.09946600 0.10323200 0.46861300
v 0.10402000 0.11069100 0.47520000
v 0.10359600 0.10999700 0.49740200
v 0.12063300 0.08134100 0.46464200
v 0.12751500 0.08789300 0.51945200
v 0.13523400 0.05573300 0.46028200
v 0.14335300 0.06015900 0.54121200
v 0.14288200 0.02814400 0.45558300
v 0.14982400 0.02982300 0.56254500
v 0.14358100 0.00023500 0.45060500
v 0.14676600 0.00015700 0.58331600
v 0.13766200 -0.02647100 0.44540500
v 0.13515700 -0.02573400 0.60339600
v 0.12571100 -0.05062400 0.44004700
v 0.11698600 -0.04529900 0.62265700
v 0.10851400 -0.07105800 0.43459500
v 0.09499400 -0.05686000 0.64097800
v 0.08701900 -0.08678500 0.42911500
v 0.07232100 -0.05982800 0.65824400
v 0.03566100 -0.09984900 0.42367300
v 0.06231700 -0.09700100 0.42367300
v 0.00935700 -0.09508500 0.42911500
v -0.01497600 -0.08425500 0.43459500
v -0.03610300 -0.06791700 0.44004700
v -0.05288800 -0.04683500 0.44540500
v -0.06431700 -0.02198300 0.45060500
v -0.06953100 0.00544400 0.45558300
v -0.06788600 0.03402500 0.46028200
v -0.05902700 0.06214000 0.46464200
v -0.04296400 0.08801000 0.46861300
v -0.02015300 0.10978400 0.47214700
v -0.02233200 0.11377900 0.47520000
v -0.04843000 0.09375000 0.49740200
v -0.04899100 0.09433900 0.47520000
v -0.06713700 0.06709100 0.51945200
v -0.07675700 0.03663600 0.54121200
v -0.07667100 0.00561800 0.56254500
v -0.06741300 -0.02273200 0.58331600
v -0.05059500 -0.04558500 0.60339600
v -0.02870000 -0.06086800 0.62265700
v -0.00476100 -0.06752100 0.64097800
v 0.01802600 -0.06563000 0.65824400
v 0.05210000 -0.05476900 0.67434600
v 0.03672200 -0.05641300 0.67434600
v 0.04114700 0.12461400 0.47214700
v 0.04125800 0.12916300 0.47520000
v 0.07138700 0.11567500 0.46861300
v 0.07385500 0.12405800 0.47520000
v 0.07362500 0.12327900 0.49740200
v 0.09749900 0.10000800 0.46464200
v 0.10244900 0.10811900 0.51945200
v 0.11823000 0.07905200 0.46028200
v 0.12492600 0.08542800 0.54121200
v 0.13275700 0.05438200 0.45558300
v 0.13902800 0.05780100 0.56254500
v 0.14065600 0.02760600 0.45060500
v 0.14375200 0.02835400 0.58331600
v 0.14185100 0.00027700 0.44540500
v 0.13924000 0.00034100 0.60339600
v 0.13655800 -0.02614600 0.44004700
v 0.12675200 -0.02326000 0.62265700
v 0.12523600 -0.05033400 0.43459500
v 0.10850200 -0.04012000 0.64097800
v 0.10854400 -0.07108900 0.42911500
v 0.08737000 -0.04885400 0.65824400
v 0.08732700 -0.08735000 0.42367300
v 0.06652800 -0.04920200 0.67434600
v 0.03563100 -0.10108500 0.41833400
v 0.06260700 -0.09820200 0.41833400
v 0.00917600 -0.09570200 0.42367300
v -0.01499800 -0.08429200 0.42911500
v -0.03569900 -0.06753300 0.43459500
v -0.05187800 -0.04628400 0.44004700
v -0.06263500 -0.02157600 0.44540500
v -0.06724200 0.00538800 0.45060500
v -0.06518000 0.03322900 0.45558300
v -0.05619400 0.06041100 0.46028200
v -0.04035900 0.08527500 0.46464200
v -0.01814800 0.10610600 0.46861300
v 0.00952000 0.12123400 0.47214700
v 0.00845000 0.12565700 0.47520000
v -0.02233200 0.11377900 0.47520000
v -0.02194300 0.11306500 0.49740200
v -0.04691200 0.09215600 0.51945200
v -0.06408700 0.06522900 0.54121200
v -0.07203100 0.03524500 0.56254500
v -0.07042600 0.00546500 0.58331600
v -0.06009700 -0.02096200 0.60339600
v -0.04290300 -0.04139100 0.62265700
v -0.02150200 -0.05401300 0.64097800
v 0.00099900 -0.05808400 0.65824400
v 0.02144300 -0.05402000 0.67434600
v 0.04902600 -0.04206300 0.68918400
v 0.03704200 -0.04334400 0.68918400
v 0.04104400 0.12042600 0.46861300
v 0.04125800 0.12916300 0.47520000
v 0.04123800 0.12835000 0.49740200
v 0.07032100 0.11205100 0.46464200
v 0.07300400 0.12116700 0.51945200
v 0.09576900 0.09717500 0.46028200
v 0.10058700 0.10506800 0.54121200
v 0.11618700 0.07710600 0.45558300
v 0.12135900 0.08203100 0.56254500
v 0.13074700 0.05328600 0.45060500
v 0.13354400 0.05481100 0.58331600
v 0.13897400 0.02719800 0.44540500
v 0.13643600 0.02658400 0.60339600
v 0.14070100 0.00030600 0.44004700
v 0.13048200 0.00055500 0.62265700
v 0.13602400 -0.02598900 0.43459500
v 0.11721700 -0.02045300 0.64097800
v 0.12527300 -0.05035700 0.42911500
v 0.09906600 -0.03436000 0.65824400
v 0.10898800 -0.07155500 0.42367300
v 0.07902400 -0.04009000 0.67434600
v 0.08791900 -0.08843500 0.41833400
v 0.06027100 -0.03772400 0.68918400
v 0.06260700 -0.09820200 0.41833400
v 0.00882700 -0.09688700 0.41833400
v 0.03563100 -0.10108500 0.41833400
v 0.03572800 -0.09709300 0.41833400
v 0.06166800 -0.09432100 0.41833400
v 0.08791900 -0.08843500 0.41833400
v 0.08600700 -0.08492900 0.41833400
v 0.10984000 -0.07245000 0.41833400
v 0.10708600 -0.06955800 0.41833400
v 0.12687700 -0.05133600 0.41833400
v 0.12346800 -0.04925500 0.41833400
v 0.13786900 -0.02653200 0.41833400
v 0.13403800 -0.02540400 0.41833400
v 0.14206600 0.00027200 0.41833400
v 0.13807400 0.00037000 0.41833400
v 0.13918300 0.02724900 0.41833400
v 0.13530200 0.02631000 0.41833400
v 0.12591000 0.05064900 0.41833400
v 0.12941600 0.05256100 0.41833400
v 0.11053900 0.07172800 0.41833400
v 0.11343100 0.07448200 0.41833400
v 0.09023600 0.08811000 0.41833400
v 0.09231700 0.09151900 0.41833400
v 0.06638500 0.09867900 0.41833400
v 0.06751300 0.10251000 0.41833400
v 0.04061100 0.10271600 0.41833400
v 0.00995400 -0.09305700 0.41833400
v -0.01597800 -0.08589600 0.41833400
v -0.01389700 -0.08248700 0.41833400
v -0.03709100 -0.06885900 0.41833400
v -0.03420000 -0.06610500 0.41833400
v -0.05307700 -0.04693800 0.41833400
v -0.04957100 -0.04502600 0.41833400
v -0.06284400 -0.02162600 0.41833400
v -0.05896200 -0.02068700 0.41833400
v -0.06572600 0.00535100 0.41833400
v -0.06173500 0.00525300 0.41833400
v -0.05769800 0.03102700 0.41833400
v -0.06152900 0.03215400 0.41833400
v -0.04712900 0.05487800 0.41833400
v -0.05053800 0.05695900 0.41833400
v -0.03074700 0.07518100 0.41833400
v -0.03350000 0.07807300 0.41833400
v -0.00966800 0.09055200 0.41833400
v -0.01157900 0.09405800 0.41833400
v 0.01467100 0.09994300 0.41833400
v 0.01373200 0.10382500 0.41833400
v 0.04070900 0.10670800 0.41833400
v 0.00882700 -0.09688700 0.41833400
v -0.01533400 -0.08484100 0.42367300
v -0.03573100 -0.06756300 0.42911500
v -0.05138900 -0.04601700 0.43459500
v -0.06151600 -0.02130500 0.44004700
v -0.06551200 0.00534500 0.44540500
v -0.06298300 0.03258200 0.45060500
v -0.05378600 0.05894100 0.45558300
v -0.03807100 0.08287200 0.46028200
v -0.01634000 0.10279000 0.46464200
v 0.01050500 0.11716300 0.46861300
v 0.00845000 0.12565700 0.47520000
v 0.00864200 0.12486700 0.49740200
v -0.02088900 0.11113300 0.51945200
v -0.04444700 0.08956800 0.54121200
v -0.05988200 0.06266200 0.56254500
v -0.06603900 0.03348200 0.58331600
v -0.06290100 0.00528200 0.60339600
v -0.05158100 -0.01890100 0.62265700
v -0.03417600 -0.03663300 0.64097800
v -0.01349600 -0.04638900 0.65824400
v 0.00730400 -0.04775500 0.67434600
v 0.02513400 -0.04148000 0.68918400
v 0.03738300 -0.02938800 0.70266300
v 0.04574300 -0.02849400 0.70266300
v 0.04095200 0.11665100 0.46464200
v 0.04118400 0.12615000 0.51945200
v 0.06938400 0.10886800 0.46028200
v 0.07199400 0.11773800 0.54121200
v 0.09429900 0.09476700 0.45558300
v 0.09802100 0.10086300 0.56254500
v 0.11452900 0.07552700 0.45060500
v 0.11683500 0.07772400 0.58331600
v 0.12922700 0.05245800 0.44540500
v 0.12693500 0.05120800 0.60339600
v 0.13785600 0.02692800 0.44004700
v 0.12792000 0.02452400 0.62265700
v 0.14014400 0.00031900 0.43459500
v 0.12054500 0.00079800 0.64097800
v 0.13606600 -0.02600100 0.42911500
v 0.10661100 -0.01733200 0.65824400
v 0.12582200 -0.05069200 0.42367300
v 0.08873600 -0.02805400 0.67434600
v 0.10984000 -0.07245000 0.41833400
v 0.07000900 -0.03062300 0.68918400
v 0.05358800 -0.02546700 0.70266300
v 0.11253600 0.07363000 0.42367300
v 0.09231700 0.09151900 0.41833400
v 0.11343100 0.07448200 0.41833400
v 0.09167300 0.09046400 0.42367300
v 0.06751300 0.10251000 0.41833400
v 0.06716400 0.10132500 0.42367300
v 0.04070900 0.10670800 0.41833400
v 0.04067900 0.10547200 0.42367300
v 0.01402300 0.10262400 0.42367300
v 0.01373200 0.10382500 0.41833400
v -0.01098800 0.09297300 0.42367300
v -0.01157900 0.09405800 0.41833400
v -0.03264800 0.07717800 0.42367300
v -0.03350000 0.07807300 0.41833400
v -0.05053800 0.05695900 0.41833400
v -0.04948300 0.05631500 0.42367300
v -0.06152900 0.03215400 0.41833400
v -0.06034400 0.03180600 0.42367300
v -0.06572600 0.00535100 0.41833400
v -0.06449100 0.00532000 0.42367300
v -0.06284400 -0.02162600 0.41833400
v -0.06164300 -0.02133600 0.42367300
v -0.05307700 -0.04693800 0.41833400
v -0.05199200 -0.04634600 0.42367300
v -0.03709100 -0.06885900 0.41833400
v -0.03619700 -0.06800700 0.42367300
v -0.01597800 -0.08589600 0.41833400
v 0.12687700 -0.05133600 0.41833400
v 0.13786900 -0.02653200 0.41833400
v 0.13668300 -0.02618300 0.42367300
v 0.14206600 0.00027200 0.41833400
v 0.14083100 0.00030200 0.42367300
v 0.13918300 0.02724900 0.41833400
v 0.13798200 0.02695900 0.42367300
v 0.12941600 0.05256100 0.41833400
v 0.12833100 0.05196900 0.42367300
v -0.05142700 -0.04603800 0.42911500
v -0.06097500 -0.02117400 0.43459500
v -0.06436100 0.00531700 0.44004700
v -0.06132300 0.03209400 0.44540500
v -0.05183100 0.05774800 0.45060500
v -0.03612500 0.08082900 0.45558300
v -0.01475200 0.09987600 0.46028200
v 0.01139300 0.11349200 0.46464200
v 0.00915900 0.12272800 0.51945200
v -0.01917800 0.10799500 0.54121200
v -0.04105000 0.08600100 0.56254500
v -0.05455000 0.05940800 0.58331600
v -0.05881800 0.03135600 0.60339600
v -0.05414300 0.00506700 0.62265700
v -0.04192000 -0.01656400 0.64097800
v -0.02446900 -0.03134000 0.65824400
v -0.00473200 -0.03804300 0.67434600
v 0.01411500 -0.03659600 0.68918400
v 0.02907600 -0.02808700 0.70266300
v 0.02907600 -0.02808700 0.70266300
v 0.04574300 -0.02849400 0.70266300
v 0.03738300 -0.02938800 0.70266300
v 0.02138900 -0.02468000 0.70266300
v 0.05358800 -0.02546700 0.70266300
v 0.01484500 -0.01940000 0.70266300
v 0.06038100 -0.02051300 0.70266300
v 0.06566200 -0.01397000 0.70266300
v 0.00989100 -0.01260700 0.70266300
v 0.06906800 -0.00628200 0.70266300
v 0.00686400 -0.00476200 0.70266300
v 0.00597000 0.00359800 0.70266300
v 0.07036900 0.00202400 0.70266300
v 0.06947500 0.01038500 0.70266300
v 0.00727100 0.01190500 0.70266300
v 0.01067800 0.01959200 0.70266300
v 0.06644800 0.01822900 0.70266300
v 0.01595800 0.02613600 0.70266300
v 0.06149400 0.02502300 0.70266300
v 0.05495100 0.03030300 0.70266300
v 0.02275200 0.03109000 0.70266300
v 0.03059600 0.03411700 0.70266300
v 0.04726300 0.03371000 0.70266300
v 0.03895700 0.03501100 0.70266300
v 0.04087100 0.11333300 0.46028200
v 0.04109700 0.12257700 0.54121200
v 0.06858700 0.10616100 0.45558300
v 0.07060400 0.11301200 0.56254500
v 0.09310700 0.09281200 0.45060500
v 0.09476600 0.09553100 0.58331600
v 0.11327500 0.07433300 0.44540500
v 0.11138400 0.07253300 0.60339600
v 0.12821700 0.05190700 0.44004700
v 0.11924300 0.04701400 0.62265700
v 0.13731400 0.02679700 0.43459500
v 0.11825900 0.02218700 0.64097800
v 0.14018700 0.00031800 0.42911500
v 0.10949300 0.00106800 0.65824400
v 0.09500100 -0.01391500 0.67434600
v 0.07757800 -0.02124300 0.68918400
v 0.06038100 -0.02051300 0.70266300
v 0.11207000 0.07318600 0.42911500
v 0.09133800 0.08991500 0.42911500
v 0.06698200 0.10070800 0.42911500
v 0.04066300 0.10482900 0.42911500
v 0.01417400 0.10199800 0.42911500
v -0.01068000 0.09240800 0.42911500
v -0.03220500 0.07671200 0.42911500
v -0.04893400 0.05597900 0.42911500
v -0.05972600 0.03162400 0.42911500
v -0.06384800 0.00530500 0.42911500
v -0.06101700 -0.02118400 0.42911500
v 0.13735600 0.02680700 0.42911500
v 0.12776600 0.05166100 0.42911500
v -0.06380500 0.00530400 0.43459500
v -0.06021900 0.03176900 0.44004700
v -0.05035400 0.05684700 0.44540500
v -0.03454600 0.07917000 0.45060500
v -0.01340100 0.09739900 0.45558300
v 0.01217400 0.11026600 0.46028200
v 0.00999900 0.11925300 0.54121200
v -0.01682000 0.10367000 0.56254500
v -0.03674300 0.08147700 0.58331600
v -0.04812500 0.05548600 0.60339600
v -0.05041300 0.02888300 0.62265700
v -0.04420600 0.00482500 0.64097800
v -0.03117400 -0.01396500 0.65824400
v -0.01384400 -0.02554700 0.67434600
v 0.00473500 -0.02902800 0.68918400
v 0.02138900 -0.02468000 0.70266300
v -0.00123800 0.02686600 0.68918400
v 0.01595800 0.02613600 0.70266300
v 0.01067800 0.01959200 0.70266300
v 0.00633000 0.03624600 0.68918400
v 0.02275200 0.03109000 0.70266300
v 0.01606900 0.04334700 0.68918400
v 0.03059600 0.03411700 0.70266300
v 0.02731300 0.04768600 0.68918400
v 0.03895700 0.03501100 0.70266300
v 0.03929800 0.04896700 0.68918400
v 0.05120500 0.04710200 0.68918400
v 0.04726300 0.03371000 0.70266300
v 0.06222400 0.04221900 0.68918400
v 0.05495100 0.03030300 0.70266300
v 0.07160400 0.03465100 0.68918400
v 0.06149400 0.02502300 0.70266300
v 0.07870600 0.02491200 0.68918400
v 0.06644800 0.01822900 0.70266300
v 0.08304500 0.01366800 0.68918400
v 0.06947500 0.01038500 0.70266300
v 0.08432500 0.00168300 0.68918400
v 0.07036900 0.00202400 0.70266300
v 0.06906800 -0.00628200 0.70266300
v 0.08246100 -0.01022400 0.68918400
v 0.06566200 -0.01397000 0.70266300
v 0.01484500 -0.01940000 0.70266300
v -0.00236600 -0.01928900 0.68918400
v 0.00989100 -0.01260700 0.70266300
v -0.00670500 -0.00804500 0.68918400
v 0.00686400 -0.00476200 0.70266300
v -0.00798600 0.00393900 0.68918400
v 0.00597000 0.00359800 0.70266300
v -0.00612100 0.01584700 0.68918400
v 0.00727100 0.01190500 0.70266300
v 0.04080200 0.11051200 0.45558300
v 0.04097600 0.11765200 0.56254500
v 0.06794100 0.10396400 0.45060500
v 0.06884000 0.10702000 0.58331600
v 0.09220500 0.09133500 0.44540500
v 0.09084400 0.08910600 0.60339600
v 0.11244200 0.07354000 0.44004700
v 0.10504000 0.06649100 0.62265700
v 0.12772800 0.05164000 0.43459500
v 0.11051600 0.04225600 0.64097800
v 0.10751400 0.01958700 0.65824400
v 0.09739400 0.00136400 0.67434600
v 0.11203900 0.07315600 0.43459500
v 0.09131500 0.08987800 0.43459500
v 0.06697000 0.10066600 0.43459500
v 0.04066200 0.10478600 0.43459500
v 0.01418400 0.10195600 0.43459500
v -0.01065900 0.09237000 0.43459500
v -0.03217500 0.07668000 0.43459500
v -0.04889700 0.05595700 0.43459500
v -0.05968500 0.03161200 0.43459500
v -0.04937200 0.05624700 0.44004700
v -0.03335200 0.07791700 0.44540500
v -0.01230500 0.09538900 0.45060500
v 0.01283700 0.10752300 0.45558300
v 0.01115800 0.11446500 0.56254500
v -0.01383000 0.09818500 0.58331600
v -0.03155100 0.07602600 0.60339600
v -0.04064700 0.05092100 0.62265700
v -0.04087800 0.02607600 0.64097800
v -0.03315300 0.00455400 0.65824400
v -0.01941100 -0.01111900 0.67434600
v -0.01239600 0.03367700 0.67434600
v -0.00268500 0.04571300 0.67434600
v 0.00981100 0.05482500 0.67434600
v 0.02423900 0.06039200 0.67434600
v 0.03961700 0.06203600 0.67434600
v 0.05489600 0.05964300 0.67434600
v 0.06903500 0.05337700 0.67434600
v 0.08107100 0.04366600 0.67434600
v 0.09018300 0.03117000 0.67434600
v 0.09575000 0.01674200 0.67434600
v -0.02105400 0.00425900 0.67434600
v -0.01866200 0.01953800 0.67434600
v 0.04074600 0.10822300 0.45060500
v 0.04082400 0.11140700 0.58331600
v 0.06745200 0.10230400 0.44540500
v 0.06671500 0.09979900 0.60339600
v 0.09160500 0.09035300 0.44004700
v 0.08628000 0.08162800 0.62265700
v 0.09784100 0.05963600 0.64097800
v 0.10080900 0.03696300 0.65824400
v 0.06712700 0.10120000 0.44004700
v 0.04067600 0.10534200 0.44004700
v 0.01405300 0.10249700 0.44004700
v -0.01092600 0.09285900 0.44004700
v -0.03255900 0.07708400 0.44004700
v -0.01147600 0.09386900 0.44540500
v 0.01337600 0.10529800 0.45060500
v 0.01262700 0.10839400 0.58331600
v -0.01022600 0.09157600 0.60339600
v -0.02551000 0.06968100 0.62265700
v -0.03216300 0.04574300 0.64097800
v -0.03027200 0.02295500 0.65824400
v -0.02272600 0.03998200 0.65824400
v -0.01103100 0.05447700 0.65824400
v 0.00401800 0.06545000 0.65824400
v 0.02139400 0.07215500 0.65824400
v 0.03991300 0.07413400 0.65824400
v 0.05831300 0.07125300 0.65824400
v 0.07534100 0.06370700 0.65824400
v 0.08983500 0.05201200 0.65824400
v 0.04070400 0.10649300 0.44540500
v 0.04064000 0.10388200 0.60339600
v 0.06424100 0.09139400 0.62265700
v 0.08110100 0.07314400 0.64097800
v 0.01378300 0.10361600 0.44540500
v 0.01439700 0.10107800 0.60339600
v -0.00603300 0.08388400 0.62265700
v -0.01865500 0.06248300 0.64097800
v -0.00127400 0.07515700 0.64097800
v 0.01879400 0.08290100 0.64097800
v 0.04018300 0.08518700 0.64097800
v 0.06143500 0.08185900 0.64097800
v 0.04042600 0.09512400 0.62265700
v 0.01645700 0.09256200 0.62265700
v 0.06681900 -0.11561100 0.47214700
v 0.06788900 -0.12003400 0.47520000
v 0.03519300 -0.11899100 0.47214700
v 0.03508200 -0.12354000 0.47520000
v 0.09649300 -0.10416100 0.47214700
v 0.09867100 -0.10815600 0.47520000
v 0.06583400 -0.11154000 0.46861300
v 0.03529500 -0.11480300 0.46861300
v 0.00377000 -0.11407000 0.47214700
v 0.00248500 -0.11843600 0.47520000
v 0.03510200 -0.12272700 0.49740200
v 0.03508200 -0.12354000 0.47520000
v 0.06769800 -0.11924400 0.49740200
v 0.06788900 -0.12003400 0.47520000
v 0.12219200 -0.08542100 0.47214700
v 0.12533000 -0.08871600 0.47520000
v 0.09448800 -0.10048300 0.46861300
v 0.09828200 -0.10744200 0.49740200
v 0.09867100 -0.10815600 0.47520000
v 0.03538800 -0.11102800 0.46464200
v 0.06494600 -0.10786900 0.46464200
v 0.00495200 -0.11005200 0.46861300
v -0.02531000 -0.10118400 0.47214700
v -0.02768000 -0.10506800 0.47520000
v 0.00271400 -0.11765600 0.49740200
v 0.00248500 -0.11843600 0.47520000
v 0.03515500 -0.12052700 0.51945200
v 0.06718000 -0.11710500 0.51945200
v 0.14216500 -0.06066800 0.47214700
v 0.14604900 -0.06303900 0.47520000
v 0.11930300 -0.08238700 0.46861300
v 0.12476900 -0.08812700 0.49740200
v 0.12533000 -0.08871600 0.47520000
v 0.09268000 -0.09716700 0.46464200
v 0.09722800 -0.10551000 0.51945200
v 0.03546900 -0.10771000 0.46028200
v 0.06416600 -0.10464300 0.46028200
v 0.00601900 -0.10642900 0.46464200
v -0.02312700 -0.09760900 0.46861300
v -0.05006300 -0.08121100 0.47214700
v -0.05335800 -0.08434900 0.47520000
v -0.02768000 -0.10506800 0.47520000
v -0.02725700 -0.10437400 0.49740200
v 0.00333600 -0.11554400 0.51945200
v 0.03524300 -0.11695400 0.54121200
v 0.06634000 -0.11363000 0.54121200
v 0.15505100 -0.03158900 0.47214700
v 0.15941700 -0.03287400 0.47520000
v 0.13859000 -0.05848500 0.46861300
v 0.14535500 -0.06261500 0.49740200
v 0.14604900 -0.06303900 0.47520000
v 0.11669900 -0.07965200 0.46464200
v 0.12325200 -0.08653400 0.51945200
v 0.09109100 -0.09425300 0.46028200
v 0.09551700 -0.10237200 0.54121200
v 0.03553800 -0.10488900 0.45558300
v 0.06350200 -0.10190100 0.45558300
v 0.00695600 -0.10324500 0.46028200
v -0.02115900 -0.09438500 0.46464200
v -0.04702900 -0.07832200 0.46861300
v -0.06880300 -0.05551200 0.47214700
v -0.07279800 -0.05769000 0.47520000
v -0.05335800 -0.08434900 0.47520000
v -0.05276900 -0.08378800 0.49740200
v -0.02611000 -0.10249600 0.51945200
v 0.00434500 -0.11211500 0.54121200
v 0.03536300 -0.11202900 0.56254500
v 0.06518200 -0.10884200 0.56254500
v 0.15997200 -0.00016500 0.47214700
v 0.16452100 -0.00027700 0.47520000
v 0.15103300 -0.03040600 0.46861300
v 0.15863700 -0.03264400 0.49740200
v 0.15941700 -0.03287400 0.47520000
v 0.13536600 -0.05651800 0.46464200
v 0.14347700 -0.06146800 0.51945200
v 0.11441000 -0.07724900 0.46028200
v 0.12078700 -0.08394500 0.54121200
v 0.08974000 -0.09177600 0.45558300
v 0.09315900 -0.09804700 0.56254500
v 0.03559400 -0.10260000 0.45060500
v 0.06296400 -0.09967500 0.45060500
v 0.00775200 -0.10053800 0.45558300
v -0.01943000 -0.09155200 0.46028200
v -0.04429400 -0.07571800 0.46464200
v -0.06512500 -0.05350600 0.46861300
v -0.08025300 -0.02583800 0.47214700
v -0.08467600 -0.02690800 0.47520000
v -0.07208400 -0.05730100 0.49740200
v -0.07279800 -0.05769000 0.47520000
v -0.05117500 -0.08227100 0.51945200
v -0.02424800 -0.09944500 0.54121200
v 0.00573600 -0.10739000 0.56254500
v 0.03551600 -0.10578500 0.58331600
v 0.06371300 -0.10277100 0.58331600
v 0.15659200 0.03146100 0.47214700
v 0.16101500 0.03253100 0.47520000
v 0.15578400 -0.00006300 0.46861300
v 0.16370800 -0.00025700 0.49740200
v 0.16452100 -0.00027700 0.47520000
v 0.14741000 -0.02934000 0.46464200
v 0.15652600 -0.03202300 0.51945200
v 0.13253300 -0.05478800 0.46028200
v 0.14042600 -0.05960600 0.54121200
v 0.11246400 -0.07520600 0.45558300
v 0.11739000 -0.08037800 0.56254500
v 0.08864400 -0.08976600 0.45060500
v 0.09016900 -0.09256200 0.58331600
v 0.03563600 -0.10087000 0.44540500
v 0.06255700 -0.09799300 0.44540500
v 0.00839900 -0.09834200 0.45060500
v -0.01796000 -0.08914400 0.45558300
v -0.04189100 -0.07342900 0.46028200
v -0.06180900 -0.05169900 0.46464200
v -0.07618100 -0.02485300 0.46861300
v -0.08363300 0.00578800 0.47214700
v -0.08818200 0.00589900 0.47520000
v -0.08388600 -0.02671700 0.49740200
v -0.08467600 -0.02690800 0.47520000
v -0.07015200 -0.05624700 0.51945200
v -0.04858700 -0.07980500 0.54121200
v -0.02168100 -0.09524000 0.56254500
v 0.00749900 -0.10139700 0.58331600
v 0.03570000 -0.09825900 0.60339600
v 0.06194300 -0.09545500 0.60339600
v 0.14913700 0.06331300 0.47520000
v 0.14514200 0.06113500 0.47214700
v 0.15252100 0.03047600 0.46861300
v 0.16022500 0.03234000 0.49740200
v 0.16101500 0.03253100 0.47520000
v 0.15200900 0.00002900 0.46464200
v 0.16150800 -0.00020300 0.51945200
v 0.14422600 -0.02840300 0.46028200
v 0.15309600 -0.03101300 0.54121200
v 0.13012500 -0.05331800 0.45558300
v 0.13622100 -0.05704000 0.56254500
v 0.11088500 -0.07354800 0.45060500
v 0.11308200 -0.07585400 0.58331600
v 0.08781600 -0.08824600 0.44540500
v 0.08656600 -0.08595400 0.60339600
v 0.03566400 -0.09972000 0.44004700
v 0.06228600 -0.09687400 0.44004700
v 0.00888700 -0.09668100 0.44540500
v -0.01676700 -0.08719000 0.45060500
v -0.03984800 -0.07148300 0.45558300
v -0.05889500 -0.05011000 0.46028200
v -0.07251100 -0.02396500 0.46464200
v -0.07944500 0.00568600 0.46861300
v -0.08307700 0.03849600 0.47520000
v -0.07871200 0.03721100 0.47214700
v -0.08736900 0.00588000 0.49740200
v -0.08818200 0.00589900 0.47520000
v -0.08174600 -0.02619900 0.51945200
v -0.06701400 -0.05453600 0.54121200
v -0.04502000 -0.07640800 0.56254500
v -0.01842700 -0.08990800 0.58331600
v 0.00962500 -0.09417600 0.60339600
v 0.03591400 -0.08950100 0.62265700
v 0.05988300 -0.08693900 0.62265700
v 0.12969700 0.08997200 0.47520000
v 0.12640200 0.08683400 0.47214700
v 0.14146400 0.05912900 0.46861300
v 0.14842400 0.06292400 0.49740200
v 0.14913700 0.06331300 0.47520000
v 0.14885000 0.02958800 0.46464200
v 0.15808600 0.03182200 0.51945200
v 0.14869100 0.00011000 0.46028200
v 0.15793500 -0.00011600 0.54121200
v 0.14151900 -0.02760600 0.45558300
v 0.14837100 -0.02962300 0.56254500
v 0.12817100 -0.05212500 0.45060500
v 0.13089000 -0.05378500 0.58331600
v 0.10969200 -0.07229400 0.44540500
v 0.10789100 -0.07040300 0.60339600
v 0.08726500 -0.08723600 0.44004700
v 0.08237200 -0.07826100 0.62265700
v 0.03567800 -0.09916300 0.43459500
v 0.06215500 -0.09633300 0.43459500
v 0.00921200 -0.09557700 0.44004700
v -0.01586500 -0.08571200 0.44540500
v -0.03818900 -0.06990400 0.45060500
v -0.05641800 -0.04875900 0.45558300
v -0.06928500 -0.02318500 0.46028200
v -0.07567000 0.00559400 0.46464200
v -0.07469300 0.03602900 0.46861300
v -0.06971000 0.06866200 0.47520000
v -0.06582600 0.06629100 0.47214700
v -0.08229700 0.03826700 0.49740200
v -0.08307700 0.03849600 0.47520000
v -0.08516900 0.00582600 0.51945200
v -0.07827200 -0.02535900 0.54121200
v -0.06268900 -0.05217800 0.56254500
v -0.04049600 -0.07210100 0.58331600
v -0.01450500 -0.08348300 0.60339600
v 0.01209800 -0.08577100 0.62265700
v 0.03615700 -0.07956400 0.64097800
v 0.05754500 -0.07727800 0.64097800
v 0.10402000 0.11069100 0.47520000
v 0.10164900 0.10680700 0.47214700
v 0.12336800 0.08394500 0.46861300
v 0.12910900 0.08941100 0.49740200
v 0.12969700 0.08997200 0.47520000
v 0.13814800 0.05732100 0.46464200
v 0.14649100 0.06187000 0.51945200
v 0.14562400 0.02880700 0.46028200
v 0.15461100 0.03098200 0.54121200
v 0.14587000 0.00017900 0.45558300
v 0.15301000 0.00000500 0.56254500
v 0.13932300 -0.02696000 0.45060500
v 0.14237800 -0.02785900 0.58331600
v 0.12669300 -0.05122400 0.44540500
v 0.12446400 -0.04986300 0.60339600
v 0.10889800 -0.07146100 0.44004700
v 0.10184900 -0.06405800 0.62265700
v 0.08699800 -0.08674700 0.43459500
v 0.07761400 -0.06953400 0.64097800
v 0.03567600 -0.09920600 0.42911500
v 0.06216500 -0.09637500 0.42911500
v 0.00937000 -0.09504300 0.43459500
v -0.01526600 -0.08473000 0.44004700
v -0.03693600 -0.06871100 0.44540500
v -0.05440800 -0.04766300 0.45060500
v -0.06654200 -0.02252100 0.45558300
v -0.07235100 0.00551200 0.46028200
v -0.07107000 0.03496300 0.46464200
v -0.06225000 0.06410800 0.46861300
v -0.04899100 0.09433900 0.47520000
v -0.04585300 0.09104400 0.47214700
v -0.06901600 0.06823800 0.49740200
v -0.06971000 0.06866200 0.47520000
v -0.08018600 0.03764500 0.51945200
v -0.08159600 0.00573800 0.54121200
v -0.07348400 -0.02420000 0.56254500
v -0.05720400 -0.04918800 0.58331600
v -0.03504500 -0.06691000 0.60339600
v -0.00994000 -0.07600500 0.62265700
v 0.01490500 -0.07623600 0.64097800
v 0.03642700 -0.06851100 0.65824400
v 0.05494600 -0.06653200 0.65824400
v 0.07385500 0.12405800 0.47520000
v 0.07257000 0.11969300 0.47214700
v 0.09946600 0.10323200 0.46861300
v 0.10359600 0.10999700 0.49740200
v 0.10402000 0.11069100 0.47520000
v 0.12063300 0.08134100 0.46464200
v 0.12751500 0.08789300 0.51945200
v 0.13523400 0.05573300 0.46028200
v 0.14335300 0.06015900 0.54121200
v 0.14288200 0.02814400 0.45558300
v 0.14982400 0.02982300 0.56254500
v 0.14358100 0.00023500 0.45060500
v 0.14676600 0.00015700 0.58331600
v 0.13766200 -0.02647100 0.44540500
v 0.13515700 -0.02573400 0.60339600
v 0.12571100 -0.05062400 0.44004700
v 0.11698600 -0.04529900 0.62265700
v 0.10851400 -0.07105800 0.43459500
v 0.09499400 -0.05686000 0.64097800
v 0.08701900 -0.08678500 0.42911500
v 0.07232100 -0.05982800 0.65824400
v 0.03566100 -0.09984900 0.42367300
v 0.06231700 -0.09700100 0.42367300
v 0.00935700 -0.09508500 0.42911500
v -0.01497600 -0.08425500 0.43459500
v -0.03610300 -0.06791700 0.44004700
v -0.05288800 -0.04683500 0.44540500
v -0.06431700 -0.02198300 0.45060500
v -0.06953100 0.00544400 0.45558300
v -0.06788600 0.03402500 0.46028200
v -0.05902700 0.06214000 0.46464200
v -0.04296400 0.08801000 0.46861300
v -0.02233200 0.11377900 0.47520000
v -0.02015300 0.10978400 0.47214700
v -0.04843000 0.09375000 0.49740200
v -0.04899100 0.09433900 0.47520000
v -0.06713700 0.06709100 0.51945200
v -0.07675700 0.03663600 0.54121200
v -0.07667100 0.00561800 0.56254500
v -0.06741300 -0.02273200 0.58331600
v -0.05059500 -0.04558500 0.60339600
v -0.02870000 -0.06086800 0.62265700
v -0.00476100 -0.06752100 0.64097800
v 0.01802600 -0.06563000 0.65824400
v 0.03672200 -0.05641300 0.67434600
v 0.05210000 -0.05476900 0.67434600
v 0.04125800 0.12916300 0.47520000
v 0.04114700 0.12461400 0.47214700
v 0.07138700 0.11567500 0.46861300
v 0.07362500 0.12327900 0.49740200
v 0.07385500 0.12405800 0.47520000
v 0.09749900 0.10000800 0.46464200
v 0.10244900 0.10811900 0.51945200
v 0.11823000 0.07905200 0.46028200
v 0.12492600 0.08542800 0.54121200
v 0.13275700 0.05438200 0.45558300
v 0.13902800 0.05780100 0.56254500
v 0.14065600 0.02760600 0.45060500
v 0.14375200 0.02835400 0.58331600
v 0.14185100 0.00027700 0.44540500
v 0.13924000 0.00034100 0.60339600
v 0.13655800 -0.02614600 0.44004700
v 0.12675200 -0.02326000 0.62265700
v 0.12523600 -0.05033400 0.43459500
v 0.10850200 -0.04012000 0.64097800
v 0.10854400 -0.07108900 0.42911500
v 0.08737000 -0.04885400 0.65824400
v 0.08732700 -0.08735000 0.42367300
v 0.06652800 -0.04920200 0.67434600
v 0.03563100 -0.10108500 0.41833400
v 0.06260700 -0.09820200 0.41833400
v 0.00917600 -0.09570200 0.42367300
v -0.01499800 -0.08429200 0.42911500
v -0.03569900 -0.06753300 0.43459500
v -0.05187800 -0.04628400 0.44004700
v -0.06263500 -0.02157600 0.44540500
v -0.06724200 0.00538800 0.45060500
v -0.06518000 0.03322900 0.45558300
v -0.05619400 0.06041100 0.46028200
v -0.04035900 0.08527500 0.46464200
v -0.01814800 0.10610600 0.46861300
v 0.00845000 0.12565700 0.47520000
v 0.00952000 0.12123400 0.47214700
v -0.02233200 0.11377900 0.47520000
v -0.02194300 0.11306500 0.49740200
v -0.04691200 0.09215600 0.51945200
v -0.06408700 0.06522900 0.54121200
v -0.07203100 0.03524500 0.56254500
v -0.07042600 0.00546500 0.58331600
v -0.06009700 -0.02096200 0.60339600
v -0.04290300 -0.04139100 0.62265700
v -0.02150200 -0.05401300 0.64097800
v 0.00099900 -0.05808400 0.65824400
v 0.02144300 -0.05402000 0.67434600
v 0.03704200 -0.04334400 0.68918400
v 0.04902600 -0.04206300 0.68918400
v 0.04104400 0.12042600 0.46861300
v 0.04123800 0.12835000 0.49740200
v 0.04125800 0.12916300 0.47520000
v 0.07032100 0.11205100 0.46464200
v 0.07300400 0.12116700 0.51945200
v 0.09576900 0.09717500 0.46028200
v 0.10058700 0.10506800 0.54121200
v 0.11618700 0.07710600 0.45558300
v 0.12135900 0.08203100 0.56254500
v 0.13074700 0.05328600 0.45060500
v 0.13354400 0.05481100 0.58331600
v 0.13897400 0.02719800 0.44540500
v 0.13643600 0.02658400 0.60339600
v 0.14070100 0.00030600 0.44004700
v 0.13048200 0.00055500 0.62265700
v 0.13602400 -0.02598900 0.43459500
v 0.11721700 -0.02045300 0.64097800
v 0.12527300 -0.05035700 0.42911500
v 0.09906600 -0.03436000 0.65824400
v 0.10898800 -0.07155500 0.42367300
v 0.07902400 -0.04009000 0.67434600
v 0.08791900 -0.08843500 0.41833400
v 0.06027100 -0.03772400 0.68918400
v 0.04070900 0.10670800 0.41833400
v 0.06751300 0.10251000 0.41833400
v 0.01373200 0.10382500 0.41833400
v 0.04061100 0.10271600 0.41833400
v 0.01467100 0.09994300 0.41833400
v -0.01157900 0.09405800 0.41833400
v -0.00966800 0.09055200 0.41833400
v -0.03350000 0.07807300 0.41833400
v -0.03074700 0.07518100 0.41833400
v -0.05053800 0.05695900 0.41833400
v -0.04712900 0.05487800 0.41833400
v -0.06152900 0.03215400 0.41833400
v -0.05769800 0.03102700 0.41833400
v -0.06572600 0.00535100 0.41833400
v -0.06173500 0.00525300 0.41833400
v -0.05896200 -0.02068700 0.41833400
v -0.06284400 -0.02162600 0.41833400
v -0.04957100 -0.04502600 0.41833400
v -0.05307700 -0.04693800 0.41833400
v -0.03420000 -0.06610500 0.41833400
v -0.03709100 -0.06885900 0.41833400
v -0.01389700 -0.08248700 0.41833400
v -0.01597800 -0.08589600 0.41833400
v 0.00995400 -0.09305700 0.41833400
v 0.03572800 -0.09709300 0.41833400
v 0.00882700 -0.09688700 0.41833400
v 0.06638500 0.09867900 0.41833400
v 0.09231700 0.09151900 0.41833400
v 0.09023600 0.08811000 0.41833400
v 0.11343100 0.07448200 0.41833400
v 0.11053900 0.07172800 0.41833400
v 0.12941600 0.05256100 0.41833400
v 0.12591000 0.05064900 0.41833400
v 0.13918300 0.02724900 0.41833400
v 0.13530200 0.02631000 0.41833400
v 0.13807400 0.00037000 0.41833400
v 0.14206600 0.00027200 0.41833400
v 0.13403800 -0.02540400 0.41833400
v 0.13786900 -0.02653200 0.41833400
v 0.12346800 -0.04925500 0.41833400
v 0.12687700 -0.05133600 0.41833400
v 0.10708600 -0.06955800 0.41833400
v 0.10984000 -0.07245000 0.41833400
v 0.08600700 -0.08492900 0.41833400
v 0.08791900 -0.08843500 0.41833400
v 0.06166800 -0.09432100 0.41833400
v 0.06260700 -0.09820200 0.41833400
v 0.03563100 -0.10108500 0.41833400
v 0.00882700 -0.09688700 0.41833400
v -0.01533400 -0.08484100 0.42367300
v -0.03573100 -0.06756300 0.42911500
v -0.05138900 -0.04601700 0.43459500
v -0.06151600 -0.02130500 0.44004700
v -0.06551200 0.00534500 0.44540500
v -0.06298300 0.03258200 0.45060500
v -0.05378600 0.05894100 0.45558300
v -0.03807100 0.08287200 0.46028200
v -0.01634000 0.10279000 0.46464200
v 0.01050500 0.11716300 0.46861300
v 0.00845000 0.12565700 0.47520000
v 0.00864200 0.12486700 0.49740200
v -0.02088900 0.11113300 0.51945200
v -0.04444700 0.08956800 0.54121200
v -0.05988200 0.06266200 0.56254500
v -0.06603900 0.03348200 0.58331600
v -0.06290100 0.00528200 0.60339600
v -0.05158100 -0.01890100 0.62265700
v -0.03417600 -0.03663300 0.64097800
v -0.01349600 -0.04638900 0.65824400
v 0.00730400 -0.04775500 0.67434600
v 0.02513400 -0.04148000 0.68918400
v 0.04574300 -0.02849400 0.70266300
v 0.03738300 -0.02938800 0.70266300
v 0.04095200 0.11665100 0.46464200
v 0.04118400 0.12615000 0.51945200
v 0.06938400 0.10886800 0.46028200
v 0.07199400 0.11773800 0.54121200
v 0.09429900 0.09476700 0.45558300
v 0.09802100 0.10086300 0.56254500
v 0.11452900 0.07552700 0.45060500
v 0.11683500 0.07772400 0.58331600
v 0.12922700 0.05245800 0.44540500
v 0.12693500 0.05120800 0.60339600
v 0.13785600 0.02692800 0.44004700
v 0.12792000 0.02452400 0.62265700
v 0.14014400 0.00031900 0.43459500
v 0.12054500 0.00079800 0.64097800
v 0.13606600 -0.02600100 0.42911500
v 0.10661100 -0.01733200 0.65824400
v 0.12582200 -0.05069200 0.42367300
v 0.08873600 -0.02805400 0.67434600
v 0.10984000 -0.07245000 0.41833400
v 0.07000900 -0.03062300 0.68918400
v 0.05358800 -0.02546700 0.70266300
v 0.09167300 0.09046400 0.42367300
v 0.11253600 0.07363000 0.42367300
v 0.09231700 0.09151900 0.41833400
v 0.11343100 0.07448200 0.41833400
v 0.06716400 0.10132500 0.42367300
v 0.06751300 0.10251000 0.41833400
v 0.04067900 0.10547200 0.42367300
v 0.04070900 0.10670800 0.41833400
v 0.01373200 0.10382500 0.41833400
v 0.01402300 0.10262400 0.42367300
v -0.01157900 0.09405800 0.41833400
v -0.01098800 0.09297300 0.42367300
v -0.03350000 0.07807300 0.41833400
v -0.03264800 0.07717800 0.42367300
v -0.04948300 0.05631500 0.42367300
v -0.05053800 0.05695900 0.41833400
v -0.06034400 0.03180600 0.42367300
v -0.06152900 0.03215400 0.41833400
v -0.06449100 0.00532000 0.42367300
v -0.06572600 0.00535100 0.41833400
v -0.06164300 -0.02133600 0.42367300
v -0.06284400 -0.02162600 0.41833400
v -0.05199200 -0.04634600 0.42367300
v -0.05307700 -0.04693800 0.41833400
v -0.03619700 -0.06800700 0.42367300
v -0.03709100 -0.06885900 0.41833400
v -0.01597800 -0.08589600 0.41833400
v 0.12687700 -0.05133600 0.41833400
v 0.13668300 -0.02618300 0.42367300
v 0.13786900 -0.02653200 0.41833400
v 0.14083100 0.00030200 0.42367300
v 0.14206600 0.00027200 0.41833400
v 0.13798200 0.02695900 0.42367300
v 0.13918300 0.02724900 0.41833400
v 0.12833100 0.05196900 0.42367300
v 0.12941600 0.05256100 0.41833400
v -0.05142700 -0.04603800 0.42911500
v -0.06097500 -0.02117400 0.43459500
v -0.06436100 0.00531700 0.44004700
v -0.06132300 0.03209400 0.44540500
v -0.05183100 0.05774800 0.45060500
v -0.03612500 0.08082900 0.45558300
v -0.01475200 0.09987600 0.46028200
v 0.01139300 0.11349200 0.46464200
v 0.00915900 0.12272800 0.51945200
v -0.01917800 0.10799500 0.54121200
v -0.04105000 0.08600100 0.56254500
v -0.05455000 0.05940800 0.58331600
v -0.05881800 0.03135600 0.60339600
v -0.05414300 0.00506700 0.62265700
v -0.04192000 -0.01656400 0.64097800
v -0.02446900 -0.03134000 0.65824400
v -0.00473200 -0.03804300 0.67434600
v 0.01411500 -0.03659600 0.68918400
v 0.02907600 -0.02808700 0.70266300
v 0.03895700 0.03501100 0.70266300
v 0.03059600 0.03411700 0.70266300
v 0.04726300 0.03371000 0.70266300
v 0.05495100 0.03030300 0.70266300
v 0.02275200 0.03109000 0.70266300
v 0.01595800 0.02613600 0.70266300
v 0.06149400 0.02502300 0.70266300
v 0.06644800 0.01822900 0.70266300
v 0.01067800 0.01959200 0.70266300
v 0.06947500 0.01038500 0.70266300
v 0.00727100 0.01190500 0.70266300
v 0.00597000 0.00359800 0.70266300
v 0.07036900 0.00202400 0.70266300
v 0.06906800 -0.00628200 0.70266300
v 0.00686400 -0.00476200 0.70266300
v 0.00989100 -0.01260700 0.70266300
v 0.06566200 -0.01397000 0.70266300
v 0.01484500 -0.01940000 0.70266300
v 0.06038100 -0.02051300 0.70266300
v 0.05358800 -0.02546700 0.70266300
v 0.02138900 -0.02468000 0.70266300
v 0.04574300 -0.02849400 0.70266300
v 0.02907600 -0.02808700 0.70266300
v 0.03738300 -0.02938800 0.70266300
v 0.04087100 0.11333300 0.46028200
v 0.04109700 0.12257700 0.54121200
v 0.06858700 0.10616100 0.45558300
v 0.07060400 0.11301200 0.56254500
v 0.09310700 0.09281200 0.45060500
v 0.09476600 0.09553100 0.58331600
v 0.11327500 0.07433300 0.44540500
v 0.11138400 0.07253300 0.60339600
v 0.12821700 0.05190700 0.44004700
v 0.11924300 0.04701400 0.62265700
v 0.13731400 0.02679700 0.43459500
v 0.11825900 0.02218700 0.64097800
v 0.14018700 0.00031800 0.42911500
v 0.10949300 0.00106800 0.65824400
v 0.09500100 -0.01391500 0.67434600
v 0.07757800 -0.02124300 0.68918400
v 0.06038100 -0.02051300 0.70266300
v 0.09133800 0.08991500 0.42911500
v 0.11207000 0.07318600 0.42911500
v 0.06698200 0.10070800 0.42911500
v 0.04066300 0.10482900 0.42911500
v 0.01417400 0.10199800 0.42911500
v -0.01068000 0.09240800 0.42911500
v -0.03220500 0.07671200 0.42911500
v -0.04893400 0.05597900 0.42911500
v -0.05972600 0.03162400 0.42911500
v -0.06384800 0.00530500 0.42911500
v -0.06101700 -0.02118400 0.42911500
v 0.13735600 0.02680700 0.42911500
v 0.12776600 0.05166100 0.42911500
v -0.06380500 0.00530400 0.43459500
v -0.06021900 0.03176900 0.44004700
v -0.05035400 0.05684700 0.44540500
v -0.03454600 0.07917000 0.45060500
v -0.01340100 0.09739900 0.45558300
v 0.01217400 0.11026600 0.46028200
v 0.00999900 0.11925300 0.54121200
v -0.01682000 0.10367000 0.56254500
v -0.03674300 0.08147700 0.58331600
v -0.04812500 0.05548600 0.60339600
v -0.05041300 0.02888300 0.62265700
v -0.04420600 0.00482500 0.64097800
v -0.03117400 -0.01396500 0.65824400
v -0.01384400 -0.02554700 0.67434600
v 0.00473500 -0.02902800 0.68918400
v 0.02138900 -0.02468000 0.70266300
v 0.00633000 0.03624600 0.68918400
v -0.00123800 0.02686600 0.68918400
v 0.01595800 0.02613600 0.70266300
v 0.01067800 0.01959200 0.70266300
v 0.01606900 0.04334700 0.68918400
v 0.02275200 0.03109000 0.70266300
v 0.02731300 0.04768600 0.68918400
v 0.03059600 0.03411700 0.70266300
v 0.03929800 0.04896700 0.68918400
v 0.03895700 0.03501100 0.70266300
v 0.05120500 0.04710200 0.68918400
v 0.04726300 0.03371000 0.70266300
v 0.06222400 0.04221900 0.68918400
v 0.05495100 0.03030300 0.70266300
v 0.07160400 0.03465100 0.68918400
v 0.06149400 0.02502300 0.70266300
v 0.07870600 0.02491200 0.68918400
v 0.06644800 0.01822900 0.70266300
v 0.08304500 0.01366800 0.68918400
v 0.06947500 0.01038500 0.70266300
v 0.08432500 0.00168300 0.68918400
v 0.07036900 0.00202400 0.70266300
v 0.06906800 -0.00628200 0.70266300
v 0.08246100 -0.01022400 0.68918400
v 0.06566200 -0.01397000 0.70266300
v 0.01484500 -0.01940000 0.70266300
v 0.00989100 -0.01260700 0.70266300
v -0.00236600 -0.01928900 0.68918400
v 0.00686400 -0.00476200 0.70266300
v -0.00670500 -0.00804500 0.68918400
v 0.00597000 0.00359800 0.70266300
v -0.00798600 0.00393900 0.68918400
v 0.00727100 0.01190500 0.70266300
v -0.00612100 0.01584700 0.68918400
v 0.04080200 0.11051200 0.45558300
v 0.04097600 0.11765200 0.56254500
v 0.06794100 0.10396400 0.45060500
v 0.06884000 0.10702000 0.58331600
v 0.09220500 0.09133500 0.44540500
v 0.09084400 0.08910600 0.60339600
v 0.11244200 0.07354000 0.44004700
v 0.10504000 0.06649100 0.62265700
v 0.12772800 0.05164000 0.43459500
v 0.11051600 0.04225600 0.64097800
v 0.10751400 0.01958700 0.65824400
v 0.09739400 0.00136400 0.67434600
v 0.09131500 0.08987800 0.43459500
v 0.11203900 0.07315600 0.43459500
v 0.06697000 0.10066600 0.43459500
v 0.04066200 0.10478600 0.43459500
v 0.01418400 0.10195600 0.43459500
v -0.01065900 0.09237000 0.43459500
v -0.03217500 0.07668000 0.43459500
v -0.04889700 0.05595700 0.43459500
v -0.05968500 0.03161200 0.43459500
v -0.04937200 0.05624700 0.44004700
v -0.03335200 0.07791700 0.44540500
v -0.01230500 0.09538900 0.45060500
v 0.01283700 0.10752300 0.45558300
v 0.01115800 0.11446500 0.56254500
v -0.01383000 0.09818500 0.58331600
v -0.03155100 0.07602600 0.60339600
v -0.04064700 0.05092100 0.62265700
v -0.04087800 0.02607600 0.64097800
v -0.03315300 0.00455400 0.65824400
v -0.01941100 -0.01111900 0.67434600
v -0.00268500 0.04571300 0.67434600
v -0.01239600 0.03367700 0.67434600
v 0.00981100 0.05482500 0.67434600
v 0.02423900 0.06039200 0.67434600
v 0.03961700 0.06203600 0.67434600
v 0.05489600 0.05964300 0.67434600
v 0.06903500 0.05337700 0.67434600
v 0.08107100 0.04366600 0.67434600
v 0.09018300 0.03117000 0.67434600
v 0.09575000 0.01674200 0.67434600
v -0.02105400 0.00425900 0.67434600
v -0.01866200 0.01953800 0.67434600
v 0.04074600 0.10822300 0.45060500
v 0.04082400 0.11140700 0.58331600
v 0.06745200 0.10230400 0.44540500
v 0.06671500 0.09979900 0.60339600
v 0.09160500 0.09035300 0.44004700
v 0.08628000 0.08162800 0.62265700
v 0.09784100 0.05963600 0.64097800
v 0.10080900 0.03696300 0.65824400
v 0.06712700 0.10120000 0.44004700
v 0.04067600 0.10534200 0.44004700
v 0.01405300 0.10249700 0.44004700
v -0.01092600 0.09285900 0.44004700
v -0.03255900 0.07708400 0.44004700
v -0.01147600 0.09386900 0.44540500
v 0.01337600 0.10529800 0.45060500
v 0.01262700 0.10839400 0.58331600
v -0.01022600 0.09157600 0.60339600
v -0.02551000 0.06968100 0.62265700
v -0.03216300 0.04574300 0.64097800
v -0.03027200 0.02295500 0.65824400
v -0.02272600 0.03998200 0.65824400
v -0.01103100 0.05447700 0.65824400
v 0.00401800 0.06545000 0.65824400
v 0.02139400 0.07215500 0.65824400
v 0.03991300 0.07413400 0.65824400
v 0.05831300 0.07125300 0.65824400
v 0.07534100 0.06370700 0.65824400
v 0.08983500 0.05201200 0.65824400
v 0.04070400 0.10649300 0.44540500
v 0.04064000 0.10388200 0.60339600
v 0.06424100 0.09139400 0.62265700
v 0.08110100 0.07314400 0.64097800
v 0.01378300 0.10361600 0.44540500
v 0.01439700 0.10107800 0.60339600
v -0.00603300 0.08388400 0.62265700
v -0.01865500 0.06248300 0.64097800
v -0.00127400 0.07515700 0.64097800
v 0.01879400 0.08290100 0.64097800
v 0.04018300 0.08518700 0.64097800
v 0.06143500 0.08185900 0.64097800
v 0.04042600 0.09512400 0.62265700
v 0.01645700 0.09256200 0.62265700
v 0.09333600 -0.09837200 0.39976600
v 0.11593400 -0.07884900 0.40358600
v 0.11764500 -0.08064600 0.39976600
v 0.09214900 -0.09619300 0.40358600
v 0.13653700 -0.05723200 0.39976600
v 0.13441900 -0.05594000 0.40358600
v 0.09439800 -0.10032000 0.39569400
v 0.11917500 -0.08225200 0.39569400
v 0.06526900 -0.10920200 0.39976600
v 0.06468500 -0.10679100 0.40358600
v 0.11405300 -0.07687400 0.40712800
v 0.09084400 -0.09379900 0.40712800
v 0.14872600 -0.02972700 0.39976600
v 0.14634600 -0.02902700 0.40358600
v 0.13843100 -0.05838800 0.39569400
v 0.13209200 -0.05451900 0.40712800
v 0.09532700 -0.10202300 0.39140200
v 0.12051300 -0.08365700 0.39140200
v 0.06579000 -0.11135900 0.39569400
v 0.03535400 -0.11239900 0.39976600
v 0.03541500 -0.10991900 0.40358600
v 0.06404400 -0.10414000 0.40712800
v 0.08943000 -0.09120700 0.41036700
v 0.11201700 -0.07473600 0.41036700
v 0.15338000 -0.00000400 0.39976600
v 0.15090000 0.00005600 0.40358600
v 0.15085400 -0.03035400 0.39569400
v 0.14373000 -0.02825700 0.40712800
v 0.14008700 -0.05939900 0.39140200
v 0.12957200 -0.05298100 0.41036700
v 0.09611600 -0.10346900 0.38691700
v 0.12164900 -0.08485000 0.38691700
v 0.06624600 -0.11324400 0.39140200
v 0.03530000 -0.11461700 0.39569400
v 0.00563100 -0.10774500 0.39976600
v 0.00633200 -0.10536400 0.40358600
v 0.03548100 -0.10719300 0.40712800
v 0.06335000 -0.10127100 0.41036700
v 0.08791900 -0.08843500 0.41327900
v 0.10984000 -0.07245000 0.41327900
v 0.15018300 0.02991000 0.39976600
v 0.14777200 0.02932700 0.40358600
v 0.15559800 -0.00005900 0.39569400
v 0.14817400 0.00012300 0.40712800
v 0.15271500 -0.03090100 0.39140200
v 0.14089700 -0.02742300 0.41036700
v 0.14149300 -0.06025700 0.38691700
v 0.12687700 -0.05133600 0.41327900
v 0.09675900 -0.10464900 0.38227300
v 0.12257500 -0.08582300 0.38227300
v 0.06663400 -0.11484500 0.38691700
v 0.03525200 -0.11655600 0.39140200
v 0.00500500 -0.10987300 0.39569400
v -0.02058100 -0.09343800 0.40358600
v -0.02187400 -0.09555600 0.39976600
v 0.00710200 -0.10274900 0.40712800
v 0.03555300 -0.10424100 0.41036700
v 0.06260700 -0.09820200 0.41327900
v 0.00882700 -0.09688700 0.41327900
v 0.00995400 -0.09305700 0.41327900
v 0.03572800 -0.09709300 0.41327900
v -0.01597800 -0.08589600 0.41327900
v -0.01389700 -0.08248700 0.41327900
v -0.03709100 -0.06885900 0.41327900
v -0.03420000 -0.06610500 0.41327900
v -0.05307700 -0.04693800 0.41327900
v -0.04957100 -0.04502600 0.41327900
v -0.06284400 -0.02162600 0.41327900
v -0.05896200 -0.02068700 0.41327900
v -0.06572600 0.00535100 0.41327900
v -0.06173500 0.00525300 0.41327900
v -0.06152900 0.03215400 0.41327900
v -0.05769800 0.03102700 0.41327900
v -0.04712900 0.05487800 0.41327900
v -0.05053800 0.05695900 0.41327900
v -0.03074700 0.07518100 0.41327900
v -0.03350000 0.07807300 0.41327900
v -0.00966800 0.09055200 0.41327900
v -0.01157900 0.09405800 0.41327900
v 0.01467100 0.09994300 0.41327900
v 0.01373200 0.10382500 0.41327900
v 0.04061100 0.10271600 0.41327900
v 0.06260700 -0.09820200 0.41327900
v 0.03563100 -0.10108500 0.41327900
v 0.06166800 -0.09432100 0.41327900
v 0.08791900 -0.08843500 0.41327900
v 0.08600700 -0.08492900 0.41327900
v 0.10984000 -0.07245000 0.41327900
v 0.10708600 -0.06955800 0.41327900
v 0.12687700 -0.05133600 0.41327900
v 0.12346800 -0.04925500 0.41327900
v 0.13786900 -0.02653200 0.41327900
v 0.13403800 -0.02540400 0.41327900
v 0.14206600 0.00027200 0.41327900
v 0.13807400 0.00037000 0.41327900
v 0.13918300 0.02724900 0.41327900
v 0.13530200 0.02631000 0.41327900
v 0.12591000 0.05064900 0.41327900
v 0.12941600 0.05256100 0.41327900
v 0.11053900 0.07172800 0.41327900
v 0.11343100 0.07448200 0.41327900
v 0.09023600 0.08811000 0.41327900
v 0.09231700 0.09151900 0.41327900
v 0.06638500 0.09867900 0.41327900
v 0.06751300 0.10251000 0.41327900
v 0.04070900 0.10670800 0.41327900
v 0.13935300 0.05797800 0.39976600
v 0.13717400 0.05679100 0.40358600
v 0.15234000 0.03043200 0.39569400
v 0.14512200 0.02868600 0.40712800
v 0.15753700 -0.00010600 0.39140200
v 0.14522200 0.00019500 0.41036700
v 0.15429500 -0.03136600 0.38691700
v 0.13786900 -0.02653200 0.41327900
v 0.14263900 -0.06095700 0.38227300
v 0.09725200 -0.10555300 0.37750300
v 0.12328500 -0.08656900 0.37750300
v 0.06695000 -0.11615100 0.38227300
v 0.03521200 -0.11820300 0.38691700
v 0.00445700 -0.11173400 0.39140200
v -0.02303000 -0.09745000 0.39569400
v -0.04349100 -0.07495300 0.40358600
v -0.04528800 -0.07666400 0.39976600
v -0.01916100 -0.09111100 0.40712800
v 0.00793500 -0.09991600 0.41036700
v 0.03563100 -0.10108500 0.41327900
v 0.01299000 0.10689400 0.41036700
v 0.04070900 0.10670800 0.41327900
v 0.01373200 0.10382500 0.41327900
v 0.04078600 0.10986400 0.41036700
v 0.06840400 0.10553900 0.41036700
v 0.06751300 0.10251000 0.41327900
v 0.09396200 0.09421400 0.41036700
v 0.09231700 0.09151900 0.41327900
v 0.11571700 0.07665900 0.41036700
v 0.11343100 0.07448200 0.41327900
v 0.13218800 0.05407200 0.41036700
v 0.12941600 0.05256100 0.41327900
v 0.14225200 0.02799200 0.41036700
v 0.13918300 0.02724900 0.41327900
v 0.14206600 0.00027200 0.41327900
v 0.00882700 -0.09688700 0.41327900
v -0.01762200 -0.08859100 0.41036700
v -0.01597800 -0.08589600 0.41327900
v -0.03937800 -0.07103600 0.41036700
v -0.03709100 -0.06885900 0.41327900
v -0.05584900 -0.04844900 0.41036700
v -0.05307700 -0.04693800 0.41327900
v -0.06591200 -0.02236900 0.41036700
v -0.06284400 -0.02162600 0.41327900
v -0.06888300 0.00542800 0.41036700
v -0.06572600 0.00535100 0.41327900
v -0.06455800 0.03304600 0.41036700
v -0.06152900 0.03215400 0.41327900
v -0.05053800 0.05695900 0.41327900
v -0.05323300 0.05860400 0.41036700
v -0.03350000 0.07807300 0.41327900
v -0.03567800 0.08035900 0.41036700
v -0.01157900 0.09405800 0.41327900
v -0.01309100 0.09683000 0.41036700
v 0.12162700 0.08228700 0.39976600
v 0.11983000 0.08057600 0.40358600
v 0.14130100 0.05904000 0.39569400
v 0.13478000 0.05548500 0.40712800
v 0.15422500 0.03088800 0.39140200
v 0.15918400 -0.00014600 0.38691700
v 0.15558400 -0.03174600 0.38227300
v 0.14351800 -0.06149400 0.37750300
v 0.09759100 -0.10617500 0.37263900
v 0.12377400 -0.08708200 0.37263900
v 0.06719200 -0.11715200 0.37750300
v 0.03517900 -0.11954600 0.38227300
v 0.00399200 -0.11331400 0.38691700
v -0.02404100 -0.09910500 0.39140200
v -0.04689400 -0.07819400 0.39569400
v -0.06083500 -0.05116800 0.40358600
v -0.06301300 -0.05235500 0.39976600
v -0.04151600 -0.07307200 0.40712800
v 0.04085800 0.11281600 0.40712800
v 0.01229500 0.10976300 0.40712800
v 0.06923800 0.10837200 0.40712800
v 0.09550000 0.09673400 0.40712800
v 0.11785500 0.07869500 0.40712800
v -0.05844100 -0.04986200 0.40712800
v -0.06878200 -0.02306300 0.40712800
v -0.07183500 0.00550000 0.40712800
v -0.06739100 0.03388000 0.40712800
v -0.05575300 0.06014200 0.40712800
v -0.03771400 0.08249700 0.40712800
v -0.01450400 0.09942200 0.40712800
v 0.09821300 0.10117900 0.39976600
v 0.09692100 0.09906100 0.40358600
v 0.12323300 0.08381700 0.39569400
v 0.14300400 0.05996900 0.39140200
v 0.15582600 0.03127600 0.38691700
v 0.16052700 -0.00017900 0.38227300
v 0.15657200 -0.03203600 0.37750300
v 0.14412300 -0.06186300 0.37263900
v 0.09777400 -0.10651100 0.36771700
v 0.12403800 -0.08735900 0.36771700
v 0.06735800 -0.11784100 0.37263900
v 0.03515400 -0.12057600 0.37750300
v 0.00361300 -0.11460300 0.38227300
v -0.02489900 -0.10051200 0.38691700
v -0.04829900 -0.07953200 0.39140200
v -0.06496100 -0.05341700 0.39569400
v -0.07143200 -0.02370400 0.40358600
v -0.07384400 -0.02428700 0.39976600
v 0.04092500 0.11554100 0.40358600
v 0.01165400 0.11241300 0.40358600
v 0.07000800 0.11098700 0.40358600
v -0.07456000 0.00556600 0.40358600
v -0.07000600 0.03464900 0.40358600
v -0.05808000 0.06156300 0.40358600
v -0.03959400 0.08447200 0.40358600
v -0.01580900 0.10181600 0.40358600
v 0.07070800 0.11336800 0.39976600
v 0.09936900 0.10307300 0.39569400
v 0.12463800 0.08515400 0.39140200
v 0.14445000 0.06075700 0.38691700
v 0.15713200 0.03159200 0.38227300
v 0.16155700 -0.00020400 0.37750300
v 0.15725200 -0.03223600 0.37263900
v 0.14445000 -0.06206200 0.36771700
v 0.09780000 -0.10655800 0.36277200
v 0.12407500 -0.08739800 0.36277200
v 0.06744800 -0.11821300 0.36771700
v 0.03513700 -0.12128400 0.37263900
v 0.00332200 -0.11559100 0.37750300
v -0.02559900 -0.10165800 0.38227300
v -0.04949200 -0.08066800 0.38691700
v -0.06666400 -0.05434600 0.39140200
v -0.07600000 -0.02480900 0.39569400
v -0.07704100 0.00562700 0.39976600
v 0.04098500 0.11802200 0.39976600
v 0.01107100 0.11482500 0.39976600
v -0.07238600 0.03535000 0.39976600
v -0.06019800 0.06285500 0.39976600
v -0.04130600 0.08626900 0.39976600
v -0.01699700 0.10399500 0.39976600
v 0.07133500 0.11549600 0.39569400
v 0.10038000 0.10472800 0.39140200
v 0.12583100 0.08629000 0.38691700
v 0.14563000 0.06140000 0.38227300
v 0.15813300 0.03183300 0.37750300
v 0.16226500 -0.00022200 0.37263900
v 0.15761900 -0.03234400 0.36771700
v 0.14449600 -0.06209100 0.36277200
v 0.06746100 -0.11826500 0.36277200
v 0.03512800 -0.12166700 0.36771700
v 0.00312200 -0.11627100 0.37263900
v -0.02613500 -0.10253700 0.37750300
v -0.05046500 -0.08159400 0.38227300
v -0.06811100 -0.05513400 0.38691700
v -0.07788600 -0.02526500 0.39140200
v -0.07925900 0.00568100 0.39569400
v 0.04104000 0.12024000 0.39569400
v 0.01054900 0.11698100 0.39569400
v -0.07451500 0.03597600 0.39569400
v -0.06209100 0.06401100 0.39569400
v -0.04283500 0.08787500 0.39569400
v -0.01805900 0.10594300 0.39569400
v 0.07188200 0.11735700 0.39140200
v 0.10123800 0.10613500 0.38691700
v 0.12680400 0.08721700 0.38227300
v 0.14653400 0.06189300 0.37750300
v 0.15882200 0.03200000 0.37263900
v 0.16264800 -0.00023100 0.36771700
v 0.15767100 -0.03236000 0.36277200
v 0.03512600 -0.12172100 0.36277200
v 0.00301400 -0.11663800 0.36771700
v -0.02650500 -0.10314200 0.37263900
v -0.05121100 -0.08230400 0.37750300
v -0.06929000 -0.05577800 0.38227300
v -0.07948700 -0.02565300 0.38691700
v -0.08119800 0.00572900 0.39140200
v 0.04108700 0.12217900 0.39140200
v 0.01009300 0.11886700 0.39140200
v -0.07637600 0.03652400 0.39140200
v -0.06374700 0.06502200 0.39140200
v -0.04417300 0.08928000 0.39140200
v -0.01898800 0.10764600 0.39140200
v 0.07234700 0.11893700 0.38691700
v 0.10193800 0.10728100 0.38227300
v 0.12755000 0.08792700 0.37750300
v 0.14715600 0.06223300 0.37263900
v 0.15919400 0.03209000 0.36771700
v 0.16270200 -0.00023200 0.36277200
v 0.00299800 -0.11669000 0.36277200
v -0.02670400 -0.10346900 0.36771700
v -0.05172400 -0.08279300 0.37263900
v -0.07019400 -0.05627100 0.37750300
v -0.08079300 -0.02596900 0.38227300
v -0.08284500 0.00576900 0.38691700
v 0.04112700 0.12382600 0.38691700
v 0.00970600 0.12046800 0.38691700
v -0.07795600 0.03698900 0.38691700
v -0.06515300 0.06588000 0.38691700
v -0.04530900 0.09047300 0.38691700
v -0.01977600 0.10909200 0.38691700
v 0.07272700 0.12022600 0.38227300
v 0.10247500 0.10816000 0.37750300
v 0.12806300 0.08841600 0.37263900
v 0.14749200 0.06241600 0.36771700
v 0.15924600 0.03210300 0.36277200
v -0.02673200 -0.10351500 0.36277200
v -0.05200100 -0.08305700 0.36771700
v -0.07081700 -0.05661000 0.37263900
v -0.08179300 -0.02621100 0.37750300
v -0.08418800 0.00580200 0.38227300
v 0.04116000 0.12516900 0.38227300
v 0.00939000 0.12177400 0.38227300
v -0.07924500 0.03736900 0.38227300
v -0.06630000 0.06658000 0.38227300
v -0.04623600 0.09144600 0.38227300
v -0.02041900 0.11027100 0.38227300
v 0.07301700 0.12121400 0.37750300
v 0.10284400 0.10876500 0.37263900
v 0.12834000 0.08868000 0.36771700
v 0.14754000 0.06244200 0.36277200
v -0.05204000 -0.08309400 0.36277200
v -0.07115300 -0.05679300 0.36771700
v -0.08248200 -0.02637700 0.37263900
v -0.08521700 0.00582700 0.37750300
v 0.04118500 0.12619800 0.37750300
v 0.00914800 0.12277500 0.37750300
v -0.08023200 0.03765900 0.37750300
v -0.06717900 0.06711600 0.37750300
v -0.04694600 0.09219200 0.37750300
v -0.02091200 0.11117500 0.37750300
v 0.07321800 0.12189400 0.37263900
v 0.10304300 0.10909200 0.36771700
v 0.12837900 0.08871700 0.36277200
v -0.07120000 -0.05681900 0.36277200
v -0.08285400 -0.02646700 0.36771700
v -0.08592600 0.00584400 0.37263900
v 0.04120300 0.12690700 0.37263900
v 0.00898100 0.12346300 0.37263900
v -0.08091200 0.03785900 0.37263900
v -0.06778400 0.06748600 0.37263900
v -0.04743500 0.09270500 0.37263900
v -0.02125100 0.11179800 0.37263900
v 0.07332500 0.12226100 0.36771700
v 0.10307200 0.10913800 0.36277200
v -0.08290700 -0.02648000 0.36277200
v -0.08630800 0.00585400 0.36771700
v 0.00889100 0.12383500 0.36771700
v 0.04121200 0.12729000 0.36771700
v -0.08128000 0.03796700 0.36771700
v -0.06811000 0.06768500 0.36771700
v -0.04769900 0.09298200 0.36771700
v -0.02143500 0.11213400 0.36771700
v 0.07334100 0.12231300 0.36277200
v -0.08636300 0.00585500 0.36277200
v 0.04121300 0.12734400 0.36277200
v 0.00887800 0.12388800 0.36277200
v -0.08133100 0.03798300 0.36277200
v -0.06815700 0.06771300 0.36277200
v -0.04773600 0.09302100 0.36277200
v -0.02146100 0.11218100 0.36277200
v 0.09214900 -0.09619300 0.40358600
v 0.09333600 -0.09837200 0.39976600
v 0.11593400 -0.07884900 0.40358600
v 0.11764500 -0.08064600 0.39976600
v 0.13441900 -0.05594000 0.40358600
v 0.13653700 -0.05723200 0.39976600
v 0.09439800 -0.10032000 0.39569400
v 0.11917500 -0.08225200 0.39569400
v 0.06468500 -0.10679100 0.40358600
v 0.06526900 -0.10920200 0.39976600
v 0.09084400 -0.09379900 0.40712800
v 0.11405300 -0.07687400 0.40712800
v 0.14634600 -0.02902700 0.40358600
v 0.14872600 -0.02972700 0.39976600
v 0.13843100 -0.05838800 0.39569400
v 0.13209200 -0.05451900 0.40712800
v 0.09532700 -0.10202300 0.39140200
v 0.12051300 -0.08365700 0.39140200
v 0.06579000 -0.11135900 0.39569400
v 0.03541500 -0.10991900 0.40358600
v 0.03535400 -0.11239900 0.39976600
v 0.06404400 -0.10414000 0.40712800
v 0.11201700 -0.07473600 0.41036700
v 0.08943000 -0.09120700 0.41036700
v 0.15090000 0.00005600 0.40358600
v 0.15338000 -0.00000400 0.39976600
v 0.15085400 -0.03035400 0.39569400
v 0.14373000 -0.02825700 0.40712800
v 0.14008700 -0.05939900 0.39140200
v 0.12957200 -0.05298100 0.41036700
v 0.09611600 -0.10346900 0.38691700
v 0.12164900 -0.08485000 0.38691700
v 0.06624600 -0.11324400 0.39140200
v 0.03530000 -0.11461700 0.39569400
v 0.00633200 -0.10536400 0.40358600
v 0.00563100 -0.10774500 0.39976600
v 0.03548100 -0.10719300 0.40712800
v 0.06335000 -0.10127100 0.41036700
v 0.10984000 -0.07245000 0.41327900
v 0.08791900 -0.08843500 0.41327900
v 0.14777200 0.02932700 0.40358600
v 0.15018300 0.02991000 0.39976600
v 0.15559800 -0.00005900 0.39569400
v 0.14817400 0.00012300 0.40712800
v 0.15271500 -0.03090100 0.39140200
v 0.14089700 -0.02742300 0.41036700
v 0.14149300 -0.06025700 0.38691700
v 0.12687700 -0.05133600 0.41327900
v 0.09675900 -0.10464900 0.38227300
v 0.12257500 -0.08582300 0.38227300
v 0.06663400 -0.11484500 0.38691700
v 0.03525200 -0.11655600 0.39140200
v 0.00500500 -0.10987300 0.39569400
v -0.02187400 -0.09555600 0.39976600
v -0.02058100 -0.09343800 0.40358600
v 0.00710200 -0.10274900 0.40712800
v 0.03555300 -0.10424100 0.41036700
v 0.06260700 -0.09820200 0.41327900
v 0.04070900 0.10670800 0.41327900
v 0.01373200 0.10382500 0.41327900
v 0.06751300 0.10251000 0.41327900
v 0.04061100 0.10271600 0.41327900
v 0.06638500 0.09867900 0.41327900
v 0.09231700 0.09151900 0.41327900
v 0.09023600 0.08811000 0.41327900
v 0.11343100 0.07448200 0.41327900
v 0.11053900 0.07172800 0.41327900
v 0.12941600 0.05256100 0.41327900
v 0.12591000 0.05064900 0.41327900
v 0.13918300 0.02724900 0.41327900
v 0.13530200 0.02631000 0.41327900
v 0.13807400 0.00037000 0.41327900
v 0.14206600 0.00027200 0.41327900
v 0.13403800 -0.02540400 0.41327900
v 0.13786900 -0.02653200 0.41327900
v 0.12346800 -0.04925500 0.41327900
v 0.12687700 -0.05133600 0.41327900
v 0.10708600 -0.06955800 0.41327900
v 0.10984000 -0.07245000 0.41327900
v 0.08600700 -0.08492900 0.41327900
v 0.08791900 -0.08843500 0.41327900
v 0.06166800 -0.09432100 0.41327900
v 0.06260700 -0.09820200 0.41327900
v 0.03572800 -0.09709300 0.41327900
v 0.00882700 -0.09688700 0.41327900
v 0.03563100 -0.10108500 0.41327900
v 0.01467100 0.09994300 0.41327900
v -0.01157900 0.09405800 0.41327900
v -0.00966800 0.09055200 0.41327900
v -0.03350000 0.07807300 0.41327900
v -0.03074700 0.07518100 0.41327900
v -0.05053800 0.05695900 0.41327900
v -0.04712900 0.05487800 0.41327900
v -0.06152900 0.03215400 0.41327900
v -0.05769800 0.03102700 0.41327900
v -0.06173500 0.00525300 0.41327900
v -0.06572600 0.00535100 0.41327900
v -0.05896200 -0.02068700 0.41327900
v -0.06284400 -0.02162600 0.41327900
v -0.04957100 -0.04502600 0.41327900
v -0.05307700 -0.04693800 0.41327900
v -0.03420000 -0.06610500 0.41327900
v -0.03709100 -0.06885900 0.41327900
v -0.01389700 -0.08248700 0.41327900
v -0.01597800 -0.08589600 0.41327900
v 0.00995400 -0.09305700 0.41327900
v 0.13717400 0.05679100 0.40358600
v 0.13935300 0.05797800 0.39976600
v 0.15234000 0.03043200 0.39569400
v 0.14512200 0.02868600 0.40712800
v 0.15753700 -0.00010600 0.39140200
v 0.14522200 0.00019500 0.41036700
v 0.15429500 -0.03136600 0.38691700
v 0.13786900 -0.02653200 0.41327900
v 0.14263900 -0.06095700 0.38227300
v 0.09725200 -0.10555300 0.37750300
v 0.12328500 -0.08656900 0.37750300
v 0.06695000 -0.11615100 0.38227300
v 0.03521200 -0.11820300 0.38691700
v 0.00445700 -0.11173400 0.39140200
v -0.02303000 -0.09745000 0.39569400
v -0.04528800 -0.07666400 0.39976600
v -0.04349100 -0.07495300 0.40358600
v -0.01916100 -0.09111100 0.40712800
v 0.00793500 -0.09991600 0.41036700
v 0.03563100 -0.10108500 0.41327900
v 0.04078600 0.10986400 0.41036700
v 0.01299000 0.10689400 0.41036700
v 0.04070900 0.10670800 0.41327900
v 0.01373200 0.10382500 0.41327900
v 0.06840400 0.10553900 0.41036700
v 0.06751300 0.10251000 0.41327900
v 0.09396200 0.09421400 0.41036700
v 0.09231700 0.09151900 0.41327900
v 0.11571700 0.07665900 0.41036700
v 0.11343100 0.07448200 0.41327900
v 0.13218800 0.05407200 0.41036700
v 0.12941600 0.05256100 0.41327900
v 0.14225200 0.02799200 0.41036700
v 0.13918300 0.02724900 0.41327900
v 0.14206600 0.00027200 0.41327900
v 0.00882700 -0.09688700 0.41327900
v -0.01597800 -0.08589600 0.41327900
v -0.01762200 -0.08859100 0.41036700
v -0.03709100 -0.06885900 0.41327900
v -0.03937800 -0.07103600 0.41036700
v -0.05307700 -0.04693800 0.41327900
v -0.05584900 -0.04844900 0.41036700
v -0.06284400 -0.02162600 0.41327900
v -0.06591200 -0.02236900 0.41036700
v -0.06572600 0.00535100 0.41327900
v -0.06888300 0.00542800 0.41036700
v -0.06152900 0.03215400 0.41327900
v -0.06455800 0.03304600 0.41036700
v -0.05323300 0.05860400 0.41036700
v -0.05053800 0.05695900 0.41327900
v -0.03567800 0.08035900 0.41036700
v -0.03350000 0.07807300 0.41327900
v -0.01309100 0.09683000 0.41036700
v -0.01157900 0.09405800 0.41327900
v 0.11983000 0.08057600 0.40358600
v 0.12162700 0.08228700 0.39976600
v 0.14130100 0.05904000 0.39569400
v 0.13478000 0.05548500 0.40712800
v 0.15422500 0.03088800 0.39140200
v 0.15918400 -0.00014600 0.38691700
v 0.15558400 -0.03174600 0.38227300
v 0.14351800 -0.06149400 0.37750300
v 0.09759100 -0.10617500 0.37263900
v 0.12377400 -0.08708200 0.37263900
v 0.06719200 -0.11715200 0.37750300
v 0.03517900 -0.11954600 0.38227300
v 0.00399200 -0.11331400 0.38691700
v -0.02404100 -0.09910500 0.39140200
v -0.04689400 -0.07819400 0.39569400
v -0.06083500 -0.05116800 0.40358600
v -0.06301300 -0.05235500 0.39976600
v -0.04151600 -0.07307200 0.40712800
v 0.01229500 0.10976300 0.40712800
v 0.04085800 0.11281600 0.40712800
v 0.06923800 0.10837200 0.40712800
v 0.09550000 0.09673400 0.40712800
v 0.11785500 0.07869500 0.40712800
v -0.05844100 -0.04986200 0.40712800
v -0.06878200 -0.02306300 0.40712800
v -0.07183500 0.00550000 0.40712800
v -0.06739100 0.03388000 0.40712800
v -0.05575300 0.06014200 0.40712800
v -0.03771400 0.08249700 0.40712800
v -0.01450400 0.09942200 0.40712800
v 0.09692100 0.09906100 0.40358600
v 0.09821300 0.10117900 0.39976600
v 0.12323300 0.08381700 0.39569400
v 0.14300400 0.05996900 0.39140200
v 0.15582600 0.03127600 0.38691700
v 0.16052700 -0.00017900 0.38227300
v 0.15657200 -0.03203600 0.37750300
v 0.14412300 -0.06186300 0.37263900
v 0.09777400 -0.10651100 0.36771700
v 0.12403800 -0.08735900 0.36771700
v 0.06735800 -0.11784100 0.37263900
v 0.03515400 -0.12057600 0.37750300
v 0.00361300 -0.11460300 0.38227300
v -0.02489900 -0.10051200 0.38691700
v -0.04829900 -0.07953200 0.39140200
v -0.06496100 -0.05341700 0.39569400
v -0.07143200 -0.02370400 0.40358600
v -0.07384400 -0.02428700 0.39976600
v 0.01165400 0.11241300 0.40358600
v 0.04092500 0.11554100 0.40358600
v 0.07000800 0.11098700 0.40358600
v -0.07456000 0.00556600 0.40358600
v -0.07000600 0.03464900 0.40358600
v -0.05808000 0.06156300 0.40358600
v -0.03959400 0.08447200 0.40358600
v -0.01580900 0.10181600 0.40358600
v 0.07070800 0.11336800 0.39976600
v 0.09936900 0.10307300 0.39569400
v 0.12463800 0.08515400 0.39140200
v 0.14445000 0.06075700 0.38691700
v 0.15713200 0.03159200 0.38227300
v 0.16155700 -0.00020400 0.37750300
v 0.15725200 -0.03223600 0.37263900
v 0.14445000 -0.06206200 0.36771700
v 0.09780000 -0.10655800 0.36277200
v 0.12407500 -0.08739800 0.36277200
v 0.06744800 -0.11821300 0.36771700
v 0.03513700 -0.12128400 0.37263900
v 0.00332200 -0.11559100 0.37750300
v -0.02559900 -0.10165800 0.38227300
v -0.04949200 -0.08066800 0.38691700
v -0.06666400 -0.05434600 0.39140200
v -0.07600000 -0.02480900 0.39569400
v -0.07704100 0.00562700 0.39976600
v 0.01107100 0.11482500 0.39976600
v 0.04098500 0.11802200 0.39976600
v -0.07238600 0.03535000 0.39976600
v -0.06019800 0.06285500 0.39976600
v -0.04130600 0.08626900 0.39976600
v -0.01699700 0.10399500 0.39976600
v 0.07133500 0.11549600 0.39569400
v 0.10038000 0.10472800 0.39140200
v 0.12583100 0.08629000 0.38691700
v 0.14563000 0.06140000 0.38227300
v 0.15813300 0.03183300 0.37750300
v 0.16226500 -0.00022200 0.37263900
v 0.15761900 -0.03234400 0.36771700
v 0.14449600 -0.06209100 0.36277200
v 0.06746100 -0.11826500 0.36277200
v 0.03512800 -0.12166700 0.36771700
v 0.00312200 -0.11627100 0.37263900
v -0.02613500 -0.10253700 0.37750300
v -0.05046500 -0.08159400 0.38227300
v -0.06811100 -0.05513400 0.38691700
v -0.07788600 -0.02526500 0.39140200
v -0.07925900 0.00568100 0.39569400
v 0.01054900 0.11698100 0.39569400
v 0.04104000 0.12024000 0.39569400
v -0.07451500 0.03597600 0.39569400
v -0.06209100 0.06401100 0.39569400
v -0.04283500 0.08787500 0.39569400
v -0.01805900 0.10594300 0.39569400
v 0.07188200 0.11735700 0.39140200
v 0.10123800 0.10613500 0.38691700
v 0.12680400 0.08721700 0.38227300
v 0.14653400 0.06189300 0.37750300
v 0.15882200 0.03200000 0.37263900
v 0.16264800 -0.00023100 0.36771700
v 0.15767100 -0.03236000 0.36277200
v 0.03512600 -0.12172100 0.36277200
v 0.00301400 -0.11663800 0.36771700
v -0.02650500 -0.10314200 0.37263900
v -0.05121100 -0.08230400 0.37750300
v -0.06929000 -0.05577800 0.38227300
v -0.07948700 -0.02565300 0.38691700
v -0.08119800 0.00572900 0.39140200
v 0.01009300 0.11886700 0.39140200
v 0.04108700 0.12217900 0.39140200
v -0.07637600 0.03652400 0.39140200
v -0.06374700 0.06502200 0.39140200
v -0.04417300 0.08928000 0.39140200
v -0.01898800 0.10764600 0.39140200
v 0.07234700 0.11893700 0.38691700
v 0.10193800 0.10728100 0.38227300
v 0.12755000 0.08792700 0.37750300
v 0.14715600 0.06223300 0.37263900
v 0.15919400 0.03209000 0.36771700
v 0.16270200 -0.00023200 0.36277200
v 0.00299800 -0.11669000 0.36277200
v -0.02670400 -0.10346900 0.36771700
v -0.05172400 -0.08279300 0.37263900
v -0.07019400 -0.05627100 0.37750300
v -0.08079300 -0.02596900 0.38227300
v -0.08284500 0.00576900 0.38691700
v 0.00970600 0.12046800 0.38691700
v 0.04112700 0.12382600 0.38691700
v -0.07795600 0.03698900 0.38691700
v -0.06515300 0.06588000 0.38691700
v -0.04530900 0.09047300 0.38691700
v -0.01977600 0.10909200 0.38691700
v 0.07272700 0.12022600 0.38227300
v 0.10247500 0.10816000 0.37750300
v 0.12806300 0.08841600 0.37263900
v 0.14749200 0.06241600 0.36771700
v 0.15924600 0.03210300 0.36277200
v -0.02673200 -0.10351500 0.36277200
v -0.05200100 -0.08305700 0.36771700
v -0.07081700 -0.05661000 0.37263900
v -0.08179300 -0.02621100 0.37750300
v -0.08418800 0.00580200 0.38227300
v 0.00939000 0.12177400 0.38227300
v 0.04116000 0.12516900 0.38227300
v -0.07924500 0.03736900 0.38227300
v -0.06630000 0.06658000 0.38227300
v -0.04623600 0.09144600 0.38227300
v -0.02041900 0.11027100 0.38227300
v 0.07301700 0.12121400 0.37750300
v 0.10284400 0.10876500 0.37263900
v 0.12834000 0.08868000 0.36771700
v 0.14754000 0.06244200 0.36277200
v -0.05204000 -0.08309400 0.36277200
v -0.07115300 -0.05679300 0.36771700
v -0.08248200 -0.02637700 0.37263900
v -0.08521700 0.00582700 0.37750300
v 0.00914800 0.12277500 0.37750300
v 0.04118500 0.12619800 0.37750300
v -0.08023200 0.03765900 0.37750300
v -0.06717900 0.06711600 0.37750300
v -0.04694600 0.09219200 0.37750300
v -0.02091200 0.11117500 0.37750300
v 0.07321800 0.12189400 0.37263900
v 0.10304300 0.10909200 0.36771700
v 0.12837900 0.08871700 0.36277200
v -0.07120000 -0.05681900 0.36277200
v -0.08285400 -0.02646700 0.36771700
v -0.08592600 0.00584400 0.37263900
v 0.00898100 0.12346300 0.37263900
v 0.04120300 0.12690700 0.37263900
v -0.08091200 0.03785900 0.37263900
v -0.06778400 0.06748600 0.37263900
v -0.04743500 0.09270500 0.37263900
v -0.02125100 0.11179800 0.37263900
v 0.07332500 0.12226100 0.36771700
v 0.10307200 0.10913800 0.36277200
v -0.08290700 -0.02648000 0.36277200
v -0.08630800 0.00585400 0.36771700
v 0.00889100 0.12383500 0.36771700
v 0.04121200 0.12729000 0.36771700
v -0.08128000 0.03796700 0.36771700
v -0.06811000 0.06768500 0.36771700
v -0.04769900 0.09298200 0.36771700
v -0.02143500 0.11213400 0.36771700
v 0.07334100 0.12231300 0.36277200
v -0.08636300 0.00585500 0.36277200
v 0.00887800 0.12388800 0.36277200
v 0.04121300 0.12734400 0.36277200
v -0.08133100 0.03798300 0.36277200
v -0.06815700 0.06771300 0.36277200
v -0.04773600 0.09302100 0.36277200
v -0.02146100 0.11218100 0.36277200
v 0.06166800 -0.09432100 0.41327900
v 0.08600700 -0.08492900 0.41833400
v 0.08600700 -0.08492900 0.41327900
v 0.06166800 -0.09432100 0.41833400
v 0.10708600 -0.06955800 0.41833400
v 0.10708600 -0.06955800 0.41327900
v 0.03572800 -0.09709300 0.41327900
v 0.03572800 -0.09709300 0.41833400
v 0.12346800 -0.04925500 0.41327900
v 0.12346800 -0.04925500 0.41833400
v 0.00995400 -0.09305700 0.41327900
v 0.00995400 -0.09305700 0.41833400
v 0.13403800 -0.02540400 0.41327900
v 0.13403800 -0.02540400 0.41833400
v -0.01389700 -0.08248700 0.41327900
v -0.01389700 -0.08248700 0.41833400
v 0.13807400 0.00037000 0.41327900
v 0.13807400 0.00037000 0.41833400
v -0.03420000 -0.06610500 0.41327900
v -0.03420000 -0.06610500 0.41833400
v 0.13530200 0.02631000 0.41327900
v 0.13530200 0.02631000 0.41833400
v -0.04957100 -0.04502600 0.41833400
v -0.04957100 -0.04502600 0.41327900
v 0.12591000 0.05064900 0.41327900
v 0.12591000 0.05064900 0.41833400
v -0.05896200 -0.02068700 0.41833400
v -0.05896200 -0.02068700 0.41327900
v 0.11053900 0.07172800 0.41327900
v 0.11053900 0.07172800 0.41833400
v -0.06173500 0.00525300 0.41833400
v -0.06173500 0.00525300 0.41327900
v 0.09023600 0.08811000 0.41833400
v 0.09023600 0.08811000 0.41327900
v -0.05769800 0.03102700 0.41833400
v -0.05769800 0.03102700 0.41327900
v 0.06638500 0.09867900 0.41833400
v 0.06638500 0.09867900 0.41327900
v -0.04712900 0.05487800 0.41833400
v -0.04712900 0.05487800 0.41327900
v 0.04061100 0.10271600 0.41833400
v 0.04061100 0.10271600 0.41327900
v -0.03074700 0.07518100 0.41833400
v -0.03074700 0.07518100 0.41327900
v 0.01467100 0.09994300 0.41833400
v 0.01467100 0.09994300 0.41327900
v -0.00966800 0.09055200 0.41327900
v -0.00966800 0.09055200 0.41833400
v 0.06166800 -0.09432100 0.41833400
v 0.06166800 -0.09432100 0.41327900
v 0.08600700 -0.08492900 0.41833400
v 0.08600700 -0.08492900 0.41327900
v 0.10708600 -0.06955800 0.41833400
v 0.10708600 -0.06955800 0.41327900
v 0.03572800 -0.09709300 0.41833400
v 0.03572800 -0.09709300 0.41327900
v 0.12346800 -0.04925500 0.41833400
v 0.12346800 -0.04925500 0.41327900
v 0.00995400 -0.09305700 0.41833400
v 0.00995400 -0.09305700 0.41327900
v 0.13403800 -0.02540400 0.41833400
v 0.13403800 -0.02540400 0.41327900
v -0.01389700 -0.08248700 0.41833400
v -0.01389700 -0.08248700 0.41327900
v 0.13807400 0.00037000 0.41833400
v 0.13807400 0.00037000 0.41327900
v -0.03420000 -0.06610500 0.41833400
v -0.03420000 -0.06610500 0.41327900
v 0.13530200 0.02631000 0.41833400
v 0.13530200 0.02631000 0.41327900
v -0.04957100 -0.04502600 0.41833400
v -0.04957100 -0.04502600 0.41327900
v 0.12591000 0.05064900 0.41833400
v 0.12591000 0.05064900 0.41327900
v -0.05896200 -0.02068700 0.41833400
v -0.05896200 -0.02068700 0.41327900
v 0.11053900 0.07172800 0.41833400
v 0.11053900 0.07172800 0.41327900
v -0.06173500 0.00525300 0.41833400
v -0.06173500 0.00525300 0.41327900
v 0.09023600 0.08811000 0.41327900
v 0.09023600 0.08811000 0.41833400
v -0.05769800 0.03102700 0.41833400
v -0.05769800 0.03102700 0.41327900
v 0.06638500 0.09867900 0.41327900
v 0.06638500 0.09867900 0.41833400
v -0.04712900 0.05487800 0.41833400
v -0.04712900 0.05487800 0.41327900
v 0.04061100 0.10271600 0.41327900
v 0.04061100 0.10271600 0.41833400
v -0.03074700 0.07518100 0.41833400
v -0.03074700 0.07518100 0.41327900
v 0.01467100 0.09994300 0.41327900
v 0.01467100 0.09994300 0.41833400
v -0.00966800 0.09055200 0.41327900
v -0.00966800 0.09055200 0.41833400
v -0.31594800 0.05524100 0.60979800
v -0.31359600 -0.03014100 0.60502500
v -0.31151200 0.05513200 0.60502500
v -0.31803200 -0.03003300 0.60979800
v -0.28698600 -0.03079100 0.58909600
v -0.28520600 -0.03083500 0.58401400
v -0.28591000 -0.03081800 0.58662000
v -0.28841000 -0.03075700 0.59138900
v -0.28488800 -0.03084300 0.58133400
v -0.29015200 -0.03071400 0.59345000
v -0.28496300 -0.03084100 0.57863600
v -0.29217500 -0.03066500 0.59523600
v -0.28543000 -0.03082900 0.57597700
v -0.29443600 -0.03060900 0.59670900
v -0.29931400 -0.03049000 0.52083400
v -0.29688800 -0.03054900 0.59783700
v -0.29947700 -0.03048600 0.59859600
v -0.30215000 -0.03042100 0.59897100
v -0.30821300 -0.03027300 0.60135500
v -0.31359600 -0.03014100 0.60502500
v -0.31803200 -0.03003300 0.60979800
v -0.32129800 -0.02995300 0.61543700
v -0.42750400 -0.02735700 0.70657200
v -0.26238700 -0.03139300 0.74335000
v -0.27299200 -0.03113300 0.76943100
v -0.30021100 -0.03046800 0.65580400
v -0.30642300 -0.03031600 0.65383900
v -0.31204400 -0.03017900 0.65054400
v -0.31679400 -0.03006300 0.64608400
v -0.32043700 -0.02997400 0.64068100
v -0.32279100 -0.02991600 0.63460500
v -0.32373800 -0.02989300 0.62815700
v -0.32323200 -0.02990500 0.62166000
v -0.39852100 -0.02806500 0.64472900
v -0.39918700 -0.02804900 0.64608900
v -0.40003300 -0.02802800 0.64734300
v -0.40104400 -0.02800400 0.64847000
v -0.40220100 -0.02797500 0.64944600
v -0.40485900 -0.02791100 0.65087700
v -0.43207200 -0.02724500 0.70416000
v -0.42709600 -0.02736700 0.65818200
v -0.43607500 -0.02714800 0.70089200
v -0.43935300 -0.02706700 0.69689900
v -0.44177700 -0.02700800 0.69233600
v -0.43170400 -0.02725400 0.66051700
v -0.44325400 -0.02697200 0.68738400
v -0.43576100 -0.02715500 0.66371600
v -0.44372300 -0.02696100 0.68223800
v -0.43910600 -0.02707400 0.66765400
v -0.44316700 -0.02697400 0.67710100
v -0.44160700 -0.02701200 0.67217500
v -0.35593000 -0.02910600 0.52597200
v -0.39804900 -0.02807700 0.64329100
v -0.39778000 -0.02808400 0.64180200
v -0.39771800 -0.02808500 0.64028900
v -0.39786500 -0.02808100 0.63878300
v -0.39821800 -0.02807300 0.63731100
v -0.39877100 -0.02805900 0.63590200
v -0.41364500 -0.02769600 0.60595700
v -0.37205000 -0.02871200 0.50181000
v -0.42960200 -0.02730600 0.57657700
v -0.38958400 -0.02828400 0.47865500
v -0.40847000 -0.02782200 0.45659000
v -0.44662100 -0.02689000 0.54779800
v -0.42864100 -0.02732900 0.43569300
v -0.46467800 -0.02644900 0.51966000
v -0.45002500 -0.02680700 0.41604000
v -0.48375100 -0.02598200 0.49220000
v -0.47254500 -0.02625600 0.39770000
v -0.50381200 -0.02549200 0.46545500
v -0.49612000 -0.02568000 0.38073900
v -0.52483700 -0.02497800 0.43946100
v -0.52066600 -0.02508000 0.36521800
v -0.54679700 -0.02444200 0.41425100
v -0.54609600 -0.02445900 0.35119300
v -0.56966100 -0.02388300 0.38986100
v -0.57231900 -0.02381800 0.33871300
v -0.59340100 -0.02330300 0.36632100
v -0.59924100 -0.02316000 0.32782300
v -0.61798400 -0.02270200 0.34366400
v -0.62676500 -0.02248700 0.31856300
v -0.64337700 -0.02208100 0.32192000
v -0.62818900 -0.02245200 0.31819400
v -0.62963900 -0.02241700 0.31794300
v -0.63110400 -0.02238100 0.31781300
v -0.63257500 -0.02234500 0.31780300
v -0.63404200 -0.02230900 0.31791500
v -0.63549400 -0.02227400 0.31814700
v -0.63692300 -0.02223900 0.31849700
v -0.63831800 -0.02220500 0.31896400
v -0.63967000 -0.02217200 0.31954400
v -0.64097000 -0.02214000 0.32023300
v -0.64220800 -0.02211000 0.32102700
v -0.30821300 -0.03027300 0.60135500
v -0.30612900 0.05500100 0.60135500
v -0.28312200 0.05443800 0.58401400
v -0.28490200 0.05448200 0.58909600
v -0.28382600 0.05445600 0.58662000
v -0.28632600 0.05451700 0.59138900
v -0.28280400 0.05443100 0.58133400
v -0.28806800 0.05455900 0.59345000
v -0.28287900 0.05443200 0.57863600
v -0.29009100 0.05460900 0.59523600
v -0.28334600 0.05444400 0.57597700
v -0.29235200 0.05466400 0.59670900
v -0.29723000 0.05478300 0.52083400
v -0.29480400 0.05472400 0.59783700
v -0.29739300 0.05478700 0.59859600
v -0.30006500 0.05485300 0.59897100
v -0.30612900 0.05500100 0.60135500
v -0.31151200 0.05513200 0.60502500
v -0.31594800 0.05524100 0.60979800
v -0.31921400 0.05532100 0.61543700
v -0.35384600 0.05616700 0.52597200
v -0.39643700 0.05720800 0.64472900
v -0.39596500 0.05719600 0.64329100
v -0.39569600 0.05719000 0.64180200
v -0.39563400 0.05718800 0.64028900
v -0.39578100 0.05719200 0.63878300
v -0.39613400 0.05720000 0.63731100
v -0.39668700 0.05721400 0.63590200
v -0.41156100 0.05757700 0.60595700
v -0.36996600 0.05656100 0.50181000
v -0.42751800 0.05796700 0.57657700
v -0.38750000 0.05698900 0.47865500
v -0.40638600 0.05745100 0.45659000
v -0.44453700 0.05838300 0.54779800
v -0.42655700 0.05794400 0.43569300
v -0.46259400 0.05882500 0.51966000
v -0.44794100 0.05846700 0.41604000
v -0.48166600 0.05929100 0.49220000
v -0.47046000 0.05901700 0.39770000
v -0.50172800 0.05978100 0.46545500
v -0.49403600 0.05959300 0.38073900
v -0.52275300 0.06029500 0.43946100
v -0.51858200 0.06019300 0.36521800
v -0.54471200 0.06083200 0.41425100
v -0.54401200 0.06081500 0.35119300
v -0.56757700 0.06139000 0.38986100
v -0.57023500 0.06145500 0.33871300
v -0.59131700 0.06197100 0.36632100
v -0.59715700 0.06211300 0.32782300
v -0.61590000 0.06257100 0.34366400
v -0.62468100 0.06278600 0.31856300
v -0.64129300 0.06319200 0.32192000
v -0.62610500 0.06282100 0.31819400
v -0.62755400 0.06285600 0.31794300
v -0.62902000 0.06289200 0.31781300
v -0.63049100 0.06292800 0.31780300
v -0.63195800 0.06296400 0.31791500
v -0.63341000 0.06299900 0.31814700
v -0.63483900 0.06303400 0.31849700
v -0.63623400 0.06306800 0.31896400
v -0.63758600 0.06310100 0.31954400
v -0.63888600 0.06313300 0.32023300
v -0.64012400 0.06316400 0.32102700
v -0.29812700 0.05480500 0.65580400
v -0.27090800 0.05414000 0.76943100
v -0.26030300 0.05388100 0.74335000
v -0.42542000 0.05791600 0.70657200
v -0.30433800 0.05495700 0.65383900
v -0.30996000 0.05509400 0.65054400
v -0.31471000 0.05521000 0.64608400
v -0.31835300 0.05529900 0.64068100
v -0.32070700 0.05535700 0.63460500
v -0.32165400 0.05538000 0.62815700
v -0.32114800 0.05536800 0.62166000
v -0.39710200 0.05722400 0.64608900
v -0.39794900 0.05724500 0.64734300
v -0.39896000 0.05726900 0.64847000
v -0.40011600 0.05729800 0.64944600
v -0.40277500 0.05736300 0.65087700
v -0.42501200 0.05790600 0.65818200
v -0.42998800 0.05802800 0.70416000
v -0.43399000 0.05812600 0.70089200
v -0.43726800 0.05820600 0.69689900
v -0.43969300 0.05826500 0.69233600
v -0.42962000 0.05801900 0.66051700
v -0.44117000 0.05830100 0.68738400
v -0.43367700 0.05811800 0.66371600
v -0.44163900 0.05831300 0.68223800
v -0.43702200 0.05820000 0.66765400
v -0.44108300 0.05829900 0.67710100
v -0.43952300 0.05826100 0.67217500
v -0.31921400 0.05532100 0.61543700
v -0.32129800 -0.02995300 0.61543700
v -0.64337700 -0.02208100 0.32192000
v -0.64012400 0.06316400 0.32102700
v -0.64220800 -0.02211000 0.32102700
v -0.64129300 0.06319200 0.32192000
v -0.63888600 0.06313300 0.32023300
v -0.64097000 -0.02214000 0.32023300
v -0.63758600 0.06310100 0.31954400
v -0.63967000 -0.02217200 0.31954400
v -0.63623400 0.06306800 0.31896400
v -0.63831800 -0.02220500 0.31896400
v -0.63692300 -0.02223900 0.31849700
v -0.63483900 0.06303400 0.31849700
v -0.63549400 -0.02227400 0.31814700
v -0.63341000 0.06299900 0.31814700
v -0.63404200 -0.02230900 0.31791500
v -0.63195800 0.06296400 0.31791500
v -0.63257500 -0.02234500 0.31780300
v -0.63049100 0.06292800 0.31780300
v -0.63110400 -0.02238100 0.31781300
v -0.62902000 0.06289200 0.31781300
v -0.62963900 -0.02241700 0.31794300
v -0.62755400 0.06285600 0.31794300
v -0.62818900 -0.02245200 0.31819400
v -0.62610500 0.06282100 0.31819400
v -0.62676500 -0.02248700 0.31856300
v -0.62468100 0.06278600 0.31856300
v -0.62468100 0.06278600 0.31856300
v -0.59924100 -0.02316000 0.32782300
v -0.62676500 -0.02248700 0.31856300
v -0.59715700 0.06211300 0.32782300
v -0.57231900 -0.02381800 0.33871300
v -0.57023500 0.06145500 0.33871300
v -0.54609600 -0.02445900 0.35119300
v -0.54401200 0.06081500 0.35119300
v -0.52066600 -0.02508000 0.36521800
v -0.51858200 0.06019300 0.36521800
v -0.49612000 -0.02568000 0.38073900
v -0.49403600 0.05959300 0.38073900
v -0.47254500 -0.02625600 0.39770000
v -0.47046000 0.05901700 0.39770000
v -0.45002500 -0.02680700 0.41604000
v -0.44794100 0.05846700 0.41604000
v -0.42864100 -0.02732900 0.43569300
v -0.42655700 0.05794400 0.43569300
v -0.40847000 -0.02782200 0.45659000
v -0.40638600 0.05745100 0.45659000
v -0.38958400 -0.02828400 0.47865500
v -0.38750000 0.05698900 0.47865500
v -0.37205000 -0.02871200 0.50181000
v -0.36996600 0.05656100 0.50181000
v -0.35593000 -0.02910600 0.52597200
v -0.35384600 0.05616700 0.52597200
v -0.35384600 0.05616700 0.52597200
v -0.29931400 -0.03049000 0.52083400
v -0.35593000 -0.02910600 0.52597200
v -0.29723000 0.05478300 0.52083400
v -0.28334600 0.05444400 0.57597700
v -0.29931400 -0.03049000 0.52083400
v -0.29723000 0.05478300 0.52083400
v -0.28543000 -0.03082900 0.57597700
v -0.28287900 0.05443200 0.57863600
v -0.28543000 -0.03082900 0.57597700
v -0.28334600 0.05444400 0.57597700
v -0.28496300 -0.03084100 0.57863600
v -0.28280400 0.05443100 0.58133400
v -0.28488800 -0.03084300 0.58133400
v -0.28312200 0.05443800 0.58401400
v -0.28520600 -0.03083500 0.58401400
v -0.28382600 0.05445600 0.58662000
v -0.28591000 -0.03081800 0.58662000
v -0.28490200 0.05448200 0.58909600
v -0.28698600 -0.03079100 0.58909600
v -0.28632600 0.05451700 0.59138900
v -0.28841000 -0.03075700 0.59138900
v -0.28806800 0.05455900 0.59345000
v -0.29015200 -0.03071400 0.59345000
v -0.29009100 0.05460900 0.59523600
v -0.29217500 -0.03066500 0.59523600
v -0.29235200 0.05466400 0.59670900
v -0.29443600 -0.03060900 0.59670900
v -0.29480400 0.05472400 0.59783700
v -0.29688800 -0.03054900 0.59783700
v -0.29947700 -0.03048600 0.59859600
v -0.29739300 0.05478700 0.59859600
v -0.30215000 -0.03042100 0.59897100
v -0.30006500 0.05485300 0.59897100
v -0.30006500 0.05485300 0.59897100
v -0.30215000 -0.03042100 0.59897100
v -0.32114800 0.05536800 0.62166000
v -0.32323200 -0.02990500 0.62166000
v -0.32165400 0.05538000 0.62815700
v -0.32373800 -0.02989300 0.62815700
v -0.32070700 0.05535700 0.63460500
v -0.32279100 -0.02991600 0.63460500
v -0.31835300 0.05529900 0.64068100
v -0.32043700 -0.02997400 0.64068100
v -0.31679400 -0.03006300 0.64608400
v -0.31471000 0.05521000 0.64608400
v -0.31204400 -0.03017900 0.65054400
v -0.30996000 0.05509400 0.65054400
v -0.30642300 -0.03031600 0.65383900
v -0.30433800 0.05495700 0.65383900
v -0.30021100 -0.03046800 0.65580400
v -0.29812700 0.05480500 0.65580400
v -0.29812700 0.05480500 0.65580400
v -0.26238700 -0.03139300 0.74335000
v -0.30021100 -0.03046800 0.65580400
v -0.26030300 0.05388100 0.74335000
v -0.27090800 0.05414000 0.76943100
v -0.26238700 -0.03139300 0.74335000
v -0.26030300 0.05388100 0.74335000
v -0.27299200 -0.03113300 0.76943100
v -0.27090800 0.05414000 0.76943100
v -0.42750400 -0.02735700 0.70657200
v -0.27299200 -0.03113300 0.76943100
v -0.42542000 0.05791600 0.70657200
v -0.42542000 0.05791600 0.70657200
v -0.43207200 -0.02724500 0.70416000
v -0.42750400 -0.02735700 0.70657200
v -0.42998800 0.05802800 0.70416000
v -0.43607500 -0.02714800 0.70089200
v -0.43399000 0.05812600 0.70089200
v -0.43935300 -0.02706700 0.69689900
v -0.43726800 0.05820600 0.69689900
v -0.44177700 -0.02700800 0.69233600
v -0.43969300 0.05826500 0.69233600
v -0.44117000 0.05830100 0.68738400
v -0.44325400 -0.02697200 0.68738400
v -0.44163900 0.05831300 0.68223800
v -0.44372300 -0.02696100 0.68223800
v -0.44108300 0.05829900 0.67710100
v -0.44316700 -0.02697400 0.67710100
v -0.43952300 0.05826100 0.67217500
v -0.44160700 -0.02701200 0.67217500
v -0.43702200 0.05820000 0.66765400
v -0.43910600 -0.02707400 0.66765400
v -0.43367700 0.05811800 0.66371600
v -0.43576100 -0.02715500 0.66371600
v -0.42962000 0.05801900 0.66051700
v -0.43170400 -0.02725400 0.66051700
v -0.42501200 0.05790600 0.65818200
v -0.42709600 -0.02736700 0.65818200
v -0.42501200 0.05790600 0.65818200
v -0.40485900 -0.02791100 0.65087700
v -0.42709600 -0.02736700 0.65818200
v -0.40277500 0.05736300 0.65087700
v -0.40485900 -0.02791100 0.65087700
v -0.40011600 0.05729800 0.64944600
v -0.40220100 -0.02797500 0.64944600
v -0.40277500 0.05736300 0.65087700
v -0.40220100 -0.02797500 0.64944600
v -0.39896000 0.05726900 0.64847000
v -0.40104400 -0.02800400 0.64847000
v -0.40011600 0.05729800 0.64944600
v -0.40104400 -0.02800400 0.64847000
v -0.39794900 0.05724500 0.64734300
v -0.40003300 -0.02802800 0.64734300
v -0.39896000 0.05726900 0.64847000
v -0.40003300 -0.02802800 0.64734300
v -0.39710200 0.05722400 0.64608900
v -0.39918700 -0.02804900 0.64608900
v -0.39794900 0.05724500 0.64734300
v -0.39918700 -0.02804900 0.64608900
v -0.39643700 0.05720800 0.64472900
v -0.39852100 -0.02806500 0.64472900
v -0.39710200 0.05722400 0.64608900
v -0.39852100 -0.02806500 0.64472900
v -0.39596500 0.05719600 0.64329100
v -0.39804900 -0.02807700 0.64329100
v -0.39643700 0.05720800 0.64472900
v -0.39804900 -0.02807700 0.64329100
v -0.39569600 0.05719000 0.64180200
v -0.39778000 -0.02808400 0.64180200
v -0.39596500 0.05719600 0.64329100
v -0.39778000 -0.02808400 0.64180200
v -0.39563400 0.05718800 0.64028900
v -0.39771800 -0.02808500 0.64028900
v -0.39569600 0.05719000 0.64180200
v -0.39771800 -0.02808500 0.64028900
v -0.39578100 0.05719200 0.63878300
v -0.39786500 -0.02808100 0.63878300
v -0.39563400 0.05718800 0.64028900
v -0.39786500 -0.02808100 0.63878300
v -0.39613400 0.05720000 0.63731100
v -0.39821800 -0.02807300 0.63731100
v -0.39578100 0.05719200 0.63878300
v -0.39821800 -0.02807300 0.63731100
v -0.39668700 0.05721400 0.63590200
v -0.39877100 -0.02805900 0.63590200
v -0.39613400 0.05720000 0.63731100
v -0.39668700 0.05721400 0.63590200
v -0.41364500 -0.02769600 0.60595700
v -0.39877100 -0.02805900 0.63590200
v -0.41156100 0.05757700 0.60595700
v -0.42960200 -0.02730600 0.57657700
v -0.42751800 0.05796700 0.57657700
v -0.44662100 -0.02689000 0.54779800
v -0.44453700 0.05838300 0.54779800
v -0.46467800 -0.02644900 0.51966000
v -0.46259400 0.05882500 0.51966000
v -0.48375100 -0.02598200 0.49220000
v -0.48166600 0.05929100 0.49220000
v -0.50381200 -0.02549200 0.46545500
v -0.50172800 0.05978100 0.46545500
v -0.52483700 -0.02497800 0.43946100
v -0.52275300 0.06029500 0.43946100
v -0.54679700 -0.02444200 0.41425100
v -0.54471200 0.06083200 0.41425100
v -0.56966100 -0.02388300 0.38986100
v -0.56757700 0.06139000 0.38986100
v -0.59340100 -0.02330300 0.36632100
v -0.59131700 0.06197100 0.36632100
v -0.61798400 -0.02270200 0.34366400
v -0.61590000 0.06257100 0.34366400
v -0.64337700 -0.02208100 0.32192000
v -0.64129300 0.06319200 0.32192000
v -0.31933600 0.08726300 0.86358700
v -0.33080600 0.08754300 0.82477300
v -0.32500600 0.09006600 0.84418000
v -0.31418200 0.07932300 0.88167200
v -0.33634100 0.07986500 0.80668900
v -0.30989600 0.06678900 0.89720100
v -0.32344500 0.06821500 0.85126400
v -0.31947400 0.06428400 0.86501700
v -0.30677100 0.05051400 0.90911800
v -0.31601100 0.05678300 0.87735000
v -0.31329000 0.04622300 0.88742300
v -0.30501800 0.03160700 0.91660800
v -0.31149900 0.03332400 0.89454900
v -0.31075700 0.01896500 0.89824200
v -0.30475700 0.01135800 0.91916300
v -0.31111700 0.00412400 0.89825100
v -0.30600700 -0.00885500 0.91660800
v -0.31255400 -0.01018600 0.89457600
v -0.30868100 -0.02765300 0.90911800
v -0.31497000 -0.02299200 0.88746600
v -0.31819900 -0.03342000 0.87740600
v -0.31259800 -0.04375600 0.89720100
v -0.32202300 -0.04075900 0.86508200
v -0.32618000 -0.04451000 0.85133300
v -0.31749100 -0.05606600 0.88167200
v -0.33038700 -0.04441700 0.83709700
v -0.32765300 0.06830900 0.83702800
v -0.34123400 0.06755500 0.79116000
v -0.33181000 0.06455800 0.82327900
v -0.34515100 0.05145200 0.77924300
v -0.33563300 0.05721800 0.81095500
v -0.33886300 0.04679000 0.80089500
v -0.34782600 0.03265300 0.77175300
v -0.34127800 0.03398500 0.79378500
v -0.34271500 0.01967400 0.79010900
v -0.34907500 0.01244100 0.76919800
v -0.34307500 0.00483300 0.79011900
v -0.34881500 -0.00780900 0.77175300
v -0.34233400 -0.00952600 0.79381200
v -0.34706200 -0.02671500 0.77924300
v -0.34054200 -0.02242500 0.80093800
v -0.33782100 -0.03298500 0.81101100
v -0.34393600 -0.04299000 0.79116000
v -0.33435800 -0.04048600 0.82334400
v -0.33965000 -0.05552500 0.80668900
v -0.32302600 -0.06374500 0.86358700
v -0.33449700 -0.06346400 0.82477300
v -0.32882700 -0.06626800 0.84418000
v -0.32302600 -0.06374500 0.86358700
v -0.45089500 -0.04994300 0.88136000
v -0.32882700 -0.06626800 0.84418000
v -0.44601400 -0.04781900 0.89769200
v -0.45566600 -0.04758300 0.86502900
v -0.33449700 -0.06346400 0.82477300
v -0.46000300 -0.04090200 0.84981000
v -0.33965000 -0.05552500 0.80668900
v -0.46361000 -0.03035400 0.83674100
v -0.34393600 -0.04299000 0.79116000
v -0.34706200 -0.02671500 0.77924300
v -0.46624000 -0.01665800 0.82671400
v -0.34881500 -0.00780900 0.77175300
v -0.46771600 -0.00074700 0.82041000
v -0.34907500 0.01244100 0.76919800
v -0.46793500 0.01629300 0.81826000
v -0.34782600 0.03265300 0.77175300
v -0.46688300 0.03330300 0.82041000
v -0.34515100 0.05145200 0.77924300
v -0.46463300 0.04912200 0.82671400
v -0.34123400 0.06755500 0.79116000
v -0.46133600 0.06267300 0.83674100
v -0.33634100 0.07986500 0.80668900
v -0.45721900 0.07303300 0.84981000
v -0.33080600 0.08754300 0.82477300
v -0.45256100 0.07949400 0.86502900
v -0.32500600 0.09006600 0.84418000
v -0.44768000 0.08161800 0.88136000
v -0.31933600 0.08726300 0.86358700
v -0.44290800 0.07925800 0.89769200
v -0.43857100 0.07257700 0.91291000
v -0.31418200 0.07932300 0.88167200
v -0.43496500 0.06202900 0.92597900
v -0.30989600 0.06678900 0.89720100
v -0.30677100 0.05051400 0.90911800
v -0.43233400 0.04833300 0.93600700
v -0.30501800 0.03160700 0.91660800
v -0.43085900 0.03242200 0.94231100
v -0.30475700 0.01135800 0.91916300
v -0.43064000 0.01538200 0.94446100
v -0.30600700 -0.00885500 0.91660800
v -0.43169100 -0.00162800 0.94231100
v -0.30868100 -0.02765300 0.90911800
v -0.43394200 -0.01744700 0.93600700
v -0.31259800 -0.04375600 0.89720100
v -0.43723800 -0.03099800 0.92597900
v -0.31749100 -0.05606600 0.88167200
v -0.44135600 -0.04135800 0.91291000
v -0.45256100 0.07949400 0.86502900
v -0.44290800 0.07925800 0.89769200
v -0.44768000 0.08161800 0.88136000
v -0.45721900 0.07303300 0.84981000
v -0.43857100 0.07257700 0.91291000
v -0.46133600 0.06267300 0.83674100
v -0.43496500 0.06202900 0.92597900
v -0.46463300 0.04912200 0.82671400
v -0.43233400 0.04833300 0.93600700
v -0.46688300 0.03330300 0.82041000
v -0.43085900 0.03242200 0.94231100
v -0.46793500 0.01629300 0.81826000
v -0.43064000 0.01538200 0.94446100
v -0.46771600 -0.00074700 0.82041000
v -0.43169100 -0.00162800 0.94231100
v -0.46624000 -0.01665800 0.82671400
v -0.43394200 -0.01744700 0.93600700
v -0.46361000 -0.03035400 0.83674100
v -0.43723800 -0.03099800 0.92597900
v -0.46000300 -0.04090200 0.84981000
v -0.44135600 -0.04135800 0.91291000
v -0.45566600 -0.04758300 0.86502900
v -0.44601400 -0.04781900 0.89769200
v -0.45089500 -0.04994300 0.88136000
vt 0.09591806 0.01736462
vt 0.09591806 0.01736462
vt 0.09591806 0.01736462
vt 0.09591806 0.01736462
vt 0.09591806 0.01736462
vt 0.09591806 0.01736462
vt 0.09591806 0.01736462
vt 0.09591806 0.01736462
vt 0.09591806 0.01736462
vt 0.09591806 0.01736462
vt 0.09591806 0.01736462
vt 0.09591806 0.01736462
vt 0.09591806 0.01736462
vt 0.09591806 0.01736462
vt 0.09591806 0.01736462
vt 0.09591806 0.01736462
vt 0.09591806 0.01736462
vt 0.09591806 0.01736462
vt 0.09591806 0.01736462
vt 0.09591806 0.01736462
vt 0.09591806 0.01736462
vt 0.09591806 0.01736462
vt 0.09591806 0.01736462
vt 0.09591806 0.01736462
vt 0.09591806 0.01736462
vt 0.09591806 0.01736462
vt 0.09591806 0.01736462
vt 0.09591806 0.01736462
vt 0.09591806 0.01736462
vt 0.09591806 0.01736462
vt 0.09591806 0.01736462
vt 0.09591806 0.01736462
vt 0.09591806 0.01736462
vt 0.09591806 0.01736462
vt 0.09591806 0.01736462
vt 0.09591806 0.01736462
vt 0.09591806 0.01736462
vt 0.09591806 0.01736462
vt 0.09591806 0.01736462
vt 0.09591806 0.01736462
vt 0.09591806 0.01736462
vt 0.09591806 0.01736462
vt 0.09591806 0.01736462
vt 0.09591806 0.01736462
vt 0.09591806 0.01736462
vt 0.09591806 0.01736462
vt 0.09591806 0.01736462
vt 0.09591806 0.01736462
vt 0.11935556 0.01736462
vt 0.11935556 0.01736462
vt 0.11935556 0.01736462
vt 0.11935556 0.01736462
vt 0.11935556 0.01736462
vt 0.11935556 0.01736462
vt 0.11935556 0.01736462
vt 0.11935556 0.01736462
vt 0.11935556 0.01736462
vt 0.11935556 0.01736462
vt 0.11935556 0.01736462
vt 0.11935556 0.01736462
vt 0.11935556 0.01736462
vt 0.11935556 0.01736462
vt 0.11935556 0.01736462
vt 0.11935556 0.01736462
vt 0.11935556 0.01736462
vt 0.11935556 0.01736462
vt 0.11935556 0.01736462
vt 0.11935556 0.01736462
vt 0.11935556 0.01736462
vt 0.11935556 0.01736462
vt 0.11935556 0.01736462
vt 0.11935556 0.01736462
vt 0.11935556 0.01736462
vt 0.11935556 0.01736462
vt 0.11935556 0.01736462
vt 0.11935556 0.01736462
vt 0.11935556 0.01736462
vt 0.11935556 0.01736462
vt 0.11935556 0.01736462
vt 0.11935556 0.01736462
vt 0.11935556 0.01736462
vt 0.11935556 0.01736462
vt 0.11935556 0.01736462
vt 0.11935556 0.01736462
vt 0.11935556 0.01736462
vt 0.11935556 0.01736462
vt 0.11935556 0.01736462
vt 0.11935556 0.01736462
vt 0.11935556 0.01736462
vt 0.11935556 0.01736462
vt 0.11935556 0.01736462
vt 0.11935556 0.01736462
vt 0.11935556 0.01736462
vt 0.11935556 0.01736462
vt 0.11935556 0.01736462
vt 0.11935556 0.01736462
vt 0.09591806 0.01736462
vt 0.09591806 0.01736462
vt 0.09591806 0.01736462
vt 0.09591806 0.01736462
vt 0.09591806 0.01736462
vt 0.09591806 0.01736462
vt 0.09591806 0.01736462
vt 0.09591806 0.01736462
vt 0.09591806 0.01736462
vt 0.09591806 0.01736462
vt 0.09591806 0.01736462
vt 0.09591806 0.01736462
vt 0.09591806 0.01736462
vt 0.09591806 0.01736462
vt 0.09591806 0.01736462
vt 0.09591806 0.01736462
vt 0.09591806 0.01736462
vt 0.09591806 0.01736462
vt 0.09591806 0.01736462
vt 0.09591806 0.01736462
vt 0.09591806 0.01736462
vt 0.09591806 0.01736462
vt 0.09591806 0.01736462
vt 0.09591806 0.01736462
vt 0.09591806 0.01736462
vt 0.09591806 0.01736462
vt 0.09591806 0.01736462
vt 0.09591806 0.01736462
vt 0.09591806 0.01736462
vt 0.09591806 0.01736462
vt 0.09591806 0.01736462
vt 0.09591806 0.01736462
vt 0.09591806 0.01736462
vt 0.09591806 0.01736462
vt 0.09591806 0.01736462
vt 0.09591806 0.01736462
vt 0.09591806 0.01736462
vt 0.09591806 0.01736462
vt 0.09591806 0.01736462
vt 0.09591806 0.01736462
vt 0.09591806 0.01736462
vt 0.09591806 0.01736462
vt 0.09591806 0.01736462
vt 0.09591806 0.01736462
vt 0.09591806 0.01736462
vt 0.09591806 0.01736462
vt 0.09591806 0.01736462
vt 0.09591806 0.01736462
vt 0.09591806 0.01736462
vt 0.09591806 0.01736462
vt 0.09591806 0.01736462
vt 0.09591806 0.01736462
vt 0.09591806 0.01736462
vt 0.09591806 0.01736462
vt 0.09591806 0.01736462
vt 0.09591806 0.01736462
vt 0.09591806 0.01736462
vt 0.09591806 0.01736462
vt 0.09591806 0.01736462
vt 0.09591806 0.01736462
vt 0.09591806 0.01736462
vt 0.09591806 0.01736462
vt 0.09591806 0.01736462
vt 0.09591806 0.01736462
vt 0.09591806 0.01736462
vt 0.09591806 0.01736462
vt 0.09591806 0.01736462
vt 0.09591806 0.01736462
vt 0.09591806 0.01736462
vt 0.09591806 0.01736462
vt 0.09591806 0.01736462
vt 0.09591806 0.01736462
vt 0.09591806 0.01736462
vt 0.09591806 0.01736462
vt 0.09591806 0.01736462
vt 0.09591806 0.01736462
vt 0.09591806 0.01736462
vt 0.09591806 0.01736462
vt 0.09591806 0.01736462
vt 0.09591806 0.01736462
vt 0.09591806 0.01736462
vt 0.09591806 0.01736462
vt 0.09591806 0.01736462
vt 0.09591806 0.01736462
vt 0.09591806 0.01736462
vt 0.09591806 0.01736462
vt 0.09591806 0.01736462
vt 0.09591806 0.01736462
vt 0.09591806 0.01736462
vt 0.09591806 0.01736462
vt 0.09591806 0.01736462
vt 0.09591806 0.01736462
vt 0.09591806 0.01736462
vt 0.09591806 0.01736462
vt 0.09591806 0.01736462
vt 0.09591806 0.01736462
vt 0.09591806 0.01736462
vt 0.09591806 0.01736462
vt 0.09591806 0.01736462
vt 0.09591806 0.01736462
vt 0.09591806 0.01736462
vt 0.09591806 0.01736462
vt 0.09591806 0.01736462
vt 0.09591806 0.01736462
vt 0.09591806 0.01736462
vt 0.09591806 0.01736462
vt 0.09591806 0.01736462
vt 0.09591806 0.01736462
vt 0.09591806 0.01736462
vt 0.09591806 0.01736462
vt 0.09591806 0.01736462
vt 0.09591806 0.01736462
vt 0.09591806 0.01736462
vt 0.09591806 0.01736462
vt 0.09591806 0.01736462
vt 0.09591806 0.01736462
vt 0.09591806 0.01736462
vt 0.09591806 0.01736462
vt 0.09591806 0.01736462
vt 0.09591806 0.01736462
vt 0.09591806 0.01736462
vt 0.09591806 0.01736462
vt 0.09591806 0.01736462
vt 0.09591806 0.01736462
vt 0.09591806 0.01736462
vt 0.09591806 0.01736462
vt 0.09591806 0.01736462
vt 0.09591806 0.01736462
vt 0.09591806 0.01736462
vt 0.09591806 0.01736462
vt 0.09591806 0.01736462
vt 0.09591806 0.01736462
vt 0.09591806 0.01736462
vt 0.09591806 0.01736462
vt 0.09591806 0.01736462
vt 0.09591806 0.01736462
vt 0.09591806 0.01736462
vt 0.09591806 0.01736462
vt 0.09591806 0.01736462
vt 0.09591806 0.01736462
vt 0.09591806 0.01736462
vt 0.09591806 0.01736462
vt 0.09591806 0.01736462
vt 0.09591806 0.01736462
vt 0.09591806 0.01736462
vt 0.09591806 0.01736462
vt 0.09591806 0.01736462
vt 0.09591806 0.01736462
vt 0.09591806 0.01736462
vt 0.09591806 0.01736462
vt 0.09591806 0.01736462
vt 0.09591806 0.01736462
vt 0.09591806 0.01736462
vt 0.09591806 0.01736462
vt 0.09591806 0.01736462
vt 0.09591806 0.01736462
vt 0.09591806 0.01736462
vt 0.09591806 0.01736462
vt 0.09591806 0.01736462
vt 0.09591806 0.01736462
vt 0.09591806 0.01736462
vt 0.09591806 0.01736462
vt 0.09591806 0.01736462
vt 0.09591806 0.01736462
vt 0.09591806 0.01736462
vt 0.09591806 0.01736462
vt 0.09591806 0.01736462
vt 0.09591806 0.01736462
vt 0.09591806 0.01736462
vt 0.09591806 0.01736462
vt 0.09591806 0.01736462
vt 0.09591806 0.01736462
vt 0.09591806 0.01736462
vt 0.09591806 0.01736462
vt 0.09591806 0.01736462
vt 0.09591806 0.01736462
vt 0.09591806 0.01736462
vt 0.09591806 0.01736462
vt 0.09591806 0.01736462
vt 0.09591806 0.01736462
vt 0.09591806 0.01736462
vt 0.09591806 0.01736462
vt 0.09591806 0.01736462
vt 0.09591806 0.01736462
vt 0.09591806 0.01736462
vt 0.09591806 0.01736462
vt 0.09591806 0.01736462
vt 0.09591806 0.01736462
vt 0.09591806 0.01736462
vt 0.09591806 0.01736462
vt 0.09591806 0.01736462
vt 0.09591806 0.01736462
vt 0.09591806 0.01736462
vt 0.09591806 0.01736462
vt 0.09591806 0.01736462
vt 0.09591806 0.01736462
vt 0.09591806 0.01736462
vt 0.09591806 0.01736462
vt 0.09591806 0.01736462
vt 0.09591806 0.01736462
vt 0.09591806 0.01736462
vt 0.09591806 0.01736462
vt 0.09591806 0.01736462
vt 0.09591806 0.01736462
vt 0.09591806 0.01736462
vt 0.09591806 0.01736462
vt 0.09591806 0.01736462
vt 0.09591806 0.01736462
vt 0.09591806 0.01736462
vt 0.09591806 0.01736462
vt 0.09591806 0.01736462
vt 0.09591806 0.01736462
vt 0.09591806 0.01736462
vt 0.09591806 0.01736462
vt 0.09591806 0.01736462
vt 0.09591806 0.01736462
vt 0.09591806 0.01736462
vt 0.09591806 0.01736462
vt 0.09591806 0.01736462
vt 0.09591806 0.01736462
vt 0.09591806 0.01736462
vt 0.09591806 0.01736462
vt 0.09591806 0.01736462
vt 0.09591806 0.01736462
vt 0.09591806 0.01736462
vt 0.09591806 0.01736462
vt 0.09591806 0.01736462
vt 0.09591806 0.01736462
vt 0.09591806 0.01736462
vt 0.09591806 0.01736462
vt 0.09591806 0.01736462
vt 0.09591806 0.01736462
vt 0.09591806 0.01736462
vt 0.09591806 0.01736462
vt 0.09591806 0.01736462
vt 0.09591806 0.01736462
vt 0.09591806 0.01736462
vt 0.09591806 0.01736462
vt 0.09591806 0.01736462
vt 0.09591806 0.01736462
vt 0.09591806 0.01736462
vt 0.09591806 0.01736462
vt 0.09591806 0.01736462
vt 0.09591806 0.01736462
vt 0.09591806 0.01736462
vt 0.09591806 0.01736462
vt 0.09591806 0.01736462
vt 0.09591806 0.01736462
vt 0.09591806 0.01736462
vt 0.09591806 0.01736462
vt 0.09591806 0.01736462
vt 0.09591806 0.01736462
vt 0.09591806 0.01736462
vt 0.09591806 0.01736462
vt 0.09591806 0.01736462
vt 0.09591806 0.01736462
vt 0.09591806 0.01736462
vt 0.09591806 0.01736462
vt 0.09591806 0.01736462
vt 0.09591806 0.01736462
vt 0.09591806 0.01736462
vt 0.09591806 0.01736462
vt 0.09591806 0.01736462
vt 0.09591806 0.01736462
vt 0.09591806 0.01736462
vt 0.09591806 0.01736462
vt 0.09591806 0.01736462
vt 0.09591806 0.01736462
vt 0.09591806 0.01736462
vt 0.09591806 0.01736462
vt 0.09591806 0.01736462
vt 0.09591806 0.01736462
vt 0.09591806 0.01736462
vt 0.09591806 0.01736462
vt 0.09591806 0.01736462
vt 0.09591806 0.01736462
vt 0.09591806 0.01736462
vt 0.09591806 0.01736462
vt 0.09591806 0.01736462
vt 0.09591806 0.01736462
vt 0.09591806 0.01736462
vt 0.09591806 0.01736462
vt 0.09591806 0.01736462
vt 0.09591806 0.01736462
vt 0.09591806 0.01736462
vt 0.09591806 0.01736462
vt 0.09591806 0.01736462
vt 0.09591806 0.01736462
vt 0.09591806 0.01736462
vt 0.09591806 0.01736462
vt 0.09591806 0.01736462
vt 0.09591806 0.01736462
vt 0.09591806 0.01736462
vt 0.09591806 0.01736462
vt 0.09591806 0.01736462
vt 0.09591806 0.01736462
vt 0.09591806 0.01736462
vt 0.09591806 0.01736462
vt 0.09591806 0.01736462
vt 0.09591806 0.01736462
vt 0.09591806 0.01736462
vt 0.09591806 0.01736462
vt 0.09591806 0.01736462
vt 0.09591806 0.01736462
vt 0.09591806 0.01736462
vt 0.09591806 0.01736462
vt 0.09591806 0.01736462
vt 0.09591806 0.01736462
vt 0.09591806 0.01736462
vt 0.09591806 0.01736462
vt 0.09591806 0.01736462
vt 0.09591806 0.01736462
vt 0.09591806 0.01736462
vt 0.09591806 0.01736462
vt 0.09591806 0.01736462
vt 0.09591806 0.01736462
vt 0.09591806 0.01736462
vt 0.09591806 0.01736462
vt 0.09591806 0.01736462
vt 0.09591806 0.01736462
vt 0.09591806 0.01736462
vt 0.09591806 0.01736462
vt 0.09591806 0.01736462
vt 0.09591806 0.01736462
vt 0.09591806 0.01736462
vt 0.09591806 0.01736462
vt 0.09591806 0.01736462
vt 0.09591806 0.01736462
vt 0.09591806 0.01736462
vt 0.09591806 0.01736462
vt 0.09591806 0.01736462
vt 0.09591806 0.01736462
vt 0.09591806 0.01736462
vt 0.09591806 0.01736462
vt 0.09591806 0.01736462
vt 0.09591806 0.01736462
vt 0.09591806 0.01736462
vt 0.09591806 0.01736462
vt 0.09591806 0.01736462
vt 0.09591806 0.01736462
vt 0.09591806 0.01736462
vt 0.09591806 0.01736462
vt 0.09591806 0.01736462
vt 0.09591806 0.01736462
vt 0.09591806 0.01736462
vt 0.09591806 0.01736462
vt 0.09591806 0.01736462
vt 0.09591806 0.01736462
vt 0.09591806 0.01736462
vt 0.09591806 0.01736462
vt 0.09591806 0.01736462
vt 0.09591806 0.01736462
vt 0.09591806 0.01736462
vt 0.09591806 0.01736462
vt 0.09591806 0.01736462
vt 0.09591806 0.01736462
vt 0.09591806 0.01736462
vt 0.09591806 0.01736462
vt 0.09591806 0.01736462
vt 0.09591806 0.01736462
vt 0.09591806 0.01736462
vt 0.09591806 0.01736462
vt 0.09591806 0.01736462
vt 0.09591806 0.01736462
vt 0.09591806 0.01736462
vt 0.09591806 0.01736462
vt 0.09591806 0.01736462
vt 0.09591806 0.01736462
vt 0.09591806 0.01736462
vt 0.09591806 0.01736462
vt 0.09591806 0.01736462
vt 0.09591806 0.01736462
vt 0.09591806 0.01736462
vt 0.09591806 0.01736462
vt 0.09591806 0.01736462
vt 0.09591806 0.01736462
vt 0.09591806 0.01736462
vt 0.09591806 0.01736462
vt 0.09591806 0.01736462
vt 0.09591806 0.01736462
vt 0.09591806 0.01736462
vt 0.09591806 0.01736462
vt 0.09591806 0.01736462
vt 0.09591806 0.01736462
vt 0.09591806 0.01736462
vt 0.09591806 0.01736462
vt 0.09591806 0.01736462
vt 0.09591806 0.01736462
vt 0.09591806 0.01736462
vt 0.09591806 0.01736462
vt 0.09591806 0.01736462
vt 0.09591806 0.01736462
vt 0.09591806 0.01736462
vt 0.09591806 0.01736462
vt 0.09591806 0.01736462
vt 0.09591806 0.01736462
vt 0.09591806 0.01736462
vt 0.09591806 0.01736462
vt 0.09591806 0.01736462
vt 0.09591806 0.01736462
vt 0.09591806 0.01736462
vt 0.09591806 0.01736462
vt 0.09591806 0.01736462
vt 0.09591806 0.01736462
vt 0.09591806 0.01736462
vt 0.09591806 0.01736462
vt 0.09591806 0.01736462
vt 0.09591806 0.01736462
vt 0.09591806 0.01736462
vt 0.09591806 0.01736462
vt 0.09591806 0.01736462
vt 0.09591806 0.01736462
vt 0.09591806 0.01736462
vt 0.09591806 0.01736462
vt 0.09591806 0.01736462
vt 0.09591806 0.01736462
vt 0.09591806 0.01736462
vt 0.09591806 0.01736462
vt 0.09591806 0.01736462
vt 0.09591806 0.01736462
vt 0.09591806 0.01736462
vt 0.09591806 0.01736462
vt 0.09591806 0.01736462
vt 0.09591806 0.01736462
vt 0.09591806 0.01736462
vt 0.09591806 0.01736462
vt 0.09591806 0.01736462
vt 0.09591806 0.01736462
vt 0.09591806 0.01736462
vt 0.09591806 0.01736462
vt 0.09591806 0.01736462
vt 0.09591806 0.01736462
vt 0.09591806 0.01736462
vt 0.09591806 0.01736462
vt 0.09591806 0.01736462
vt 0.09591806 0.01736462
vt 0.09591806 0.01736462
vt 0.09591806 0.01736462
vt 0.09591806 0.01736462
vt 0.09591806 0.01736462
vt 0.09591806 0.01736462
vt 0.09591806 0.01736462
vt 0.09591806 0.01736462
vt 0.09591806 0.01736462
vt 0.09591806 0.01736462
vt 0.09591806 0.01736462
vt 0.09591806 0.01736462
vt 0.09591806 0.01736462
vt 0.09591806 0.01736462
vt 0.09591806 0.01736462
vt 0.09591806 0.01736462
vt 0.09591806 0.01736462
vt 0.09591806 0.01736462
vt 0.09591806 0.01736462
vt 0.09591806 0.01736462
vt 0.09591806 0.01736462
vt 0.09591806 0.01736462
vt 0.09591806 0.01736462
vt 0.09591806 0.01736462
vt 0.09591806 0.01736462
vt 0.09591806 0.01736462
vt 0.09591806 0.01736462
vt 0.09591806 0.01736462
vt 0.09591806 0.01736462
vt 0.09591806 0.01736462
vt 0.09591806 0.01736462
vt 0.09591806 0.01736462
vt 0.09591806 0.01736462
vt 0.09591806 0.01736462
vt 0.09591806 0.01736462
vt 0.09591806 0.01736462
vt 0.09591806 0.01736462
vt 0.09591806 0.01736462
vt 0.09591806 0.01736462
vt 0.09591806 0.01736462
vt 0.09591806 0.01736462
vt 0.09591806 0.01736462
vt 0.09591806 0.01736462
vt 0.09591806 0.01736462
vt 0.09591806 0.01736462
vt 0.09591806 0.01736462
vt 0.09591806 0.01736462
vt 0.09591806 0.01736462
vt 0.09591806 0.01736462
vt 0.09591806 0.01736462
vt 0.09591806 0.01736462
vt 0.09591806 0.01736462
vt 0.09591806 0.01736462
vt 0.09591806 0.01736462
vt 0.09591806 0.01736462
vt 0.09591806 0.01736462
vt 0.09591806 0.01736462
vt 0.09591806 0.01736462
vt 0.09591806 0.01736462
vt 0.09591806 0.01736462
vt 0.09591806 0.01736462
vt 0.09591806 0.01736462
vt 0.09591806 0.01736462
vt 0.09591806 0.01736462
vt 0.09591806 0.01736462
vt 0.09591806 0.01736462
vt 0.09591806 0.01736462
vt 0.09591806 0.01736462
vt 0.09591806 0.01736462
vt 0.09591806 0.01736462
vt 0.09591806 0.01736462
vt 0.09591806 0.01736462
vt 0.09591806 0.01736462
vt 0.09591806 0.01736462
vt 0.09591806 0.01736462
vt 0.09591806 0.01736462
vt 0.09591806 0.01736462
vt 0.09591806 0.01736462
vt 0.09591806 0.01736462
vt 0.09591806 0.01736462
vt 0.09591806 0.01736462
vt 0.09591806 0.01736462
vt 0.09591806 0.01736462
vt 0.09591806 0.01736462
vt 0.09591806 0.01736462
vt 0.09591806 0.01736462
vt 0.09591806 0.01736462
vt 0.09591806 0.01736462
vt 0.09591806 0.01736462
vt 0.09591806 0.01736462
vt 0.09591806 0.01736462
vt 0.09591806 0.01736462
vt 0.09591806 0.01736462
vt 0.09591806 0.01736462
vt 0.09591806 0.01736462
vt 0.09591806 0.01736462
vt 0.09591806 0.01736462
vt 0.09591806 0.01736462
vt 0.09591806 0.01736462
vt 0.09591806 0.01736462
vt 0.09591806 0.01736462
vt 0.09591806 0.01736462
vt 0.09591806 0.01736462
vt 0.09591806 0.01736462
vt 0.09591806 0.01736462
vt 0.09591806 0.01736462
vt 0.09591806 0.01736462
vt 0.09591806 0.01736462
vt 0.09591806 0.01736462
vt 0.09591806 0.01736462
vt 0.09591806 0.01736462
vt 0.09591806 0.01736462
vt 0.09591806 0.01736462
vt 0.09591806 0.01736462
vt 0.09591806 0.01736462
vt 0.09591806 0.01736462
vt 0.09591806 0.01736462
vt 0.09591806 0.01736462
vt 0.09591806 0.01736462
vt 0.09591806 0.01736462
vt 0.09591806 0.01736462
vt 0.09591806 0.01736462
vt 0.09591806 0.01736462
vt 0.09591806 0.01736462
vt 0.09591806 0.01736462
vt 0.09591806 0.01736462
vt 0.09591806 0.01736462
vt 0.09591806 0.01736462
vt 0.09591806 0.01736462
vt 0.09591806 0.01736462
vt 0.09591806 0.01736462
vt 0.09591806 0.01736462
vt 0.09591806 0.01736462
vt 0.09591806 0.01736462
vt 0.09591806 0.01736462
vt 0.09591806 0.01736462
vt 0.09591806 0.01736462
vt 0.09591806 0.01736462
vt 0.09591806 0.01736462
vt 0.09591806 0.01736462
vt 0.09591806 0.01736462
vt 0.09591806 0.01736462
vt 0.09591806 0.01736462
vt 0.09591806 0.01736462
vt 0.09591806 0.01736462
vt 0.09591806 0.01736462
vt 0.09591806 0.01736462
vt 0.09591806 0.01736462
vt 0.09591806 0.01736462
vt 0.09591806 0.01736462
vt 0.09591806 0.01736462
vt 0.09591806 0.01736462
vt 0.09591806 0.01736462
vt 0.09591806 0.01736462
vt 0.09591806 0.01736462
vt 0.09591806 0.01736462
vt 0.09591806 0.01736462
vt 0.09591806 0.01736462
vt 0.09591806 0.01736462
vt 0.09591806 0.01736462
vt 0.09591806 0.01736462
vt 0.09591806 0.01736462
vt 0.09591806 0.01736462
vt 0.09591806 0.01736462
vt 0.09591806 0.01736462
vt 0.09591806 0.01736462
vt 0.09591806 0.01736462
vt 0.09591806 0.01736462
vt 0.09591806 0.01736462
vt 0.09591806 0.01736462
vt 0.09591806 0.01736462
vt 0.09591806 0.01736462
vt 0.09591806 0.01736462
vt 0.09591806 0.01736462
vt 0.09591806 0.01736462
vt 0.09591806 0.01736462
vt 0.09591806 0.01736462
vt 0.09591806 0.01736462
vt 0.09591806 0.01736462
vt 0.09591806 0.01736462
vt 0.09591806 0.01736462
vt 0.09591806 0.01736462
vt 0.09591806 0.01736462
vt 0.09591806 0.01736462
vt 0.09591806 0.01736462
vt 0.09591806 0.01736462
vt 0.09591806 0.01736462
vt 0.09591806 0.01736462
vt 0.09591806 0.01736462
vt 0.09591806 0.01736462
vt 0.09591806 0.01736462
vt 0.09591806 0.01736462
vt 0.09591806 0.01736462
vt 0.09591806 0.01736462
vt 0.09591806 0.01736462
vt 0.09591806 0.01736462
vt 0.09591806 0.01736462
vt 0.09591806 0.01736462
vt 0.09591806 0.01736462
vt 0.09591806 0.01736462
vt 0.09591806 0.01736462
vt 0.09591806 0.01736462
vt 0.09591806 0.01736462
vt 0.09591806 0.01736462
vt 0.09591806 0.01736462
vt 0.09591806 0.01736462
vt 0.09591806 0.01736462
vt 0.09591806 0.01736462
vt 0.09591806 0.01736462
vt 0.09591806 0.01736462
vt 0.09591806 0.01736462
vt 0.09591806 0.01736462
vt 0.09591806 0.01736462
vt 0.09591806 0.01736462
vt 0.09591806 0.01736462
vt 0.09591806 0.01736462
vt 0.09591806 0.01736462
vt 0.09591806 0.01736462
vt 0.09591806 0.01736462
vt 0.09591806 0.01736462
vt 0.09591806 0.01736462
vt 0.09591806 0.01736462
vt 0.09591806 0.01736462
vt 0.09591806 0.01736462
vt 0.09591806 0.01736462
vt 0.09591806 0.01736462
vt 0.09591806 0.01736462
vt 0.09591806 0.01736462
vt 0.09591806 0.01736462
vt 0.09591806 0.01736462
vt 0.09591806 0.01736462
vt 0.09591806 0.01736462
vt 0.09591806 0.01736462
vt 0.09591806 0.01736462
vt 0.09591806 0.01736462
vt 0.09591806 0.01736462
vt 0.09591806 0.01736462
vt 0.09591806 0.01736462
vt 0.09591806 0.01736462
vt 0.09591806 0.01736462
vt 0.09591806 0.01736462
vt 0.09591806 0.01736462
vt 0.09591806 0.01736462
vt 0.09591806 0.01736462
vt 0.09591806 0.01736462
vt 0.09591806 0.01736462
vt 0.09591806 0.01736462
vt 0.09591806 0.01736462
vt 0.09591806 0.01736462
vt 0.09591806 0.01736462
vt 0.09591806 0.01736462
vt 0.09591806 0.01736462
vt 0.09591806 0.01736462
vt 0.09591806 0.01736462
vt 0.09591806 0.01736462
vt 0.09591806 0.01736462
vt 0.09591806 0.01736462
vt 0.09591806 0.01736462
vt 0.09591806 0.01736462
vt 0.09591806 0.01736462
vt 0.09591806 0.01736462
vt 0.09591806 0.01736462
vt 0.09591806 0.01736462
vt 0.09591806 0.01736462
vt 0.09591806 0.01736462
vt 0.09591806 0.01736462
vt 0.09591806 0.01736462
vt 0.09591806 0.01736462
vt 0.09591806 0.01736462
vt 0.09591806 0.01736462
vt 0.09591806 0.01736462
vt 0.09591806 0.01736462
vt 0.09591806 0.01736462
vt 0.09591806 0.01736462
vt 0.09591806 0.01736462
vt 0.09591806 0.01736462
vt 0.09591806 0.01736462
vt 0.09591806 0.01736462
vt 0.09591806 0.01736462
vt 0.09591806 0.01736462
vt 0.09591806 0.01736462
vt 0.09591806 0.01736462
vt 0.09591806 0.01736462
vt 0.09591806 0.01736462
vt 0.09591806 0.01736462
vt 0.09591806 0.01736462
vt 0.09591806 0.01736462
vt 0.09591806 0.01736462
vt 0.09591806 0.01736462
vt 0.09591806 0.01736462
vt 0.09591806 0.01736462
vt 0.09591806 0.01736462
vt 0.09591806 0.01736462
vt 0.09591806 0.01736462
vt 0.09591806 0.01736462
vt 0.09591806 0.01736462
vt 0.09591806 0.01736462
vt 0.09591806 0.01736462
vt 0.09591806 0.01736462
vt 0.09591806 0.01736462
vt 0.09591806 0.01736462
vt 0.09591806 0.01736462
vt 0.09591806 0.01736462
vt 0.09591806 0.01736462
vt 0.09591806 0.01736462
vt 0.09591806 0.01736462
vt 0.09591806 0.01736462
vt 0.09591806 0.01736462
vt 0.09591806 0.01736462
vt 0.09591806 0.01736462
vt 0.09591806 0.01736462
vt 0.09591806 0.01736462
vt 0.09591806 0.01736462
vt 0.09591806 0.01736462
vt 0.09591806 0.01736462
vt 0.09591806 0.01736462
vt 0.09591806 0.01736462
vt 0.09591806 0.01736462
vt 0.09591806 0.01736462
vt 0.09591806 0.01736462
vt 0.09591806 0.01736462
vt 0.09591806 0.01736462
vt 0.09591806 0.01736462
vt 0.09591806 0.01736462
vt 0.09591806 0.01736462
vt 0.09591806 0.01736462
vt 0.09591806 0.01736462
vt 0.09591806 0.01736462
vt 0.09591806 0.01736462
vt 0.09591806 0.01736462
vt 0.09591806 0.01736462
vt 0.09591806 0.01736462
vt 0.09591806 0.01736462
vt 0.09591806 0.01736462
vt 0.09591806 0.01736462
vt 0.09591806 0.01736462
vt 0.09591806 0.01736462
vt 0.09591806 0.01736462
vt 0.09591806 0.01736462
vt 0.09591806 0.01736462
vt 0.09591806 0.01736462
vt 0.09591806 0.01736462
vt 0.09591806 0.01736462
vt 0.09591806 0.01736462
vt 0.09591806 0.01736462
vt 0.09591806 0.01736462
vt 0.09591806 0.01736462
vt 0.09591806 0.01736462
vt 0.09591806 0.01736462
vt 0.09591806 0.01736462
vt 0.09591806 0.01736462
vt 0.09591806 0.01736462
vt 0.09591806 0.01736462
vt 0.09591806 0.01736462
vt 0.09591806 0.01736462
vt 0.09591806 0.01736462
vt 0.09591806 0.01736462
vt 0.09591806 0.01736462
vt 0.09591806 0.01736462
vt 0.09591806 0.01736462
vt 0.09591806 0.01736462
vt 0.09591806 0.01736462
vt 0.09591806 0.01736462
vt 0.09591806 0.01736462
vt 0.09591806 0.01736462
vt 0.09591806 0.01736462
vt 0.09591806 0.01736462
vt 0.09591806 0.01736462
vt 0.09591806 0.01736462
vt 0.09591806 0.01736462
vt 0.09591806 0.01736462
vt 0.09591806 0.01736462
vt 0.09591806 0.01736462
vt 0.09591806 0.01736462
vt 0.09591806 0.01736462
vt 0.09591806 0.01736462
vt 0.09591806 0.01736462
vt 0.09591806 0.01736462
vt 0.09591806 0.01736462
vt 0.09591806 0.01736462
vt 0.09591806 0.01736462
vt 0.09591806 0.01736462
vt 0.09591806 0.01736462
vt 0.09591806 0.01736462
vt 0.09591806 0.01736462
vt 0.09591806 0.01736462
vt 0.09591806 0.01736462
vt 0.09591806 0.01736462
vt 0.09591806 0.01736462
vt 0.09591806 0.01736462
vt 0.09591806 0.01736462
vt 0.09591806 0.01736462
vt 0.09591806 0.01736462
vt 0.09591806 0.01736462
vt 0.09591806 0.01736462
vt 0.09591806 0.01736462
vt 0.09591806 0.01736462
vt 0.09591806 0.01736462
vt 0.09591806 0.01736462
vt 0.09591806 0.01736462
vt 0.09591806 0.01736462
vt 0.09591806 0.01736462
vt 0.09591806 0.01736462
vt 0.09591806 0.01736462
vt 0.09591806 0.01736462
vt 0.09591806 0.01736462
vt 0.09591806 0.01736462
vt 0.09591806 0.01736462
vt 0.09591806 0.01736462
vt 0.09591806 0.01736462
vt 0.09591806 0.01736462
vt 0.09591806 0.01736462
vt 0.09591806 0.01736462
vt 0.09591806 0.01736462
vt 0.09591806 0.01736462
vt 0.09591806 0.01736462
vt 0.09591806 0.01736462
vt 0.09591806 0.01736462
vt 0.09591806 0.01736462
vt 0.09591806 0.01736462
vt 0.09591806 0.01736462
vt 0.09591806 0.01736462
vt 0.09591806 0.01736462
vt 0.09591806 0.01736462
vt 0.09591806 0.01736462
vt 0.09591806 0.01736462
vt 0.09591806 0.01736462
vt 0.09591806 0.01736462
vt 0.09591806 0.01736462
vt 0.09591806 0.01736462
vt 0.09591806 0.01736462
vt 0.09591806 0.01736462
vt 0.09591806 0.01736462
vt 0.09591806 0.01736462
vt 0.09591806 0.01736462
vt 0.09591806 0.01736462
vt 0.09591806 0.01736462
vt 0.09591806 0.01736462
vt 0.09591806 0.01736462
vt 0.09591806 0.01736462
vt 0.09591806 0.01736462
vt 0.09591806 0.01736462
vt 0.09591806 0.01736462
vt 0.09591806 0.01736462
vt 0.09591806 0.01736462
vt 0.09591806 0.01736462
vt 0.09591806 0.01736462
vt 0.09591806 0.01736462
vt 0.09591806 0.01736462
vt 0.09591806 0.01736462
vt 0.09591806 0.01736462
vt 0.09591806 0.01736462
vt 0.09591806 0.01736462
vt 0.09591806 0.01736462
vt 0.09591806 0.01736462
vt 0.09591806 0.01736462
vt 0.09591806 0.01736462
vt 0.09591806 0.01736462
vt 0.09591806 0.01736462
vt 0.09591806 0.01736462
vt 0.09591806 0.01736462
vt 0.09591806 0.01736462
vt 0.09591806 0.01736462
vt 0.09591806 0.01736462
vt 0.09591806 0.01736462
vt 0.09591806 0.01736462
vt 0.09591806 0.01736462
vt 0.09591806 0.01736462
vt 0.09591806 0.01736462
vt 0.09591806 0.01736462
vt 0.09591806 0.01736462
vt 0.09591806 0.01736462
vt 0.09591806 0.01736462
vt 0.09591806 0.01736462
vt 0.09591806 0.01736462
vt 0.09591806 0.01736462
vt 0.09591806 0.01736462
vt 0.09591806 0.01736462
vt 0.09591806 0.01736462
vt 0.09591806 0.01736462
vt 0.09591806 0.01736462
vt 0.09591806 0.01736462
vt 0.09591806 0.01736462
vt 0.09591806 0.01736462
vt 0.09591806 0.01736462
vt 0.09591806 0.01736462
vt 0.09591806 0.01736462
vt 0.09591806 0.01736462
vt 0.09591806 0.01736462
vt 0.09591806 0.01736462
vt 0.09591806 0.01736462
vt 0.09591806 0.01736462
vt 0.09591806 0.01736462
vt 0.09591806 0.01736462
vt 0.09591806 0.01736462
vt 0.09591806 0.01736462
vt 0.09591806 0.01736462
vt 0.09591806 0.01736462
vt 0.09591806 0.01736462
vt 0.09591806 0.01736462
vt 0.09591806 0.01736462
vt 0.09591806 0.01736462
vt 0.09591806 0.01736462
vt 0.09591806 0.01736462
vt 0.09591806 0.01736462
vt 0.09591806 0.01736462
vt 0.09591806 0.01736462
vt 0.09591806 0.01736462
vt 0.09591806 0.01736462
vt 0.09591806 0.01736462
vt 0.09591806 0.01736462
vt 0.09591806 0.01736462
vt 0.09591806 0.01736462
vt 0.09591806 0.01736462
vt 0.09591806 0.01736462
vt 0.09591806 0.01736462
vt 0.09591806 0.01736462
vt 0.09591806 0.01736462
vt 0.09591806 0.01736462
vt 0.09591806 0.01736462
vt 0.09591806 0.01736462
vt 0.09591806 0.01736462
vt 0.09591806 0.01736462
vt 0.09591806 0.01736462
vt 0.09591806 0.01736462
vt 0.09591806 0.01736462
vt 0.09591806 0.01736462
vt 0.09591806 0.01736462
vt 0.09591806 0.01736462
vt 0.09591806 0.01736462
vt 0.09591806 0.01736462
vt 0.09591806 0.01736462
vt 0.09591806 0.01736462
vt 0.09591806 0.01736462
vt 0.09591806 0.01736462
vt 0.09591806 0.01736462
vt 0.09591806 0.01736462
vt 0.09591806 0.01736462
vt 0.09591806 0.01736462
vt 0.09591806 0.01736462
vt 0.09591806 0.01736462
vt 0.09591806 0.01736462
vt 0.09591806 0.01736462
vt 0.09591806 0.01736462
vt 0.09591806 0.01736462
vt 0.09591806 0.01736462
vt 0.09591806 0.01736462
vt 0.09591806 0.01736462
vt 0.09591806 0.01736462
vt 0.09591806 0.01736462
vt 0.09591806 0.01736462
vt 0.09591806 0.01736462
vt 0.09591806 0.01736462
vt 0.09591806 0.01736462
vt 0.09591806 0.01736462
vt 0.09591806 0.01736462
vt 0.09591806 0.01736462
vt 0.09591806 0.01736462
vt 0.09591806 0.01736462
vt 0.09591806 0.01736462
vt 0.09591806 0.01736462
vt 0.09591806 0.01736462
vt 0.09591806 0.01736462
vt 0.09591806 0.01736462
vt 0.09591806 0.01736462
vt 0.09591806 0.01736462
vt 0.09591806 0.01736462
vt 0.09591806 0.01736462
vt 0.09591806 0.01736462
vt 0.09591806 0.01736462
vt 0.09591806 0.01736462
vt 0.09591806 0.01736462
vt 0.09591806 0.01736462
vt 0.09591806 0.01736462
vt 0.09591806 0.01736462
vt 0.09591806 0.01736462
vt 0.09591806 0.01736462
vt 0.09591806 0.01736462
vt 0.09591806 0.01736462
vt 0.09591806 0.01736462
vt 0.09591806 0.01736462
vt 0.09591806 0.01736462
vt 0.09591806 0.01736462
vt 0.09591806 0.01736462
vt 0.09591806 0.01736462
vt 0.09591806 0.01736462
vt 0.09591806 0.01736462
vt 0.09591806 0.01736462
vt 0.09591806 0.01736462
vt 0.09591806 0.01736462
vt 0.09591806 0.01736462
vt 0.09591806 0.01736462
vt 0.09591806 0.01736462
vt 0.09591806 0.01736462
vt 0.09591806 0.01736462
vt 0.09591806 0.01736462
vt 0.09591806 0.01736462
vt 0.09591806 0.01736462
vt 0.09591806 0.01736462
vt 0.09591806 0.01736462
vt 0.09591806 0.01736462
vt 0.09591806 0.01736462
vt 0.09591806 0.01736462
vt 0.09591806 0.01736462
vt 0.09591806 0.01736462
vt 0.09591806 0.01736462
vt 0.09591806 0.01736462
vt 0.09591806 0.01736462
vt 0.09591806 0.01736462
vt 0.09591806 0.01736462
vt 0.09591806 0.01736462
vt 0.09591806 0.01736462
vt 0.09591806 0.01736462
vt 0.09591806 0.01736462
vt 0.09591806 0.01736462
vt 0.09591806 0.01736462
vt 0.09591806 0.01736462
vt 0.09591806 0.01736462
vt 0.09591806 0.01736462
vt 0.09591806 0.01736462
vt 0.09591806 0.01736462
vt 0.09591806 0.01736462
vt 0.09591806 0.01736462
vt 0.09591806 0.01736462
vt 0.09591806 0.01736462
vt 0.09591806 0.01736462
vt 0.09591806 0.01736462
vt 0.09591806 0.01736462
vt 0.09591806 0.01736462
vt 0.09591806 0.01736462
vt 0.09591806 0.01736462
vt 0.09591806 0.01736462
vt 0.09591806 0.01736462
vt 0.09591806 0.01736462
vt 0.09591806 0.01736462
vt 0.09591806 0.01736462
vt 0.09591806 0.01736462
vt 0.09591806 0.01736462
vt 0.09591806 0.01736462
vt 0.09591806 0.01736462
vt 0.09591806 0.01736462
vt 0.09591806 0.01736462
vt 0.09591806 0.01736462
vt 0.09591806 0.01736462
vt 0.09591806 0.01736462
vt 0.09591806 0.01736462
vt 0.09591806 0.01736462
vt 0.09591806 0.01736462
vt 0.09591806 0.01736462
vt 0.09591806 0.01736462
vt 0.09591806 0.01736462
vt 0.09591806 0.01736462
vt 0.09591806 0.01736462
vt 0.09591806 0.01736462
vt 0.09591806 0.01736462
vt 0.09591806 0.01736462
vt 0.09591806 0.01736462
vt 0.09591806 0.01736462
vt 0.09591806 0.01736462
vt 0.09591806 0.01736462
vt 0.09591806 0.01736462
vt 0.09591806 0.01736462
vt 0.09591806 0.01736462
vt 0.09591806 0.01736462
vt 0.09591806 0.01736462
vt 0.09591806 0.01736462
vt 0.09591806 0.01736462
vt 0.09591806 0.01736462
vt 0.09591806 0.01736462
vt 0.09591806 0.01736462
vt 0.09591806 0.01736462
vt 0.09591806 0.01736462
vt 0.09591806 0.01736462
vt 0.09591806 0.01736462
vt 0.09591806 0.01736462
vt 0.09591806 0.01736462
vt 0.09591806 0.01736462
vt 0.09591806 0.01736462
vt 0.09591806 0.01736462
vt 0.09591806 0.01736462
vt 0.09591806 0.01736462
vt 0.09591806 0.01736462
vt 0.09591806 0.01736462
vt 0.09591806 0.01736462
vt 0.09591806 0.01736462
vt 0.09591806 0.01736462
vt 0.09591806 0.01736462
vt 0.09591806 0.01736462
vt 0.09591806 0.01736462
vt 0.09591806 0.01736462
vt 0.09591806 0.01736462
vt 0.09591806 0.01736462
vt 0.09591806 0.01736462
vt 0.11935556 0.01736462
vt 0.11935556 0.01736462
vt 0.11935556 0.01736462
vt 0.11935556 0.01736462
vt 0.11935556 0.01736462
vt 0.11935556 0.01736462
vt 0.11935556 0.01736462
vt 0.11935556 0.01736462
vt 0.11935556 0.01736462
vt 0.11935556 0.01736462
vt 0.11935556 0.01736462
vt 0.11935556 0.01736462
vt 0.11935556 0.01736462
vt 0.11935556 0.01736462
vt 0.11935556 0.01736462
vt 0.11935556 0.01736462
vt 0.11935556 0.01736462
vt 0.11935556 0.01736462
vt 0.11935556 0.01736462
vt 0.11935556 0.01736462
vt 0.11935556 0.01736462
vt 0.11935556 0.01736462
vt 0.11935556 0.01736462
vt 0.11935556 0.01736462
vt 0.11935556 0.01736462
vt 0.11935556 0.01736462
vt 0.11935556 0.01736462
vt 0.11935556 0.01736462
vt 0.11935556 0.01736462
vt 0.11935556 0.01736462
vt 0.11935556 0.01736462
vt 0.11935556 0.01736462
vt 0.11935556 0.01736462
vt 0.11935556 0.01736462
vt 0.11935556 0.01736462
vt 0.11935556 0.01736462
vt 0.11935556 0.01736462
vt 0.11935556 0.01736462
vt 0.11935556 0.01736462
vt 0.11935556 0.01736462
vt 0.11935556 0.01736462
vt 0.11935556 0.01736462
vt 0.11935556 0.01736462
vt 0.11935556 0.01736462
vt 0.11935556 0.01736462
vt 0.11935556 0.01736462
vt 0.11935556 0.01736462
vt 0.11935556 0.01736462
vt 0.11935556 0.01736462
vt 0.11935556 0.01736462
vt 0.11935556 0.01736462
vt 0.11935556 0.01736462
vt 0.11935556 0.01736462
vt 0.11935556 0.01736462
vt 0.11935556 0.01736462
vt 0.11935556 0.01736462
vt 0.11935556 0.01736462
vt 0.11935556 0.01736462
vt 0.11935556 0.01736462
vt 0.11935556 0.01736462
vt 0.11935556 0.01736462
vt 0.11935556 0.01736462
vt 0.11935556 0.01736462
vt 0.11935556 0.01736462
vt 0.11935556 0.01736462
vt 0.11935556 0.01736462
vt 0.11935556 0.01736462
vt 0.11935556 0.01736462
vt 0.11935556 0.01736462
vt 0.11935556 0.01736462
vt 0.11935556 0.01736462
vt 0.11935556 0.01736462
vt 0.11935556 0.01736462
vt 0.11935556 0.01736462
vt 0.11935556 0.01736462
vt 0.11935556 0.01736462
vt 0.11935556 0.01736462
vt 0.11935556 0.01736462
vt 0.11935556 0.01736462
vt 0.11935556 0.01736462
vt 0.11935556 0.01736462
vt 0.11935556 0.01736462
vt 0.11935556 0.01736462
vt 0.11935556 0.01736462
vt 0.11935556 0.01736462
vt 0.11935556 0.01736462
vt 0.11935556 0.01736462
vt 0.11935556 0.01736462
vt 0.11935556 0.01736462
vt 0.11935556 0.01736462
vt 0.11935556 0.01736462
vt 0.11935556 0.01736462
vt 0.11935556 0.01736462
vt 0.11935556 0.01736462
vt 0.11935556 0.01736462
vt 0.11935556 0.01736462
vt 0.11935556 0.01736462
vt 0.11935556 0.01736462
vt 0.11935556 0.01736462
vt 0.11935556 0.01736462
vt 0.11935556 0.01736462
vt 0.11935556 0.01736462
vt 0.11935556 0.01736462
vt 0.11935556 0.01736462
vt 0.11935556 0.01736462
vt 0.11935556 0.01736462
vt 0.11935556 0.01736462
vt 0.11935556 0.01736462
vt 0.11935556 0.01736462
vt 0.11935556 0.01736462
vt 0.11935556 0.01736462
vt 0.11935556 0.01736462
vt 0.11935556 0.01736462
vt 0.11935556 0.01736462
vt 0.11935556 0.01736462
vt 0.11935556 0.01736462
vt 0.11935556 0.01736462
vt 0.11935556 0.01736462
vt 0.11935556 0.01736462
vt 0.11935556 0.01736462
vt 0.11935556 0.01736462
vt 0.11935556 0.01736462
vt 0.11935556 0.01736462
vt 0.11935556 0.01736462
vt 0.11935556 0.01736462
vt 0.11935556 0.01736462
vt 0.11935556 0.01736462
vt 0.11935556 0.01736462
vt 0.11935556 0.01736462
vt 0.11935556 0.01736462
vt 0.11935556 0.01736462
vt 0.11935556 0.01736462
vt 0.11935556 0.01736462
vt 0.11935556 0.01736462
vt 0.11935556 0.01736462
vt 0.11935556 0.01736462
vt 0.11935556 0.01736462
vt 0.11935556 0.01736462
vt 0.11935556 0.01736462
vt 0.11935556 0.01736462
vt 0.11935556 0.01736462
vt 0.11935556 0.01736462
vt 0.11935556 0.01736462
vt 0.11935556 0.01736462
vt 0.11935556 0.01736462
vt 0.11935556 0.01736462
vt 0.11935556 0.01736462
vt 0.11935556 0.01736462
vt 0.11935556 0.01736462
vt 0.11935556 0.01736462
vt 0.11935556 0.01736462
vt 0.11935556 0.01736462
vt 0.11935556 0.01736462
vt 0.11935556 0.01736462
vt 0.11935556 0.01736462
vt 0.11935556 0.01736462
vt 0.11935556 0.01736462
vt 0.11935556 0.01736462
vt 0.11935556 0.01736462
vt 0.11935556 0.01736462
vt 0.11935556 0.01736462
vt 0.11935556 0.01736462
vt 0.11935556 0.01736462
vt 0.11935556 0.01736462
vt 0.11935556 0.01736462
vt 0.11935556 0.01736462
vt 0.11935556 0.01736462
vt 0.11935556 0.01736462
vt 0.11935556 0.01736462
vt 0.11935556 0.01736462
vt 0.11935556 0.01736462
vt 0.11935556 0.01736462
vt 0.11935556 0.01736462
vt 0.11935556 0.01736462
vt 0.11935556 0.01736462
vt 0.11935556 0.01736462
vt 0.11935556 0.01736462
vt 0.11935556 0.01736462
vt 0.11935556 0.01736462
vt 0.11935556 0.01736462
vt 0.11935556 0.01736462
vt 0.11935556 0.01736462
vt 0.11935556 0.01736462
vt 0.11935556 0.01736462
vt 0.11935556 0.01736462
vt 0.11935556 0.01736462
vt 0.11935556 0.01736462
vt 0.11935556 0.01736462
vt 0.11935556 0.01736462
vt 0.11935556 0.01736462
vt 0.11935556 0.01736462
vt 0.11935556 0.01736462
vt 0.11935556 0.01736462
vt 0.11935556 0.01736462
vt 0.11935556 0.01736462
vt 0.11935556 0.01736462
vt 0.11935556 0.01736462
vt 0.11935556 0.01736462
vt 0.11935556 0.01736462
vt 0.11935556 0.01736462
vt 0.11935556 0.01736462
vt 0.11935556 0.01736462
vt 0.11935556 0.01736462
vt 0.11935556 0.01736462
vt 0.11935556 0.01736462
vt 0.11935556 0.01736462
vt 0.11935556 0.01736462
vt 0.11935556 0.01736462
vt 0.11935556 0.01736462
vt 0.11935556 0.01736462
vt 0.11935556 0.01736462
vt 0.11935556 0.01736462
vt 0.11935556 0.01736462
vt 0.11935556 0.01736462
vt 0.11935556 0.01736462
vt 0.11935556 0.01736462
vt 0.11935556 0.01736462
vt 0.11935556 0.01736462
vt 0.11935556 0.01736462
vt 0.11935556 0.01736462
vt 0.11935556 0.01736462
vt 0.11935556 0.01736462
vt 0.11935556 0.01736462
vt 0.11935556 0.01736462
vt 0.11935556 0.01736462
vt 0.11935556 0.01736462
vt 0.11935556 0.01736462
vt 0.11935556 0.01736462
vt 0.11935556 0.01736462
vt 0.11935556 0.01736462
vt 0.11935556 0.01736462
vt 0.11935556 0.01736462
vt 0.11935556 0.01736462
vt 0.11935556 0.01736462
vt 0.11935556 0.01736462
vt 0.11935556 0.01736462
vt 0.11935556 0.01736462
vt 0.11935556 0.01736462
vt 0.11935556 0.01736462
vt 0.11935556 0.01736462
vt 0.11935556 0.01736462
vt 0.11935556 0.01736462
vt 0.11935556 0.01736462
vt 0.11935556 0.01736462
vt 0.11935556 0.01736462
vt 0.11935556 0.01736462
vt 0.11935556 0.01736462
vt 0.11935556 0.01736462
vt 0.11935556 0.01736462
vt 0.11935556 0.01736462
vt 0.11935556 0.01736462
vt 0.11935556 0.01736462
vt 0.11935556 0.01736462
vt 0.11935556 0.01736462
vt 0.11935556 0.01736462
vt 0.11935556 0.01736462
vt 0.11935556 0.01736462
vt 0.11935556 0.01736462
vt 0.11935556 0.01736462
vt 0.11935556 0.01736462
vt 0.11935556 0.01736462
vt 0.11935556 0.01736462
vt 0.11935556 0.01736462
vt 0.11935556 0.01736462
vt 0.11935556 0.01736462
vt 0.11935556 0.01736462
vt 0.11935556 0.01736462
vt 0.11935556 0.01736462
vt 0.11935556 0.01736462
vt 0.11935556 0.01736462
vt 0.11935556 0.01736462
vt 0.11935556 0.01736462
vt 0.11935556 0.01736462
vt 0.11935556 0.01736462
vt 0.11935556 0.01736462
vt 0.11935556 0.01736462
vt 0.11935556 0.01736462
vt 0.11935556 0.01736462
vt 0.11935556 0.01736462
vt 0.11935556 0.01736462
vt 0.11935556 0.01736462
vt 0.11935556 0.01736462
vt 0.11935556 0.01736462
vt 0.11935556 0.01736462
vt 0.11935556 0.01736462
vt 0.11935556 0.01736462
vt 0.11935556 0.01736462
vt 0.11935556 0.01736462
vt 0.11935556 0.01736462
vt 0.11935556 0.01736462
vt 0.11935556 0.01736462
vt 0.11935556 0.01736462
vt 0.11935556 0.01736462
vt 0.11935556 0.01736462
vt 0.11935556 0.01736462
vt 0.11935556 0.01736462
vt 0.11935556 0.01736462
vt 0.11935556 0.01736462
vt 0.11935556 0.01736462
vt 0.11935556 0.01736462
vt 0.11935556 0.01736462
vt 0.11935556 0.01736462
vt 0.11935556 0.01736462
vt 0.11935556 0.01736462
vt 0.11935556 0.01736462
vt 0.11935556 0.01736462
vt 0.11935556 0.01736462
vt 0.11935556 0.01736462
vt 0.11935556 0.01736462
vt 0.11935556 0.01736462
vt 0.11935556 0.01736462
vt 0.11935556 0.01736462
vt 0.11935556 0.01736462
vt 0.11935556 0.01736462
vt 0.11935556 0.01736462
vt 0.11935556 0.01736462
vt 0.11935556 0.01736462
vt 0.11935556 0.01736462
vt 0.11935556 0.01736462
vt 0.11935556 0.01736462
vt 0.11935556 0.01736462
vt 0.11935556 0.01736462
vt 0.11935556 0.01736462
vt 0.11935556 0.01736462
vt 0.11935556 0.01736462
vt 0.11935556 0.01736462
vt 0.11935556 0.01736462
vt 0.11935556 0.01736462
vt 0.11935556 0.01736462
vt 0.11935556 0.01736462
vt 0.11935556 0.01736462
vt 0.11935556 0.01736462
vt 0.11935556 0.01736462
vt 0.11935556 0.01736462
vt 0.11935556 0.01736462
vt 0.11935556 0.01736462
vt 0.11935556 0.01736462
vt 0.11935556 0.01736462
vt 0.11935556 0.01736462
vt 0.11935556 0.01736462
vt 0.11935556 0.01736462
vt 0.11935556 0.01736462
vt 0.11935556 0.01736462
vt 0.11935556 0.01736462
vt 0.11935556 0.01736462
vt 0.11935556 0.01736462
vt 0.11935556 0.01736462
vt 0.11935556 0.01736462
vt 0.11935556 0.01736462
vt 0.11935556 0.01736462
vt 0.11935556 0.01736462
vt 0.11935556 0.01736462
vt 0.11935556 0.01736462
vt 0.11935556 0.01736462
vt 0.11935556 0.01736462
vt 0.11935556 0.01736462
vt 0.11935556 0.01736462
vt 0.11935556 0.01736462
vt 0.11935556 0.01736462
vt 0.11935556 0.01736462
vt 0.11935556 0.01736462
vt 0.11935556 0.01736462
vt 0.11935556 0.01736462
vt 0.11935556 0.01736462
vt 0.11935556 0.01736462
vt 0.11935556 0.01736462
vt 0.11935556 0.01736462
vt 0.11935556 0.01736462
vt 0.11935556 0.01736462
vt 0.11935556 0.01736462
vt 0.11935556 0.01736462
vt 0.11935556 0.01736462
vt 0.11935556 0.01736462
vt 0.11935556 0.01736462
vt 0.11935556 0.01736462
vt 0.11935556 0.01736462
vt 0.11935556 0.01736462
vt 0.11935556 0.01736462
vt 0.11935556 0.01736462
vt 0.11935556 0.01736462
vt 0.11935556 0.01736462
vt 0.11935556 0.01736462
vt 0.11935556 0.01736462
vt 0.11935556 0.01736462
vt 0.11935556 0.01736462
vt 0.11935556 0.01736462
vt 0.11935556 0.01736462
vt 0.11935556 0.01736462
vt 0.11935556 0.01736462
vt 0.11935556 0.01736462
vt 0.11935556 0.01736462
vt 0.11935556 0.01736462
vt 0.11935556 0.01736462
vt 0.11935556 0.01736462
vt 0.11935556 0.01736462
vt 0.11935556 0.01736462
vt 0.11935556 0.01736462
vt 0.11935556 0.01736462
vt 0.11935556 0.01736462
vt 0.11935556 0.01736462
vt 0.11935556 0.01736462
vt 0.11935556 0.01736462
vt 0.11935556 0.01736462
vt 0.11935556 0.01736462
vt 0.11935556 0.01736462
vt 0.11935556 0.01736462
vt 0.11935556 0.01736462
vt 0.11935556 0.01736462
vt 0.11935556 0.01736462
vt 0.11935556 0.01736462
vt 0.11935556 0.01736462
vt 0.11935556 0.01736462
vt 0.11935556 0.01736462
vt 0.11935556 0.01736462
vt 0.11935556 0.01736462
vt 0.11935556 0.01736462
vt 0.11935556 0.01736462
vt 0.11935556 0.01736462
vt 0.11935556 0.01736462
vt 0.11935556 0.01736462
vt 0.11935556 0.01736462
vt 0.11935556 0.01736462
vt 0.11935556 0.01736462
vt 0.11935556 0.01736462
vt 0.11935556 0.01736462
vt 0.11935556 0.01736462
vt 0.11935556 0.01736462
vt 0.11935556 0.01736462
vt 0.11935556 0.01736462
vt 0.11935556 0.01736462
vt 0.11935556 0.01736462
vt 0.11935556 0.01736462
vt 0.11935556 0.01736462
vt 0.11935556 0.01736462
vt 0.11935556 0.01736462
vt 0.11935556 0.01736462
vt 0.11935556 0.01736462
vt 0.11935556 0.01736462
vt 0.11935556 0.01736462
vt 0.11935556 0.01736462
vt 0.11935556 0.01736462
vt 0.11935556 0.01736462
vt 0.11935556 0.01736462
vt 0.11935556 0.01736462
vt 0.11935556 0.01736462
vt 0.11935556 0.01736462
vt 0.11935556 0.01736462
vt 0.11935556 0.01736462
vt 0.11935556 0.01736462
vt 0.11935556 0.01736462
vt 0.11935556 0.01736462
vt 0.11935556 0.01736462
vt 0.11935556 0.01736462
vt 0.11935556 0.01736462
vt 0.11935556 0.01736462
vt 0.11935556 0.01736462
vt 0.11935556 0.01736462
vt 0.11935556 0.01736462
vt 0.11935556 0.01736462
vt 0.11935556 0.01736462
vt 0.11935556 0.01736462
vt 0.11935556 0.01736462
vt 0.11935556 0.01736462
vt 0.11935556 0.01736462
vt 0.11935556 0.01736462
vt 0.11935556 0.01736462
vt 0.11935556 0.01736462
vt 0.11935556 0.01736462
vt 0.11935556 0.01736462
vt 0.11935556 0.01736462
vt 0.11935556 0.01736462
vt 0.11935556 0.01736462
vt 0.11935556 0.01736462
vt 0.11935556 0.01736462
vt 0.11935556 0.01736462
vt 0.11935556 0.01736462
vt 0.11935556 0.01736462
vt 0.11935556 0.01736462
vt 0.11935556 0.01736462
vt 0.11935556 0.01736462
vt 0.11935556 0.01736462
vt 0.11935556 0.01736462
vt 0.11935556 0.01736462
vt 0.11935556 0.01736462
vt 0.11935556 0.01736462
vt 0.11935556 0.01736462
vt 0.11935556 0.01736462
vt 0.11935556 0.01736462
vt 0.11935556 0.01736462
vt 0.11935556 0.01736462
vt 0.11935556 0.01736462
vt 0.11935556 0.01736462
vt 0.11935556 0.01736462
vt 0.11935556 0.01736462
vt 0.11935556 0.01736462
vt 0.11935556 0.01736462
vt 0.11935556 0.01736462
vt 0.11935556 0.01736462
vt 0.11935556 0.01736462
vt 0.11935556 0.01736462
vt 0.11935556 0.01736462
vt 0.11935556 0.01736462
vt 0.11935556 0.01736462
vt 0.11935556 0.01736462
vt 0.11935556 0.01736462
vt 0.11935556 0.01736462
vt 0.11935556 0.01736462
vt 0.11935556 0.01736462
vt 0.11935556 0.01736462
vt 0.11935556 0.01736462
vt 0.11935556 0.01736462
vt 0.11935556 0.01736462
vt 0.11935556 0.01736462
vt 0.11935556 0.01736462
vt 0.11935556 0.01736462
vt 0.11935556 0.01736462
vt 0.11935556 0.01736462
vt 0.11935556 0.01736462
vt 0.11935556 0.01736462
vt 0.11935556 0.01736462
vt 0.11935556 0.01736462
vt 0.11935556 0.01736462
vt 0.11935556 0.01736462
vt 0.11935556 0.01736462
vt 0.11935556 0.01736462
vt 0.11935556 0.01736462
vt 0.11935556 0.01736462
vt 0.11935556 0.01736462
vt 0.11935556 0.01736462
vt 0.11935556 0.01736462
vt 0.11935556 0.01736462
vt 0.11935556 0.01736462
vt 0.11935556 0.01736462
vt 0.11935556 0.01736462
vt 0.11935556 0.01736462
vt 0.11935556 0.01736462
vt 0.11935556 0.01736462
vt 0.11935556 0.01736462
vt 0.11935556 0.01736462
vt 0.11935556 0.01736462
vt 0.11935556 0.01736462
vt 0.11935556 0.01736462
vt 0.11935556 0.01736462
vt 0.11935556 0.01736462
vt 0.11935556 0.01736462
vt 0.11935556 0.01736462
vt 0.11935556 0.01736462
vt 0.11935556 0.01736462
vt 0.11935556 0.01736462
vt 0.11935556 0.01736462
vt 0.11935556 0.01736462
vt 0.11935556 0.01736462
vt 0.11935556 0.01736462
vt 0.11935556 0.01736462
vt 0.11935556 0.01736462
vt 0.11935556 0.01736462
vt 0.11935556 0.01736462
vt 0.11935556 0.01736462
vt 0.11935556 0.01736462
vt 0.11935556 0.01736462
vt 0.11935556 0.01736462
vt 0.11935556 0.01736462
vt 0.11935556 0.01736462
vt 0.11935556 0.01736462
vt 0.11935556 0.01736462
vt 0.11935556 0.01736462
vt 0.11935556 0.01736462
vt 0.11935556 0.01736462
vt 0.11935556 0.01736462
vt 0.11935556 0.01736462
vt 0.11935556 0.01736462
vt 0.11935556 0.01736462
vt 0.11935556 0.01736462
vt 0.11935556 0.01736462
vt 0.11935556 0.01736462
vt 0.11935556 0.01736462
vt 0.11935556 0.01736462
vt 0.11935556 0.01736462
vt 0.11935556 0.01736462
vt 0.11935556 0.01736462
vt 0.11935556 0.01736462
vt 0.11935556 0.01736462
vt 0.11935556 0.01736462
vt 0.11935556 0.01736462
vt 0.11935556 0.01736462
vt 0.11935556 0.01736462
vt 0.11935556 0.01736462
vt 0.11935556 0.01736462
vt 0.11935556 0.01736462
vt 0.11935556 0.01736462
vt 0.11935556 0.01736462
vt 0.11935556 0.01736462
vt 0.11935556 0.01736462
vt 0.11935556 0.01736462
vt 0.11935556 0.01736462
vt 0.11935556 0.01736462
vt 0.11935556 0.01736462
vt 0.11935556 0.01736462
vt 0.11935556 0.01736462
vt 0.11935556 0.01736462
vt 0.11935556 0.01736462
vt 0.11935556 0.01736462
vt 0.11935556 0.01736462
vt 0.11935556 0.01736462
vt 0.11935556 0.01736462
vt 0.11935556 0.01736462
vt 0.11935556 0.01736462
vt 0.11935556 0.01736462
vt 0.11935556 0.01736462
vt 0.11935556 0.01736462
vt 0.11935556 0.01736462
vt 0.11935556 0.01736462
vt 0.11935556 0.01736462
vt 0.11935556 0.01736462
vt 0.11935556 0.01736462
vt 0.11935556 0.01736462
vt 0.11935556 0.01736462
vt 0.11935556 0.01736462
vt 0.11935556 0.01736462
vt 0.11935556 0.01736462
vt 0.11935556 0.01736462
vt 0.11935556 0.01736462
vt 0.11935556 0.01736462
vt 0.11935556 0.01736462
vt 0.11935556 0.01736462
vt 0.11935556 0.01736462
vt 0.11935556 0.01736462
vt 0.11935556 0.01736462
vt 0.11935556 0.01736462
vt 0.11935556 0.01736462
vt 0.11935556 0.01736462
vt 0.11935556 0.01736462
vt 0.11935556 0.01736462
vt 0.11935556 0.01736462
vt 0.11935556 0.01736462
vt 0.11935556 0.01736462
vt 0.11935556 0.01736462
vt 0.11935556 0.01736462
vt 0.11935556 0.01736462
vt 0.11935556 0.01736462
vt 0.11935556 0.01736462
vt 0.11935556 0.01736462
vt 0.11935556 0.01736462
vt 0.11935556 0.01736462
vt 0.11935556 0.01736462
vt 0.11935556 0.01736462
vt 0.11935556 0.01736462
vt 0.11935556 0.01736462
vt 0.11935556 0.01736462
vt 0.11935556 0.01736462
vt 0.11935556 0.01736462
vt 0.11935556 0.01736462
vt 0.11935556 0.01736462
vt 0.11935556 0.01736462
vt 0.11935556 0.01736462
vt 0.11935556 0.01736462
vt 0.11935556 0.01736462
vt 0.11935556 0.01736462
vt 0.11935556 0.01736462
vt 0.11935556 0.01736462
vt 0.11935556 0.01736462
vt 0.11935556 0.01736462
vt 0.11935556 0.01736462
vt 0.11935556 0.01736462
vt 0.11935556 0.01736462
vt 0.11935556 0.01736462
vt 0.11935556 0.01736462
vt 0.11935556 0.01736462
vt 0.11935556 0.01736462
vt 0.11935556 0.01736462
vt 0.11935556 0.01736462
vt 0.11935556 0.01736462
vt 0.11935556 0.01736462
vt 0.11935556 0.01736462
vt 0.11935556 0.01736462
vt 0.11935556 0.01736462
vt 0.11935556 0.01736462
vt 0.11935556 0.01736462
vt 0.11935556 0.01736462
vt 0.11935556 0.01736462
vt 0.11935556 0.01736462
vt 0.11935556 0.01736462
vt 0.11935556 0.01736462
vt 0.11935556 0.01736462
vt 0.11935556 0.01736462
vt 0.11935556 0.01736462
vt 0.11935556 0.01736462
vt 0.11935556 0.01736462
vt 0.11935556 0.01736462
vt 0.11935556 0.01736462
vt 0.11935556 0.01736462
vt 0.11935556 0.01736462
vt 0.11935556 0.01736462
vt 0.11935556 0.01736462
vt 0.11935556 0.01736462
vt 0.11935556 0.01736462
vt 0.11935556 0.01736462
vt 0.11935556 0.01736462
vt 0.11935556 0.01736462
vt 0.11935556 0.01736462
vt 0.11935556 0.01736462
vt 0.11935556 0.01736462
vt 0.11935556 0.01736462
vt 0.11935556 0.01736462
vt 0.11935556 0.01736462
vt 0.11935556 0.01736462
vt 0.11935556 0.01736462
vt 0.11935556 0.01736462
vt 0.11935556 0.01736462
vt 0.11935556 0.01736462
vt 0.11935556 0.01736462
vt 0.11935556 0.01736462
vt 0.11935556 0.01736462
vt 0.11935556 0.01736462
vt 0.11935556 0.01736462
vt 0.11935556 0.01736462
vt 0.11935556 0.01736462
vt 0.11935556 0.01736462
vt 0.11935556 0.01736462
vt 0.11935556 0.01736462
vt 0.11935556 0.01736462
vt 0.11935556 0.01736462
vt 0.11935556 0.01736462
vt 0.11935556 0.01736462
vt 0.11935556 0.01736462
vt 0.11935556 0.01736462
vt 0.11935556 0.01736462
vt 0.11935556 0.01736462
vt 0.11935556 0.01736462
vt 0.11935556 0.01736462
vt 0.11935556 0.01736462
vt 0.11935556 0.01736462
vt 0.11935556 0.01736462
vt 0.11935556 0.01736462
vt 0.11935556 0.01736462
vt 0.11935556 0.01736462
vt 0.11935556 0.01736462
vt 0.11935556 0.01736462
vt 0.11935556 0.01736462
vt 0.11935556 0.01736462
vt 0.11935556 0.01736462
vt 0.11935556 0.01736462
vt 0.11935556 0.01736462
vt 0.11935556 0.01736462
vt 0.11935556 0.01736462
vt 0.11935556 0.01736462
vt 0.11935556 0.01736462
vt 0.11935556 0.01736462
vt 0.11935556 0.01736462
vt 0.11935556 0.01736462
vt 0.11935556 0.01736462
vt 0.11935556 0.01736462
vt 0.11935556 0.01736462
vt 0.11935556 0.01736462
vt 0.11935556 0.01736462
vt 0.11935556 0.01736462
vt 0.11935556 0.01736462
vt 0.11935556 0.01736462
vt 0.11935556 0.01736462
vt 0.11935556 0.01736462
vt 0.11935556 0.01736462
vt 0.11935556 0.01736462
vt 0.11935556 0.01736462
vt 0.11935556 0.01736462
vt 0.11935556 0.01736462
vt 0.11935556 0.01736462
vt 0.11935556 0.01736462
vt 0.11935556 0.01736462
vt 0.11935556 0.01736462
vt 0.11935556 0.01736462
vt 0.11935556 0.01736462
vt 0.11935556 0.01736462
vt 0.11935556 0.01736462
vt 0.11935556 0.01736462
vt 0.11935556 0.01736462
vt 0.11935556 0.01736462
vt 0.11935556 0.01736462
vt 0.11935556 0.01736462
vt 0.11935556 0.01736462
vt 0.11935556 0.01736462
vt 0.11935556 0.01736462
vt 0.11935556 0.01736462
vt 0.11935556 0.01736462
vt 0.11935556 0.01736462
vt 0.11935556 0.01736462
vt 0.11935556 0.01736462
vt 0.11935556 0.01736462
vt 0.11935556 0.01736462
vt 0.11935556 0.01736462
vt 0.11935556 0.01736462
vt 0.11935556 0.01736462
vt 0.11935556 0.01736462
vt 0.11935556 0.01736462
vt 0.11935556 0.01736462
vt 0.11935556 0.01736462
vt 0.11935556 0.01736462
vt 0.11935556 0.01736462
vt 0.11935556 0.01736462
vt 0.11935556 0.01736462
vt 0.11935556 0.01736462
vt 0.11935556 0.01736462
vt 0.11935556 0.01736462
vt 0.11935556 0.01736462
vt 0.11935556 0.01736462
vt 0.11935556 0.01736462
vt 0.11935556 0.01736462
vt 0.11935556 0.01736462
vt 0.11935556 0.01736462
vt 0.11935556 0.01736462
vt 0.11935556 0.01736462
vt 0.11935556 0.01736462
vt 0.11935556 0.01736462
vt 0.11935556 0.01736462
vt 0.11935556 0.01736462
vt 0.11935556 0.01736462
vt 0.11935556 0.01736462
vt 0.11935556 0.01736462
vt 0.11935556 0.01736462
vt 0.11935556 0.01736462
vt 0.11935556 0.01736462
vt 0.11935556 0.01736462
vt 0.11935556 0.01736462
vt 0.11935556 0.01736462
vt 0.11935556 0.01736462
vt 0.11935556 0.01736462
vt 0.11935556 0.01736462
vt 0.11935556 0.01736462
vt 0.11935556 0.01736462
vt 0.11935556 0.01736462
vt 0.11935556 0.01736462
vt 0.11935556 0.01736462
vt 0.11935556 0.01736462
vt 0.11935556 0.01736462
vt 0.11935556 0.01736462
vt 0.11935556 0.01736462
vt 0.11935556 0.01736462
vt 0.11935556 0.01736462
vt 0.11935556 0.01736462
vt 0.11935556 0.01736462
vt 0.11935556 0.01736462
vt 0.11935556 0.01736462
vt 0.11935556 0.01736462
vt 0.11935556 0.01736462
vt 0.11935556 0.01736462
vt 0.11935556 0.01736462
vt 0.11935556 0.01736462
vt 0.11935556 0.01736462
vt 0.11935556 0.01736462
vt 0.11935556 0.01736462
vt 0.11935556 0.01736462
vt 0.11935556 0.01736462
vt 0.11935556 0.01736462
vt 0.11935556 0.01736462
vt 0.11935556 0.01736462
vt 0.11935556 0.01736462
vt 0.11935556 0.01736462
vt 0.11935556 0.01736462
vt 0.11935556 0.01736462
vt 0.11935556 0.01736462
vt 0.11935556 0.01736462
vt 0.11935556 0.01736462
vt 0.11935556 0.01736462
vt 0.11935556 0.01736462
vt 0.11935556 0.01736462
vt 0.11935556 0.01736462
vt 0.11935556 0.01736462
vt 0.11935556 0.01736462
vt 0.11935556 0.01736462
vt 0.11935556 0.01736462
vt 0.11935556 0.01736462
vt 0.11935556 0.01736462
vt 0.11935556 0.01736462
vt 0.11935556 0.01736462
vt 0.11935556 0.01736462
vt 0.11935556 0.01736462
vt 0.11935556 0.01736462
vt 0.11935556 0.01736462
vt 0.11935556 0.01736462
vt 0.11935556 0.01736462
vt 0.11935556 0.01736462
vt 0.11935556 0.01736462
vt 0.11935556 0.01736462
vt 0.11935556 0.01736462
vt 0.11935556 0.01736462
vt 0.11935556 0.01736462
vt 0.11935556 0.01736462
vt 0.11935556 0.01736462
vt 0.11935556 0.01736462
vt 0.11935556 0.01736462
vt 0.11935556 0.01736462
vt 0.11935556 0.01736462
vt 0.11935556 0.01736462
vt 0.11935556 0.01736462
vt 0.11935556 0.01736462
vt 0.11935556 0.01736462
vt 0.11935556 0.01736462
vt 0.11935556 0.01736462
vt 0.11935556 0.01736462
vt 0.11935556 0.01736462
vt 0.11935556 0.01736462
vt 0.11935556 0.01736462
vt 0.11935556 0.01736462
vt 0.11935556 0.01736462
vt 0.11935556 0.01736462
vt 0.11935556 0.01736462
vt 0.11935556 0.01736462
vt 0.11935556 0.01736462
vt 0.11935556 0.01736462
vt 0.11935556 0.01736462
vt 0.11935556 0.01736462
vt 0.11935556 0.01736462
vt 0.11935556 0.01736462
vt 0.11935556 0.01736462
vt 0.11935556 0.01736462
vt 0.11935556 0.01736462
vt 0.11935556 0.01736462
vt 0.11935556 0.01736462
vt 0.11935556 0.01736462
vt 0.11935556 0.01736462
vt 0.11935556 0.01736462
vt 0.11935556 0.01736462
vt 0.11935556 0.01736462
vt 0.11935556 0.01736462
vt 0.11935556 0.01736462
vt 0.11935556 0.01736462
vt 0.11935556 0.01736462
vt 0.11935556 0.01736462
vt 0.11935556 0.01736462
vt 0.11935556 0.01736462
vt 0.11935556 0.01736462
vt 0.11935556 0.01736462
vt 0.11935556 0.01736462
vt 0.11935556 0.01736462
vt 0.11935556 0.01736462
vt 0.11935556 0.01736462
vt 0.11935556 0.01736462
vt 0.11935556 0.01736462
vt 0.11935556 0.01736462
vt 0.11935556 0.01736462
vt 0.11935556 0.01736462
vt 0.11935556 0.01736462
vt 0.11935556 0.01736462
vt 0.11935556 0.01736462
vt 0.11935556 0.01736462
vt 0.11935556 0.01736462
vt 0.11935556 0.01736462
vt 0.11935556 0.01736462
vt 0.11935556 0.01736462
vt 0.11935556 0.01736462
vt 0.11935556 0.01736462
vt 0.11935556 0.01736462
vt 0.11935556 0.01736462
vt 0.11935556 0.01736462
vt 0.11935556 0.01736462
vt 0.11935556 0.01736462
vt 0.11935556 0.01736462
vt 0.11935556 0.01736462
vt 0.11935556 0.01736462
vt 0.11935556 0.01736462
vt 0.11935556 0.01736462
vt 0.11935556 0.01736462
vt 0.11935556 0.01736462
vt 0.11935556 0.01736462
vt 0.11935556 0.01736462
vt 0.11935556 0.01736462
vt 0.11935556 0.01736462
vt 0.11935556 0.01736462
vt 0.11935556 0.01736462
vt 0.11935556 0.01736462
vt 0.11935556 0.01736462
vt 0.11935556 0.01736462
vt 0.11935556 0.01736462
vt 0.11935556 0.01736462
vt 0.11935556 0.01736462
vt 0.11935556 0.01736462
vt 0.11935556 0.01736462
vt 0.11935556 0.01736462
vt 0.11935556 0.01736462
vt 0.11935556 0.01736462
vt 0.11935556 0.01736462
vt 0.11935556 0.01736462
vt 0.11935556 0.01736462
vt 0.11935556 0.01736462
vt 0.11935556 0.01736462
vt 0.11935556 0.01736462
vt 0.11935556 0.01736462
vt 0.11935556 0.01736462
vt 0.11935556 0.01736462
vt 0.11935556 0.01736462
vt 0.11935556 0.01736462
vt 0.11935556 0.01736462
vt 0.11935556 0.01736462
vt 0.11935556 0.01736462
vt 0.11935556 0.01736462
vt 0.11935556 0.01736462
vt 0.11935556 0.01736462
vt 0.11935556 0.01736462
vt 0.11935556 0.01736462
vt 0.11935556 0.01736462
vt 0.11935556 0.01736462
vt 0.11935556 0.01736462
vt 0.11935556 0.01736462
vt 0.11935556 0.01736462
vt 0.11935556 0.01736462
vt 0.11935556 0.01736462
vt 0.11935556 0.01736462
vt 0.11935556 0.01736462
vt 0.11935556 0.01736462
vt 0.11935556 0.01736462
vt 0.11935556 0.01736462
vt 0.11935556 0.01736462
vt 0.11935556 0.01736462
vt 0.11935556 0.01736462
vt 0.11935556 0.01736462
vt 0.11935556 0.01736462
vt 0.11935556 0.01736462
vt 0.11935556 0.01736462
vt 0.11935556 0.01736462
vt 0.11935556 0.01736462
vt 0.11935556 0.01736462
vt 0.11935556 0.01736462
vt 0.11935556 0.01736462
vt 0.11935556 0.01736462
vt 0.11935556 0.01736462
vt 0.11935556 0.01736462
vt 0.11935556 0.01736462
vt 0.11935556 0.01736462
vt 0.11935556 0.01736462
vt 0.11935556 0.01736462
vt 0.11935556 0.01736462
vt 0.11935556 0.01736462
vt 0.11935556 0.01736462
vt 0.11935556 0.01736462
vt 0.11935556 0.01736462
vt 0.11935556 0.01736462
vt 0.11935556 0.01736462
vt 0.11935556 0.01736462
vt 0.11935556 0.01736462
vt 0.11935556 0.01736462
vt 0.11935556 0.01736462
vt 0.11935556 0.01736462
vt 0.11935556 0.01736462
vt 0.11935556 0.01736462
vt 0.11935556 0.01736462
vt 0.11935556 0.01736462
vt 0.11935556 0.01736462
vt 0.11935556 0.01736462
vt 0.11935556 0.01736462
vt 0.11935556 0.01736462
vt 0.11935556 0.01736462
vt 0.11935556 0.01736462
vt 0.11935556 0.01736462
vt 0.11935556 0.01736462
vt 0.11935556 0.01736462
vt 0.11935556 0.01736462
vt 0.11935556 0.01736462
vt 0.11935556 0.01736462
vt 0.11935556 0.01736462
vt 0.11935556 0.01736462
vt 0.11935556 0.01736462
vt 0.11935556 0.01736462
vt 0.11935556 0.01736462
vt 0.11935556 0.01736462
vt 0.11935556 0.01736462
vt 0.11935556 0.01736462
vt 0.11935556 0.01736462
vt 0.11935556 0.01736462
vt 0.11935556 0.01736462
vt 0.11935556 0.01736462
vt 0.11935556 0.01736462
vt 0.11935556 0.01736462
vt 0.11935556 0.01736462
vt 0.11935556 0.01736462
vt 0.11935556 0.01736462
vt 0.11935556 0.01736462
vt 0.11935556 0.01736462
vt 0.11935556 0.01736462
vt 0.11935556 0.01736462
vt 0.11935556 0.01736462
vt 0.11935556 0.01736462
vt 0.11935556 0.01736462
vt 0.11935556 0.01736462
vt 0.11935556 0.01736462
vt 0.11935556 0.01736462
vt 0.11935556 0.01736462
vt 0.11935556 0.01736462
vt 0.11935556 0.01736462
vt 0.11935556 0.01736462
vt 0.11935556 0.01736462
vt 0.11935556 0.01736462
vt 0.11935556 0.01736462
vt 0.11935556 0.01736462
vt 0.11935556 0.01736462
vt 0.11935556 0.01736462
vt 0.11935556 0.01736462
vt 0.11935556 0.01736462
vt 0.11935556 0.01736462
vt 0.11935556 0.01736462
vt 0.11935556 0.01736462
vt 0.11935556 0.01736462
vt 0.11935556 0.01736462
vt 0.11935556 0.01736462
vt 0.11935556 0.01736462
vt 0.11935556 0.01736462
vt 0.11935556 0.01736462
vt 0.11935556 0.01736462
vt 0.11935556 0.01736462
vt 0.11935556 0.01736462
vt 0.11935556 0.01736462
vt 0.11935556 0.01736462
vt 0.11935556 0.01736462
vt 0.11935556 0.01736462
vt 0.11935556 0.01736462
vt 0.11935556 0.01736462
vt 0.11935556 0.01736462
vt 0.11935556 0.01736462
vt 0.11935556 0.01736462
vt 0.11935556 0.01736462
vt 0.11935556 0.01736462
vt 0.11935556 0.01736462
vt 0.11935556 0.01736462
vt 0.11935556 0.01736462
vt 0.11935556 0.01736462
vt 0.11935556 0.01736462
vt 0.11935556 0.01736462
vt 0.11935556 0.01736462
vt 0.11935556 0.01736462
vt 0.11935556 0.01736462
vt 0.09591806 0.01736462
vt 0.09591806 0.01736462
vt 0.09591806 0.01736462
vt 0.09591806 0.01736462
vt 0.09591806 0.01736462
vt 0.09591806 0.01736462
vt 0.09591806 0.01736462
vt 0.09591806 0.01736462
vt 0.09591806 0.01736462
vt 0.09591806 0.01736462
vt 0.09591806 0.01736462
vt 0.09591806 0.01736462
vt 0.09591806 0.01736462
vt 0.09591806 0.01736462
vt 0.09591806 0.01736462
vt 0.09591806 0.01736462
vt 0.09591806 0.01736462
vt 0.09591806 0.01736462
vt 0.09591806 0.01736462
vt 0.09591806 0.01736462
vt 0.09591806 0.01736462
vt 0.09591806 0.01736462
vt 0.09591806 0.01736462
vt 0.09591806 0.01736462
vt 0.09591806 0.01736462
vt 0.09591806 0.01736462
vt 0.09591806 0.01736462
vt 0.09591806 0.01736462
vt 0.09591806 0.01736462
vt 0.09591806 0.01736462
vt 0.09591806 0.01736462
vt 0.09591806 0.01736462
vt 0.09591806 0.01736462
vt 0.09591806 0.01736462
vt 0.09591806 0.01736462
vt 0.09591806 0.01736462
vt 0.09591806 0.01736462
vt 0.09591806 0.01736462
vt 0.09591806 0.01736462
vt 0.09591806 0.01736462
vt 0.09591806 0.01736462
vt 0.09591806 0.01736462
vt 0.09591806 0.01736462
vt 0.09591806 0.01736462
vt 0.09591806 0.01736462
vt 0.09591806 0.01736462
vt 0.09591806 0.01736462
vt 0.09591806 0.01736462
vt 0.09591806 0.01736462
vt 0.09591806 0.01736462
vt 0.09591806 0.01736462
vt 0.09591806 0.01736462
vt 0.09591806 0.01736462
vt 0.09591806 0.01736462
vt 0.09591806 0.01736462
vt 0.09591806 0.01736462
vt 0.09591806 0.01736462
vt 0.09591806 0.01736462
vt 0.09591806 0.01736462
vt 0.09591806 0.01736462
vt 0.09591806 0.01736462
vt 0.09591806 0.01736462
vt 0.09591806 0.01736462
vt 0.09591806 0.01736462
vt 0.09591806 0.01736462
vt 0.09591806 0.01736462
vt 0.09591806 0.01736462
vt 0.09591806 0.01736462
vt 0.09591806 0.01736462
vt 0.09591806 0.01736462
vt 0.09591806 0.01736462
vt 0.09591806 0.01736462
vt 0.09591806 0.01736462
vt 0.09591806 0.01736462
vt 0.09591806 0.01736462
vt 0.09591806 0.01736462
vt 0.09591806 0.01736462
vt 0.09591806 0.01736462
vt 0.09591806 0.01736462
vt 0.09591806 0.01736462
vt 0.09591806 0.01736462
vt 0.09591806 0.01736462
vt 0.09591806 0.01736462
vt 0.09591806 0.01736462
vt 0.09591806 0.01736462
vt 0.09591806 0.01736462
vt 0.09591806 0.01736462
vt 0.09591806 0.01736462
vt 0.09591806 0.01736462
vt 0.09591806 0.01736462
vt 0.09591806 0.01736462
vt 0.09591806 0.01736462
vt 0.09591806 0.01736462
vt 0.09591806 0.01736462
vt 0.09591806 0.01736462
vt 0.09591806 0.01736462
vt 0.09591806 0.01736462
vt 0.09591806 0.01736462
vt 0.09591806 0.01736462
vt 0.09591806 0.01736462
vt 0.09591806 0.01736462
vt 0.09591806 0.01736462
vt 0.09591806 0.01736462
vt 0.09591806 0.01736462
vt 0.09591806 0.01736462
vt 0.09591806 0.01736462
vt 0.09591806 0.01736462
vt 0.09591806 0.01736462
vt 0.09591806 0.01736462
vt 0.09591806 0.01736462
vt 0.09591806 0.01736462
vt 0.09591806 0.01736462
vt 0.09591806 0.01736462
vt 0.09591806 0.01736462
vt 0.09591806 0.01736462
vt 0.09591806 0.01736462
vt 0.09591806 0.01736462
vt 0.09591806 0.01736462
vt 0.09591806 0.01736462
vt 0.09591806 0.01736462
vt 0.09591806 0.01736462
vt 0.09591806 0.01736462
vt 0.09591806 0.01736462
vt 0.09591806 0.01736462
vt 0.09591806 0.01736462
vt 0.09591806 0.01736462
vt 0.09591806 0.01736462
vt 0.09591806 0.01736462
vt 0.09591806 0.01736462
vt 0.09591806 0.01736462
vt 0.09591806 0.01736462
vt 0.09591806 0.01736462
vt 0.09591806 0.01736462
vt 0.09591806 0.01736462
vt 0.09591806 0.01736462
vt 0.09591806 0.01736462
vt 0.09591806 0.01736462
vt 0.09591806 0.01736462
vt 0.09591806 0.01736462
vt 0.09591806 0.01736462
vt 0.09591806 0.01736462
vt 0.09591806 0.01736462
vt 0.09591806 0.01736462
vt 0.09591806 0.01736462
vt 0.11935556 0.01736462
vt 0.11935556 0.01736462
vt 0.11935556 0.01736462
vt 0.11935556 0.01736462
vt 0.11935556 0.01736462
vt 0.11935556 0.01736462
vt 0.11935556 0.01736462
vt 0.11935556 0.01736462
vt 0.11935556 0.01736462
vt 0.11935556 0.01736462
vt 0.11935556 0.01736462
vt 0.11935556 0.01736462
vt 0.11935556 0.01736462
vt 0.11935556 0.01736462
vt 0.11935556 0.01736462
vt 0.11935556 0.01736462
vt 0.11935556 0.01736462
vt 0.11935556 0.01736462
vt 0.11935556 0.01736462
vt 0.11935556 0.01736462
vt 0.11935556 0.01736462
vt 0.11935556 0.01736462
vt 0.11935556 0.01736462
vt 0.11935556 0.01736462
vt 0.11935556 0.01736462
vt 0.11935556 0.01736462
vt 0.11935556 0.01736462
vt 0.11935556 0.01736462
vt 0.11935556 0.01736462
vt 0.11935556 0.01736462
vt 0.11935556 0.01736462
vt 0.11935556 0.01736462
vt 0.11935556 0.01736462
vt 0.11935556 0.01736462
vt 0.11935556 0.01736462
vt 0.11935556 0.01736462
vt 0.11935556 0.01736462
vt 0.11935556 0.01736462
vt 0.11935556 0.01736462
vt 0.11935556 0.01736462
vt 0.11935556 0.01736462
vt 0.11935556 0.01736462
vt 0.11935556 0.01736462
vt 0.11935556 0.01736462
vt 0.11935556 0.01736462
vt 0.11935556 0.01736462
vt 0.11935556 0.01736462
vt 0.11935556 0.01736462
vt 0.11935556 0.01736462
vt 0.11935556 0.01736462
vt 0.11935556 0.01736462
vt 0.11935556 0.01736462
vt 0.11935556 0.01736462
vt 0.11935556 0.01736462
vt 0.11935556 0.01736462
vt 0.11935556 0.01736462
vt 0.11935556 0.01736462
vt 0.11935556 0.01736462
vt 0.11935556 0.01736462
vt 0.11935556 0.01736462
vt 0.11935556 0.01736462
vt 0.11935556 0.01736462
vt 0.11935556 0.01736462
vt 0.11935556 0.01736462
vt 0.11935556 0.01736462
vt 0.11935556 0.01736462
vt 0.11935556 0.01736462
vt 0.11935556 0.01736462
vt 0.11935556 0.01736462
vt 0.11935556 0.01736462
vt 0.11935556 0.01736462
vt 0.11935556 0.01736462
vt 0.11935556 0.01736462
vt 0.11935556 0.01736462
vt 0.11935556 0.01736462
vt 0.11935556 0.01736462
vt 0.11935556 0.01736462
vt 0.11935556 0.01736462
vt 0.11935556 0.01736462
vt 0.11935556 0.01736462
vt 0.11935556 0.01736462
vt 0.11935556 0.01736462
vt 0.11935556 0.01736462
vt 0.11935556 0.01736462
vt 0.11935556 0.01736462
vt 0.11935556 0.01736462
vt 0.11935556 0.01736462
vt 0.11935556 0.01736462
vt 0.11935556 0.01736462
vt 0.11935556 0.01736462
vt 0.11935556 0.01736462
vt 0.11935556 0.01736462
vt 0.11935556 0.01736462
vt 0.11935556 0.01736462
vt 0.11935556 0.01736462
vt 0.11935556 0.01736462
vt 0.11935556 0.01736462
vt 0.11935556 0.01736462
vt 0.11935556 0.01736462
vt 0.11935556 0.01736462
vt 0.11935556 0.01736462
vt 0.11935556 0.01736462
vt 0.11935556 0.01736462
vt 0.11935556 0.01736462
vt 0.11935556 0.01736462
vt 0.11935556 0.01736462
vt 0.11935556 0.01736462
vt 0.11935556 0.01736462
vt 0.11935556 0.01736462
vt 0.11935556 0.01736462
vt 0.11935556 0.01736462
vt 0.11935556 0.01736462
vt 0.11935556 0.01736462
vt 0.11935556 0.01736462
vt 0.11935556 0.01736462
vt 0.11935556 0.01736462
vt 0.11935556 0.01736462
vt 0.11935556 0.01736462
vt 0.11935556 0.01736462
vt 0.11935556 0.01736462
vt 0.11935556 0.01736462
vt 0.11935556 0.01736462
vt 0.11935556 0.01736462
vt 0.11935556 0.01736462
vt 0.11935556 0.01736462
vt 0.11935556 0.01736462
vt 0.11935556 0.01736462
vt 0.11935556 0.01736462
vt 0.11935556 0.01736462
vt 0.11935556 0.01736462
vt 0.11935556 0.01736462
vt 0.11935556 0.01736462
vt 0.11935556 0.01736462
vt 0.11935556 0.01736462
vt 0.11935556 0.01736462
vt 0.11935556 0.01736462
vt 0.11935556 0.01736462
vt 0.11935556 0.01736462
vt 0.11935556 0.01736462
vt 0.11935556 0.01736462
vt 0.11935556 0.01736462
vt 0.11935556 0.01736462
vt 0.11935556 0.01736462
vt 0.11935556 0.01736462
vt 0.16665901 0.00979626
vt 0.16665901 0.00979626
vt 0.16665901 0.00979626
vt 0.16665901 0.00979626
vt 0.16665901 0.00979626
vt 0.16665901 0.00979626
vt 0.16665901 0.00979626
vt 0.16665901 0.00979626
vt 0.16665901 0.00979626
vt 0.16665901 0.00979626
vt 0.16665901 0.00979626
vt 0.16665901 0.00979626
vt 0.16665901 0.00979626
vt 0.16665901 0.00979626
vt 0.16665901 0.00979626
vt 0.16665901 0.00979626
vt 0.16665901 0.00979626
vt 0.16665901 0.00979626
vt 0.16665901 0.00979626
vt 0.16665901 0.00979626
vt 0.16665901 0.00979626
vt 0.16665901 0.00979626
vt 0.16665901 0.00979626
vt 0.16665901 0.00979626
vt 0.16665901 0.00979626
vt 0.16665901 0.00979626
vt 0.16665901 0.00979626
vt 0.16665901 0.00979626
vt 0.16665901 0.00979626
vt 0.16665901 0.00979626
vt 0.16665901 0.00979626
vt 0.16665901 0.00979626
vt 0.16665901 0.00979626
vt 0.16665901 0.00979626
vt 0.16665901 0.00979626
vt 0.16665901 0.00979626
vt 0.16665901 0.00979626
vt 0.16665901 0.00979626
vt 0.16665901 0.00979626
vt 0.16665901 0.00979626
vt 0.16665901 0.00979626
vt 0.16665901 0.00979626
vt 0.16665901 0.00979626
vt 0.16665901 0.00979626
vt 0.16665901 0.00979626
vt 0.16665901 0.00979626
vt 0.16665901 0.00979626
vt 0.16665901 0.00979626
vt 0.16665901 0.00979626
vt 0.16665901 0.00979626
vt 0.16665901 0.00979626
vt 0.16665901 0.00979626
vt 0.16665901 0.00979626
vt 0.16665901 0.00979626
vt 0.16665901 0.00979626
vt 0.16665901 0.00979626
vt 0.16665901 0.00979626
vt 0.16665901 0.00979626
vt 0.16665901 0.00979626
vt 0.16665901 0.00979626
vt 0.16665901 0.00979626
vt 0.16665901 0.00979626
vt 0.16665901 0.00979626
vt 0.16665901 0.00979626
vt 0.16665901 0.00979626
vt 0.16665901 0.00979626
vt 0.16665901 0.00979626
vt 0.16665901 0.00979626
vt 0.16665901 0.00979626
vt 0.16665901 0.00979626
vt 0.16665901 0.00979626
vt 0.16665901 0.00979626
vt 0.16665901 0.00979626
vt 0.16665901 0.00979626
vt 0.16665901 0.00979626
vt 0.16665901 0.00979626
vt 0.16665901 0.00979626
vt 0.16665901 0.00979626
vt 0.16665901 0.00979626
vt 0.16665901 0.00979626
vt 0.16665901 0.00979626
vt 0.16665901 0.00979626
vt 0.16665901 0.00979626
vt 0.16665901 0.00979626
vt 0.16665901 0.00979626
vt 0.16665901 0.00979626
vt 0.16665901 0.00979626
vt 0.16665901 0.00979626
vt 0.16665901 0.00979626
vt 0.16665901 0.00979626
vt 0.16665901 0.00979626
vt 0.16665901 0.00979626
vt 0.16665901 0.00979626
vt 0.16665901 0.00979626
vt 0.16665901 0.00979626
vt 0.16665901 0.00979626
vt 0.00978100 0.05926154
vt 0.00978100 0.07404462
vt 0.00978100 0.05892428
vt 0.00978100 0.53994934
vt 0.00978100 0.05892428
vt 0.00978100 0.53994934
vt 0.00978100 0.05926154
vt 0.00978100 0.07404462
vt 0.00978100 0.07438188
vt 0.00978100 0.08784893
vt 0.00978100 0.07438188
vt 0.00978100 0.08784893
vt 0.44726408 0.06708885
vt 0.44726408 0.06642011
vt 0.44730808 0.06675448
vt 0.44713500 0.06740043
vt 0.44713500 0.06610852
vt 0.44692971 0.06766800
vt 0.44692971 0.06584096
vt 0.44666212 0.06787330
vt 0.44666212 0.06563565
vt 0.44635057 0.06800237
vt 0.44635057 0.06550658
vt 0.44601616 0.06804639
vt 0.44601616 0.06546257
vt 0.44568179 0.06800237
vt 0.44568179 0.06550658
vt 0.44537024 0.06787330
vt 0.44537024 0.06563565
vt 0.44510265 0.06766800
vt 0.44510265 0.06584096
vt 0.44489737 0.06740043
vt 0.44489737 0.06610852
vt 0.44476828 0.06708885
vt 0.44476828 0.06642011
vt 0.44472428 0.06675448
vt 0.00978100 0.53961209
vt 0.00978100 0.52530768
vt 0.00978100 0.53961209
vt 0.00978100 0.52530768
vt 0.00978100 0.09939646
vt 0.00978100 0.08818618
vt 0.00978100 0.08818618
vt 0.00978100 0.09939646
vt 0.00978100 0.07438188
vt 0.00978100 0.05892428
vt 0.00978100 0.08818618
vt 0.00978100 0.07404462
vt 0.00978100 0.08818618
vt 0.00978100 0.07404462
vt 0.00978100 0.07438188
vt 0.00978100 0.05892428
vt 0.00978100 0.08784893
vt 0.00978100 0.09973371
vt 0.00978100 0.08784893
vt 0.00978100 0.09973371
vt 0.00978100 0.09939646
vt 0.00978100 0.10823755
vt 0.00978100 0.10823755
vt 0.00978100 0.09939646
vt 0.00978100 0.10790025
vt 0.00978100 0.11311812
vt 0.00978100 0.10790025
vt 0.00978100 0.11311812
vt 0.00978100 0.11278087
vt 0.00978100 0.11404283
vt 0.00978100 0.11278087
vt 0.00978100 0.11404283
vt 0.00978100 0.11370559
vt 0.00978100 0.49494897
vt 0.00978100 0.11370559
vt 0.00978100 0.49494897
vt 0.00978100 0.49528622
vt 0.00978100 0.50185109
vt 0.00978100 0.50185109
vt 0.00978100 0.49528622
vt 0.00978100 0.50218835
vt 0.00978100 0.51209085
vt 0.00978100 0.50218835
vt 0.00978100 0.51209085
vt 0.00978100 0.51242811
vt 0.00978100 0.52497042
vt 0.00978100 0.51242811
vt 0.00978100 0.52497042
vt 0.00978100 0.09973371
vt 0.00978100 0.10790025
vt 0.00978100 0.09973371
vt 0.00978100 0.10790025
vt 0.00978100 0.11278087
vt 0.00978100 0.10823755
vt 0.00978100 0.10823755
vt 0.00978100 0.11278087
vt 0.00978100 0.11311812
vt 0.00978100 0.11370559
vt 0.00978100 0.11311812
vt 0.00978100 0.11370559
vt 0.00978100 0.11404283
vt 0.00978100 0.49528622
vt 0.00978100 0.11404283
vt 0.00978100 0.49528622
vt 0.00978100 0.50218835
vt 0.00978100 0.49494897
vt 0.00978100 0.49494897
vt 0.00978100 0.50218835
vt 0.00978100 0.50185109
vt 0.00978100 0.51242811
vt 0.00978100 0.50185109
vt 0.00978100 0.51242811
vt 0.00978100 0.52530768
vt 0.00978100 0.51209085
vt 0.00978100 0.51209085
vt 0.00978100 0.52530768
vt 0.00978100 0.53994934
vt 0.00978100 0.52497042
vt 0.00978100 0.52497042
vt 0.00978100 0.53994934
vt 0.00978100 0.05926154
vt 0.00978100 0.53961209
vt 0.00978100 0.53961209
vt 0.00978100 0.05926154
vt 0.16665901 0.00979626
vt 0.16665901 0.00979626
vt 0.16665901 0.00979626
vt 0.16665901 0.00979626
vt 0.16665901 0.00979626
vt 0.16665901 0.00979626
vt 0.16665901 0.00979626
vt 0.16665901 0.00979626
vt 0.16665901 0.00979626
vt 0.16665901 0.00979626
vt 0.16665901 0.00979626
vt 0.16665901 0.00979626
vt 0.16665901 0.00979626
vt 0.16665901 0.00979626
vt 0.16665901 0.00979626
vt 0.16665901 0.00979626
vt 0.16665901 0.00979626
vt 0.16665901 0.00979626
vt 0.16665901 0.00979626
vt 0.16665901 0.00979626
vt 0.16665901 0.00979626
vt 0.16665901 0.00979626
vt 0.16665901 0.00979626
vt 0.16665901 0.00979626
vt 0.16665901 0.00979626
vt 0.16665901 0.00979626
vt 0.16665901 0.00979626
vt 0.16665901 0.00979626
vt 0.16665901 0.00979626
vt 0.16665901 0.00979626
vt 0.16665901 0.00979626
vt 0.16665901 0.00979626
vt 0.16665901 0.00979626
vt 0.16665901 0.00979626
vt 0.16665901 0.00979626
vt 0.16665901 0.00979626
vt 0.16665901 0.00979626
vt 0.16665901 0.00979626
vt 0.16665901 0.00979626
vt 0.16665901 0.00979626
vt 0.16665901 0.00979626
vt 0.16665901 0.00979626
vt 0.16665901 0.00979626
vt 0.16665901 0.00979626
vt 0.16665901 0.00979626
vt 0.16665901 0.00979626
vt 0.16665901 0.00979626
vt 0.16665901 0.00979626
vt 0.16665901 0.00979626
vt 0.16665901 0.00979626
vt 0.16665901 0.00979626
vt 0.16665901 0.00979626
vt 0.16665901 0.00979626
vt 0.16665901 0.00979626
vt 0.16665901 0.00979626
vt 0.16665901 0.00979626
vt 0.16665901 0.00979626
vt 0.16665901 0.00979626
vt 0.16665901 0.00979626
vt 0.16665901 0.00979626
vt 0.16665901 0.00979626
vt 0.16665901 0.00979626
vt 0.16665901 0.00979626
vt 0.16665901 0.00979626
vt 0.16665901 0.00979626
vt 0.16665901 0.00979626
vt 0.16665901 0.00979626
vt 0.16665901 0.00979626
vt 0.16665901 0.00979626
vt 0.16665901 0.00979626
vt 0.16665901 0.00979626
vt 0.16665901 0.00979626
vt 0.16665901 0.00979626
vt 0.16665901 0.00979626
vt 0.16665901 0.00979626
vt 0.16665901 0.00979626
vt 0.16665901 0.00979626
vt 0.16665901 0.00979626
vt 0.16665901 0.00979626
vt 0.16665901 0.00979626
vt 0.16665901 0.00979626
vt 0.16665901 0.00979626
vt 0.16665901 0.00979626
vt 0.16665901 0.00979626
vt 0.16665901 0.00979626
vt 0.16665901 0.00979626
vt 0.16665901 0.00979626
vt 0.16665901 0.00979626
vt 0.16665901 0.00979626
vt 0.16665901 0.00979626
vt 0.16665901 0.00979626
vt 0.16665901 0.00979626
vt 0.16665901 0.00979626
vt 0.16665901 0.00979626
vt 0.16665901 0.00979626
vt 0.16665901 0.00979626
vt 0.16665901 0.00979626
vt 0.16665901 0.00979626
vt 0.16665901 0.00979626
vt 0.16665901 0.00979626
vt 0.16665901 0.00979626
vt 0.16665901 0.00979626
vt 0.16665901 0.00979626
vt 0.16665901 0.00979626
vt 0.16665901 0.00979626
vt 0.16665901 0.00979626
vt 0.16665901 0.00979626
vt 0.16665901 0.00979626
vt 0.16665901 0.00979626
vt 0.16665901 0.00979626
vt 0.16665901 0.00979626
vt 0.16665901 0.00979626
vt 0.16665901 0.00979626
vt 0.16665901 0.00979626
vt 0.16665901 0.00979626
vt 0.16665901 0.00979626
vt 0.16665901 0.00979626
vt 0.16665901 0.00979626
vt 0.16665901 0.00979626
vt 0.16665901 0.00979626
vt 0.16665901 0.00979626
vt 0.16665901 0.00979626
vt 0.16665901 0.00979626
vt 0.16665901 0.00979626
vt 0.16665901 0.00979626
vt 0.16665901 0.00979626
vt 0.16665901 0.00979626
vt 0.16665901 0.00979626
vt 0.16665901 0.00979626
vt 0.16665901 0.00979626
vt 0.16665901 0.00979626
vt 0.16665901 0.00979626
vt 0.16665901 0.00979626
vt 0.16665901 0.00979626
vt 0.16665901 0.00979626
vt 0.16665901 0.00979626
vt 0.16665901 0.00979626
vt 0.16665901 0.00979626
vt 0.16665901 0.00979626
vt 0.16665901 0.00979626
vt 0.16665901 0.00979626
vt 0.16665901 0.00979626
vt 0.16665901 0.00979626
vt 0.16665901 0.00979626
vt 0.16665901 0.00979626
vt 0.16665901 0.00979626
vt 0.16665901 0.00979626
vt 0.16665901 0.00979626
vt 0.16665901 0.00979626
vt 0.16665901 0.00979626
vt 0.16665901 0.00979626
vt 0.16665901 0.00979626
vt 0.16665901 0.00979626
vt 0.16665901 0.00979626
vt 0.16665901 0.00979626
vt 0.16665901 0.00979626
vt 0.16665901 0.00979626
vt 0.16665901 0.00979626
vt 0.16665901 0.00979626
vt 0.16665901 0.00979626
vt 0.16665901 0.00979626
vt 0.16665901 0.00979626
vt 0.16665901 0.00979626
vt 0.16665901 0.00979626
vt 0.16665901 0.00979626
vt 0.16665901 0.00979626
vt 0.16665901 0.00979626
vt 0.16665901 0.00979626
vt 0.16665901 0.00979626
vt 0.16665901 0.00979626
vt 0.16665901 0.00979626
vt 0.16665901 0.00979626
vt 0.16665901 0.00979626
vt 0.16665901 0.00979626
vt 0.16665901 0.00979626
vt 0.16665901 0.00979626
vt 0.16665901 0.00979626
vt 0.16665901 0.00979626
vt 0.16665901 0.00979626
vt 0.16665901 0.00979626
vt 0.16665901 0.00979626
vt 0.16665901 0.00979626
vt 0.16665901 0.00979626
vt 0.16665901 0.00979626
vt 0.16665901 0.00979626
vt 0.16665901 0.00979626
vt 0.16665901 0.00979626
vt 0.16665901 0.00979626
vt 0.16665901 0.00979626
vt 0.16665901 0.00979626
vt 0.16665901 0.00979626
vt 0.16665901 0.00979626
vt 0.16665901 0.00979626
vt 0.16665901 0.00979626
vt 0.16665901 0.00979626
vt 0.16665901 0.00979626
vt 0.16665901 0.00979626
vt 0.16665901 0.00979626
vt 0.16665901 0.00979626
vt 0.16665901 0.00979626
vt 0.16665901 0.00979626
vt 0.16665901 0.00979626
vt 0.16665901 0.00979626
vt 0.16665901 0.00979626
vt 0.16665901 0.00979626
vt 0.16665901 0.00979626
vt 0.16665901 0.00979626
vt 0.16665901 0.00979626
vt 0.16665901 0.00979626
vt 0.16665901 0.00979626
vt 0.16665901 0.00979626
vt 0.16665901 0.00979626
vt 0.16665901 0.00979626
vt 0.16665901 0.00979626
vt 0.16665901 0.00979626
vt 0.16665901 0.00979626
vt 0.16665901 0.00979626
vt 0.16665901 0.00979626
vt 0.16665901 0.00979626
vt 0.16665901 0.00979626
vt 0.16665901 0.00979626
vt 0.16665901 0.00979626
vt 0.16665901 0.00979626
vt 0.16665901 0.00979626
vt 0.16665901 0.00979626
vt 0.16665901 0.00979626
vt 0.16665901 0.00979626
vt 0.16665901 0.00979626
vt 0.16665901 0.00979626
vt 0.16665901 0.00979626
vt 0.16665901 0.00979626
vt 0.16665901 0.00979626
vt 0.16665901 0.00979626
vt 0.16665901 0.00979626
vt 0.16665901 0.00979626
vt 0.16665901 0.00979626
vt 0.16665901 0.00979626
vt 0.16665901 0.00979626
vt 0.16665901 0.00979626
vt 0.16665901 0.00979626
vt 0.16665901 0.00979626
vt 0.16665901 0.00979626
vt 0.16665901 0.00979626
vt 0.16665901 0.00979626
vt 0.16665901 0.00979626
vt 0.16665901 0.00979626
vt 0.16665901 0.00979626
vt 0.16665901 0.00979626
vt 0.16665901 0.00979626
vt 0.16665901 0.00979626
vt 0.16665901 0.00979626
vt 0.16665901 0.00979626
vt 0.16665901 0.00979626
vt 0.16665901 0.00979626
vt 0.16665901 0.00979626
vt 0.16665901 0.00979626
vt 0.16665901 0.00979626
vt 0.16665901 0.00979626
vt 0.16665901 0.00979626
vt 0.16665901 0.00979626
vt 0.16665901 0.00979626
vt 0.16665901 0.00979626
vt 0.16665901 0.00979626
vt 0.16665901 0.00979626
vt 0.16665901 0.00979626
vt 0.16665901 0.00979626
vt 0.16665901 0.00979626
vt 0.16665901 0.00979626
vt 0.16665901 0.00979626
vt 0.16665901 0.00979626
vt 0.16665901 0.00979626
vt 0.16665901 0.00979626
vt 0.16665901 0.00979626
vt 0.16665901 0.00979626
vt 0.16665901 0.00979626
vt 0.16665901 0.00979626
vt 0.16665901 0.00979626
vt 0.16665901 0.00979626
vt 0.16665901 0.00979626
vt 0.16665901 0.00979626
vt 0.16665901 0.00979626
vt 0.16665901 0.00979626
vt 0.16665901 0.00979626
vt 0.16665901 0.00979626
vt 0.16665901 0.00979626
vt 0.16665901 0.00979626
vt 0.16665901 0.00979626
vt 0.16665901 0.00979626
vt 0.16665901 0.00979626
vt 0.16665901 0.00979626
vt 0.16665901 0.00979626
vt 0.16665901 0.00979626
vt 0.16665901 0.00979626
vt 0.16665901 0.00979626
vt 0.16665901 0.00979626
vt 0.16665901 0.00979626
vt 0.16665901 0.00979626
vt 0.16665901 0.00979626
vt 0.16665901 0.00979626
vt 0.16665901 0.00979626
vt 0.16665901 0.00979626
vt 0.16665901 0.00979626
vt 0.16665901 0.00979626
vt 0.16665901 0.00979626
vt 0.16665901 0.00979626
vt 0.16665901 0.00979626
vt 0.16665901 0.00979626
vt 0.16665901 0.00979626
vt 0.16665901 0.00979626
vt 0.16665901 0.00979626
vt 0.16665901 0.00979626
vt 0.16665901 0.00979626
vt 0.16665901 0.00979626
vt 0.16665901 0.00979626
vt 0.16665901 0.00979626
vt 0.16665901 0.00979626
vt 0.16665901 0.00979626
vt 0.16665901 0.00979626
vt 0.16665901 0.00979626
vt 0.16665901 0.00979626
vt 0.16665901 0.00979626
vt 0.16665901 0.00979626
vt 0.16665901 0.00979626
vt 0.16665901 0.00979626
vt 0.16665901 0.00979626
vt 0.16665901 0.00979626
vt 0.16665901 0.00979626
vt 0.16665901 0.00979626
vt 0.16665901 0.00979626
vt 0.16665901 0.00979626
vt 0.16665901 0.00979626
vt 0.16665901 0.00979626
vt 0.16665901 0.00979626
vt 0.16665901 0.00979626
vt 0.16665901 0.00979626
vt 0.16665901 0.00979626
vt 0.16665901 0.00979626
vt 0.16665901 0.00979626
vt 0.16665901 0.00979626
vt 0.16665901 0.00979626
vt 0.16665901 0.00979626
vt 0.16665901 0.00979626
vt 0.16665901 0.00979626
vt 0.16665901 0.00979626
vt 0.16665901 0.00979626
vt 0.16665901 0.00979626
vt 0.16665901 0.00979626
vt 0.16665901 0.00979626
vt 0.16665901 0.00979626
vt 0.16665901 0.00979626
vt 0.16665901 0.00979626
vt 0.16665901 0.00979626
vt 0.16665901 0.00979626
vt 0.16665901 0.00979626
vt 0.16665901 0.00979626
vt 0.16665901 0.00979626
vt 0.16665901 0.00979626
vt 0.16665901 0.00979626
vt 0.16665901 0.00979626
vt 0.16665901 0.00979626
vt 0.16665901 0.00979626
vt 0.16665901 0.00979626
vt 0.16665901 0.00979626
vt 0.16665901 0.00979626
vt 0.16665901 0.00979626
vt 0.16665901 0.00979626
vt 0.16665901 0.00979626
vt 0.16665901 0.00979626
vt 0.16665901 0.00979626
vt 0.16665901 0.00979626
vt 0.16665901 0.00979626
vt 0.16665901 0.00979626
vt 0.16665901 0.00979626
vt 0.16665901 0.00979626
vt 0.16665901 0.00979626
vt 0.16665901 0.00979626
vt 0.16665901 0.00979626
vt 0.16665901 0.00979626
vt 0.16665901 0.00979626
vt 0.16665901 0.00979626
vt 0.16665901 0.00979626
vt 0.16665901 0.00979626
vt 0.16665901 0.00979626
vt 0.16665901 0.00979626
vt 0.16665901 0.00979626
vt 0.16665901 0.00979626
vt 0.16665901 0.00979626
vt 0.16665901 0.00979626
vt 0.16665901 0.00979626
vt 0.16665901 0.00979626
vt 0.16665901 0.00979626
vt 0.16665901 0.00979626
vt 0.16665901 0.00979626
vt 0.16665901 0.00979626
vt 0.16665901 0.00979626
vt 0.16665901 0.00979626
vt 0.16665901 0.00979626
vt 0.16665901 0.00979626
vt 0.16665901 0.00979626
vt 0.16665901 0.00979626
vt 0.16665901 0.00979626
vt 0.16665901 0.00979626
vt 0.16665901 0.00979626
vt 0.16665901 0.00979626
vt 0.16665901 0.00979626
vt 0.16665901 0.00979626
vt 0.16665901 0.00979626
vt 0.16665901 0.00979626
vt 0.16665901 0.00979626
vt 0.16665901 0.00979626
vt 0.16665901 0.00979626
vt 0.16665901 0.00979626
vt 0.16665901 0.00979626
vt 0.16665901 0.00979626
vt 0.16665901 0.00979626
vt 0.16665901 0.00979626
vt 0.16665901 0.00979626
vt 0.16665901 0.00979626
vt 0.16665901 0.00979626
vt 0.16665901 0.00979626
vt 0.16665901 0.00979626
vt 0.16665901 0.00979626
vt 0.16665901 0.00979626
vt 0.16665901 0.00979626
vt 0.16665901 0.00979626
vt 0.16665901 0.00979626
vt 0.16665901 0.00979626
vt 0.16665901 0.00979626
vt 0.16665901 0.00979626
vt 0.16665901 0.00979626
vt 0.16665901 0.00979626
vt 0.16665901 0.00979626
vt 0.16665901 0.00979626
vt 0.16665901 0.00979626
vt 0.16665901 0.00979626
vt 0.16665901 0.00979626
vt 0.16665901 0.00979626
vt 0.16665901 0.00979626
vt 0.16665901 0.00979626
vt 0.16665901 0.00979626
vt 0.16665901 0.00979626
vt 0.16665901 0.00979626
vt 0.16665901 0.00979626
vt 0.16665901 0.00979626
vt 0.16665901 0.00979626
vt 0.16665901 0.00979626
vt 0.16665901 0.00979626
vt 0.16665901 0.00979626
vt 0.16665901 0.00979626
vt 0.16665901 0.00979626
vt 0.16665901 0.00979626
vt 0.16665901 0.00979626
vt 0.16665901 0.00979626
vt 0.16665901 0.00979626
vt 0.16665901 0.00979626
vt 0.16665901 0.00979626
vt 0.16665901 0.00979626
vt 0.16665901 0.00979626
vt 0.16665901 0.00979626
vt 0.16665901 0.00979626
vt 0.16665901 0.00979626
vt 0.16665901 0.00979626
vt 0.16665901 0.00979626
vt 0.16665901 0.00979626
vt 0.16665901 0.00979626
vt 0.16665901 0.00979626
vt 0.16665901 0.00979626
vt 0.16665901 0.00979626
vt 0.16665901 0.00979626
vt 0.16665901 0.00979626
vt 0.16665901 0.00979626
vt 0.16665901 0.00979626
vt 0.16665901 0.00979626
vt 0.16665901 0.00979626
vt 0.16665901 0.00979626
vt 0.16665901 0.00979626
vt 0.16665901 0.00979626
vt 0.16665901 0.00979626
vt 0.16665901 0.00979626
vt 0.16665901 0.00979626
vt 0.16665901 0.00979626
vt 0.16665901 0.00979626
vt 0.16665901 0.00979626
vt 0.16665901 0.00979626
vt 0.16665901 0.00979626
vt 0.16665901 0.00979626
vt 0.16665901 0.00979626
vt 0.16665901 0.00979626
vt 0.16665901 0.00979626
vt 0.16665901 0.00979626
vt 0.16665901 0.00979626
vt 0.16665901 0.00979626
vt 0.16665901 0.00979626
vt 0.16665901 0.00979626
vt 0.16665901 0.00979626
vt 0.16665901 0.00979626
vt 0.16665901 0.00979626
vt 0.16665901 0.00979626
vt 0.16665901 0.00979626
vt 0.16665901 0.00979626
vt 0.16665901 0.00979626
vt 0.16665901 0.00979626
vt 0.16665901 0.00979626
vt 0.16665901 0.00979626
vt 0.16665901 0.00979626
vt 0.16665901 0.00979626
vt 0.16665901 0.00979626
vt 0.16665901 0.00979626
vt 0.16665901 0.00979626
vt 0.16665901 0.00979626
vt 0.16665901 0.00979626
vt 0.16665901 0.00979626
vt 0.16665901 0.00979626
vt 0.16665901 0.00979626
vt 0.16665901 0.00979626
vt 0.16665901 0.00979626
vt 0.16665901 0.00979626
vt 0.16665901 0.00979626
vt 0.16665901 0.00979626
vt 0.16665901 0.00979626
vt 0.16665901 0.00979626
vt 0.16665901 0.00979626
vt 0.16665901 0.00979626
vt 0.16665901 0.00979626
vt 0.16665901 0.00979626
vt 0.16665901 0.00979626
vt 0.16665901 0.00979626
vt 0.16665901 0.00979626
vt 0.16665901 0.00979626
vt 0.16665901 0.00979626
vt 0.16665901 0.00979626
vt 0.16665901 0.00979626
vt 0.02194474 0.50185109
vt 0.02194474 0.49528622
vt 0.02129879 0.50218835
vt 0.02129879 0.51209085
vt 0.02129879 0.50185109
vt 0.02129879 0.49528622
vt 0.02194474 0.50218835
vt 0.02194474 0.51209085
vt 0.02194474 0.49494897
vt 0.48983528 0.11370559
vt 0.02129879 0.49494897
vt 0.49048124 0.11370559
vt 0.06451594 0.06642011
vt 0.06451594 0.06708885
vt 0.06447194 0.06675448
vt 0.06464503 0.06610852
vt 0.06464503 0.06740043
vt 0.06485031 0.06584096
vt 0.06485031 0.06766800
vt 0.06511790 0.06563565
vt 0.06511790 0.06787330
vt 0.06542945 0.06550658
vt 0.06542945 0.06800237
vt 0.06576387 0.06546257
vt 0.06576387 0.06804639
vt 0.06609824 0.06550658
vt 0.06609824 0.06800237
vt 0.06640978 0.06563565
vt 0.06640978 0.06787330
vt 0.06667738 0.06584096
vt 0.06667738 0.06766800
vt 0.06688266 0.06610852
vt 0.06688266 0.06740043
vt 0.06701174 0.06642011
vt 0.06701174 0.06708885
vt 0.06705575 0.06675448
vt 0.02129879 0.51242811
vt 0.02129879 0.52497042
vt 0.02194474 0.51242811
vt 0.02194474 0.52497042
vt 0.48983528 0.11278087
vt 0.48983528 0.11404283
vt 0.49048124 0.11404283
vt 0.49048124 0.11278087
vt 0.49048124 0.05926154
vt 0.49048124 0.53961209
vt 0.48983528 0.07438188
vt 0.48983528 0.05892428
vt 0.49048124 0.07438188
vt 0.49048124 0.05892428
vt 0.48983528 0.05926154
vt 0.48983528 0.53961209
vt 0.49048124 0.53994934
vt 0.49048124 0.52497042
vt 0.48983528 0.53994934
vt 0.48983528 0.52497042
vt 0.49048124 0.52530768
vt 0.49048124 0.51209085
vt 0.48983528 0.51209085
vt 0.48983528 0.52530768
vt 0.48983528 0.51242811
vt 0.48983528 0.50185109
vt 0.49048124 0.51242811
vt 0.49048124 0.50185109
vt 0.48983528 0.50218835
vt 0.48983528 0.49494897
vt 0.49048124 0.50218835
vt 0.49048124 0.49494897
vt 0.48983528 0.49528622
vt 0.02194474 0.11404283
vt 0.49048124 0.49528622
vt 0.02129879 0.11404283
vt 0.02194474 0.11370559
vt 0.02194474 0.11311812
vt 0.02129879 0.11311812
vt 0.02129879 0.11370559
vt 0.02194474 0.11278087
vt 0.02194474 0.10823755
vt 0.02129879 0.11278087
vt 0.02129879 0.10823755
vt 0.02194474 0.10790025
vt 0.02194474 0.09973371
vt 0.02129879 0.10790025
vt 0.02129879 0.09973371
vt 0.02129879 0.09939646
vt 0.02129879 0.08818618
vt 0.02194474 0.09939646
vt 0.02194474 0.08818618
vt 0.02129879 0.07438188
vt 0.02129879 0.08784893
vt 0.02194474 0.08784893
vt 0.02194474 0.07438188
vt 0.02129879 0.07404462
vt 0.02129879 0.05926154
vt 0.02194474 0.07404462
vt 0.02194474 0.05926154
vt 0.02129879 0.05892428
vt 0.02129879 0.53994934
vt 0.02194474 0.05892428
vt 0.02194474 0.53994934
vt 0.02129879 0.52530768
vt 0.02129879 0.53961209
vt 0.02194474 0.53961209
vt 0.02194474 0.52530768
vt 0.48983528 0.11311812
vt 0.48983528 0.10790025
vt 0.49048124 0.11311812
vt 0.49048124 0.10790025
vt 0.48983528 0.09939646
vt 0.48983528 0.10823755
vt 0.49048124 0.10823755
vt 0.49048124 0.09939646
vt 0.49048124 0.08784893
vt 0.49048124 0.09973371
vt 0.48983528 0.09973371
vt 0.48983528 0.08784893
vt 0.49048124 0.07404462
vt 0.49048124 0.08818618
vt 0.48983528 0.08818618
vt 0.48983528 0.07404462
vt 0.09591806 0.01736462
vt 0.09591806 0.01736462
vt 0.09591806 0.01736462
vt 0.09591806 0.01736462
vt 0.09591806 0.01736462
vt 0.09591806 0.01736462
vt 0.09591806 0.01736462
vt 0.09591806 0.01736462
vt 0.09591806 0.01736462
vt 0.09591806 0.01736462
vt 0.09591806 0.01736462
vt 0.09591806 0.01736462
vt 0.09591806 0.01736462
vt 0.09591806 0.01736462
vt 0.09591806 0.01736462
vt 0.09591806 0.01736462
vt 0.09591806 0.01736462
vt 0.09591806 0.01736462
vt 0.09591806 0.01736462
vt 0.09591806 0.01736462
vt 0.09591806 0.01736462
vt 0.09591806 0.01736462
vt 0.09591806 0.01736462
vt 0.09591806 0.01736462
vt 0.09591806 0.01736462
vt 0.09591806 0.01736462
vt 0.09591806 0.01736462
vt 0.09591806 0.01736462
vt 0.09591806 0.01736462
vt 0.09591806 0.01736462
vt 0.09591806 0.01736462
vt 0.09591806 0.01736462
vt 0.09591806 0.01736462
vt 0.09591806 0.01736462
vt 0.09591806 0.01736462
vt 0.09591806 0.01736462
vt 0.09591806 0.01736462
vt 0.09591806 0.01736462
vt 0.09591806 0.01736462
vt 0.09591806 0.01736462
vt 0.09591806 0.01736462
vt 0.09591806 0.01736462
vt 0.09591806 0.01736462
vt 0.09591806 0.01736462
vt 0.09591806 0.01736462
vt 0.09591806 0.01736462
vt 0.09591806 0.01736462
vt 0.09591806 0.01736462
vt 0.09591806 0.01736462
vt 0.09591806 0.01736462
vt 0.09591806 0.01736462
vt 0.09591806 0.01736462
vt 0.09591806 0.01736462
vt 0.09591806 0.01736462
vt 0.09591806 0.01736462
vt 0.09591806 0.01736462
vt 0.09591806 0.01736462
vt 0.09591806 0.01736462
vt 0.09591806 0.01736462
vt 0.09591806 0.01736462
vt 0.09591806 0.01736462
vt 0.09591806 0.01736462
vt 0.09591806 0.01736462
vt 0.09591806 0.01736462
vt 0.09591806 0.01736462
vt 0.09591806 0.01736462
vt 0.09591806 0.01736462
vt 0.09591806 0.01736462
vt 0.09591806 0.01736462
vt 0.09591806 0.01736462
vt 0.09591806 0.01736462
vt 0.09591806 0.01736462
vt 0.09591806 0.01736462
vt 0.09591806 0.01736462
vt 0.09591806 0.01736462
vt 0.09591806 0.01736462
vt 0.09591806 0.01736462
vt 0.09591806 0.01736462
vt 0.09591806 0.01736462
vt 0.09591806 0.01736462
vt 0.09591806 0.01736462
vt 0.09591806 0.01736462
vt 0.09591806 0.01736462
vt 0.09591806 0.01736462
vt 0.09591806 0.01736462
vt 0.09591806 0.01736462
vt 0.09591806 0.01736462
vt 0.09591806 0.01736462
vt 0.09591806 0.01736462
vt 0.09591806 0.01736462
vt 0.09591806 0.01736462
vt 0.09591806 0.01736462
vt 0.09591806 0.01736462
vt 0.09591806 0.01736462
vt 0.09591806 0.01736462
vt 0.09591806 0.01736462
vt 0.09591806 0.01736462
vt 0.09591806 0.01736462
vt 0.09591806 0.01736462
vt 0.09591806 0.01736462
vt 0.09591806 0.01736462
vt 0.09591806 0.01736462
vt 0.09591806 0.01736462
vt 0.09591806 0.01736462
vt 0.09591806 0.01736462
vt 0.09591806 0.01736462
vt 0.09591806 0.01736462
vt 0.09591806 0.01736462
vt 0.09591806 0.01736462
vt 0.09591806 0.01736462
vt 0.09591806 0.01736462
vt 0.09591806 0.01736462
vt 0.09591806 0.01736462
vt 0.09591806 0.01736462
vt 0.09591806 0.01736462
vt 0.09591806 0.01736462
vt 0.09591806 0.01736462
vt 0.09591806 0.01736462
vt 0.09591806 0.01736462
vt 0.09591806 0.01736462
vt 0.09591806 0.01736462
vt 0.09591806 0.01736462
vt 0.09591806 0.01736462
vt 0.09591806 0.01736462
vt 0.09591806 0.01736462
vt 0.09591806 0.01736462
vt 0.09591806 0.01736462
vt 0.09591806 0.01736462
vt 0.09591806 0.01736462
vt 0.09591806 0.01736462
vt 0.09591806 0.01736462
vt 0.09591806 0.01736462
vt 0.09591806 0.01736462
vt 0.09591806 0.01736462
vt 0.09591806 0.01736462
vt 0.09591806 0.01736462
vt 0.09591806 0.01736462
vt 0.09591806 0.01736462
vt 0.09591806 0.01736462
vt 0.09591806 0.01736462
vt 0.09591806 0.01736462
vt 0.09591806 0.01736462
vt 0.09591806 0.01736462
vt 0.09591806 0.01736462
vt 0.09591806 0.01736462
vt 0.09591806 0.01736462
vt 0.09591806 0.01736462
vt 0.09591806 0.01736462
vt 0.09591806 0.01736462
vt 0.09591806 0.01736462
vt 0.09591806 0.01736462
vt 0.09591806 0.01736462
vt 0.09591806 0.01736462
vt 0.09591806 0.01736462
vt 0.09591806 0.01736462
vt 0.09591806 0.01736462
vt 0.09591806 0.01736462
vt 0.09591806 0.01736462
vt 0.09591806 0.01736462
vt 0.09591806 0.01736462
vt 0.09591806 0.01736462
vt 0.09591806 0.01736462
vt 0.09591806 0.01736462
vt 0.09591806 0.01736462
vt 0.09591806 0.01736462
vt 0.09591806 0.01736462
vt 0.09591806 0.01736462
vt 0.09591806 0.01736462
vt 0.09591806 0.01736462
vt 0.09591806 0.01736462
vt 0.09591806 0.01736462
vt 0.09591806 0.01736462
vt 0.09591806 0.01736462
vt 0.09591806 0.01736462
vt 0.09591806 0.01736462
vt 0.09591806 0.01736462
vt 0.09591806 0.01736462
vt 0.09591806 0.01736462
vt 0.09591806 0.01736462
vt 0.09591806 0.01736462
vt 0.09591806 0.01736462
vt 0.09591806 0.01736462
vt 0.09591806 0.01736462
vt 0.09591806 0.01736462
vt 0.09591806 0.01736462
vt 0.09591806 0.01736462
vt 0.09591806 0.01736462
vt 0.09591806 0.01736462
vt 0.09591806 0.01736462
vt 0.09591806 0.01736462
vt 0.09591806 0.01736462
vt 0.09591806 0.01736462
vt 0.09591806 0.01736462
vt 0.09591806 0.01736462
vt 0.09591806 0.01736462
vt 0.09591806 0.01736462
vt 0.09591806 0.01736462
vt 0.09591806 0.01736462
vt 0.09591806 0.01736462
vt 0.09591806 0.01736462
vt 0.09591806 0.01736462
vt 0.09591806 0.01736462
vt 0.09591806 0.01736462
vt 0.09591806 0.01736462
vt 0.09591806 0.01736462
vt 0.09591806 0.01736462
vt 0.09591806 0.01736462
vt 0.09591806 0.01736462
vt 0.09591806 0.01736462
vt 0.09591806 0.01736462
vt 0.09591806 0.01736462
vt 0.09591806 0.01736462
vt 0.09591806 0.01736462
vt 0.09591806 0.01736462
vt 0.09591806 0.01736462
vt 0.09591806 0.01736462
vt 0.09591806 0.01736462
vt 0.09591806 0.01736462
vt 0.09591806 0.01736462
vt 0.09591806 0.01736462
vt 0.09591806 0.01736462
vt 0.09591806 0.01736462
vt 0.09591806 0.01736462
vt 0.09591806 0.01736462
vt 0.09591806 0.01736462
vt 0.09591806 0.01736462
vt 0.09591806 0.01736462
vt 0.09591806 0.01736462
vt 0.09591806 0.01736462
vt 0.09591806 0.01736462
vt 0.09591806 0.01736462
vt 0.09591806 0.01736462
vt 0.09591806 0.01736462
vt 0.09591806 0.01736462
vt 0.09591806 0.01736462
vt 0.09591806 0.01736462
vt 0.09591806 0.01736462
vt 0.09591806 0.01736462
vt 0.09591806 0.01736462
vt 0.09591806 0.01736462
vt 0.09591806 0.01736462
vt 0.09591806 0.01736462
vt 0.09591806 0.01736462
vt 0.09591806 0.01736462
vt 0.09591806 0.01736462
vt 0.09591806 0.01736462
vt 0.09591806 0.01736462
vt 0.09591806 0.01736462
vt 0.09591806 0.01736462
vt 0.09591806 0.01736462
vt 0.09591806 0.01736462
vt 0.09591806 0.01736462
vt 0.09591806 0.01736462
vt 0.09591806 0.01736462
vt 0.09591806 0.01736462
vt 0.09591806 0.01736462
vt 0.09591806 0.01736462
vt 0.09591806 0.01736462
vt 0.09591806 0.01736462
vt 0.09591806 0.01736462
vt 0.09591806 0.01736462
vt 0.09591806 0.01736462
vt 0.09591806 0.01736462
vt 0.09591806 0.01736462
vt 0.09591806 0.01736462
vt 0.09591806 0.01736462
vt 0.09591806 0.01736462
vt 0.09591806 0.01736462
vt 0.09591806 0.01736462
vt 0.09591806 0.01736462
vt 0.09591806 0.01736462
vt 0.09591806 0.01736462
vt 0.09591806 0.01736462
vt 0.09591806 0.01736462
vt 0.09591806 0.01736462
vt 0.09591806 0.01736462
vt 0.09591806 0.01736462
vt 0.09591806 0.01736462
vt 0.09591806 0.01736462
vt 0.09591806 0.01736462
vt 0.09591806 0.01736462
vt 0.09591806 0.01736462
vt 0.09591806 0.01736462
vt 0.09591806 0.01736462
vt 0.09591806 0.01736462
vt 0.09591806 0.01736462
vt 0.09591806 0.01736462
vt 0.09591806 0.01736462
vt 0.09591806 0.01736462
vt 0.09591806 0.01736462
vt 0.09591806 0.01736462
vt 0.09591806 0.01736462
vt 0.09591806 0.01736462
vt 0.09591806 0.01736462
vt 0.09591806 0.01736462
vt 0.09591806 0.01736462
vt 0.09591806 0.01736462
vt 0.09591806 0.01736462
vt 0.09591806 0.01736462
vt 0.09591806 0.01736462
vt 0.09591806 0.01736462
vt 0.09591806 0.01736462
vt 0.09591806 0.01736462
vt 0.09591806 0.01736462
vt 0.09591806 0.01736462
vt 0.09591806 0.01736462
vt 0.09591806 0.01736462
vt 0.09591806 0.01736462
vt 0.09591806 0.01736462
vt 0.09591806 0.01736462
vt 0.09591806 0.01736462
vt 0.09591806 0.01736462
vt 0.09591806 0.01736462
vt 0.09591806 0.01736462
vt 0.09591806 0.01736462
vt 0.09591806 0.01736462
vt 0.09591806 0.01736462
vt 0.09591806 0.01736462
vt 0.09591806 0.01736462
vt 0.09591806 0.01736462
vt 0.09591806 0.01736462
vt 0.09591806 0.01736462
vt 0.09591806 0.01736462
vt 0.09591806 0.01736462
vt 0.09591806 0.01736462
vt 0.09591806 0.01736462
vt 0.09591806 0.01736462
vt 0.09591806 0.01736462
vt 0.09591806 0.01736462
vt 0.09591806 0.01736462
vt 0.09591806 0.01736462
vt 0.09591806 0.01736462
vt 0.09591806 0.01736462
vt 0.09591806 0.01736462
vt 0.09591806 0.01736462
vt 0.09591806 0.01736462
vt 0.09591806 0.01736462
vt 0.09591806 0.01736462
vt 0.09591806 0.01736462
vt 0.09591806 0.01736462
vt 0.09591806 0.01736462
vt 0.09591806 0.01736462
vt 0.09591806 0.01736462
vt 0.09591806 0.01736462
vt 0.09591806 0.01736462
vt 0.09591806 0.01736462
vt 0.09591806 0.01736462
vt 0.09591806 0.01736462
vt 0.09591806 0.01736462
vt 0.09591806 0.01736462
vt 0.09591806 0.01736462
vt 0.09591806 0.01736462
vt 0.09591806 0.01736462
vt 0.09591806 0.01736462
vt 0.09591806 0.01736462
vt 0.09591806 0.01736462
vt 0.09591806 0.01736462
vt 0.09591806 0.01736462
vt 0.09591806 0.01736462
vt 0.09591806 0.01736462
vt 0.09591806 0.01736462
vt 0.09591806 0.01736462
vt 0.09591806 0.01736462
vt 0.09591806 0.01736462
vt 0.09591806 0.01736462
vt 0.09591806 0.01736462
vt 0.09591806 0.01736462
vt 0.09591806 0.01736462
vt 0.09591806 0.01736462
vt 0.09591806 0.01736462
vt 0.09591806 0.01736462
vt 0.09591806 0.01736462
vt 0.09591806 0.01736462
vt 0.09591806 0.01736462
vt 0.09591806 0.01736462
vt 0.09591806 0.01736462
vt 0.09591806 0.01736462
vt 0.09591806 0.01736462
vt 0.09591806 0.01736462
vt 0.09591806 0.01736462
vt 0.09591806 0.01736462
vt 0.09591806 0.01736462
vt 0.09591806 0.01736462
vt 0.09591806 0.01736462
vt 0.09591806 0.01736462
vt 0.09591806 0.01736462
vt 0.09591806 0.01736462
vt 0.09591806 0.01736462
vt 0.09591806 0.01736462
vt 0.09591806 0.01736462
vt 0.09591806 0.01736462
vt 0.09591806 0.01736462
vt 0.09591806 0.01736462
vt 0.09591806 0.01736462
vt 0.09591806 0.01736462
vt 0.09591806 0.01736462
vt 0.09591806 0.01736462
vt 0.09591806 0.01736462
vt 0.09591806 0.01736462
vt 0.09591806 0.01736462
vt 0.09591806 0.01736462
vt 0.09591806 0.01736462
vt 0.09591806 0.01736462
vt 0.09591806 0.01736462
vt 0.09591806 0.01736462
vt 0.09591806 0.01736462
vt 0.09591806 0.01736462
vt 0.09591806 0.01736462
vt 0.09591806 0.01736462
vt 0.09591806 0.01736462
vt 0.09591806 0.01736462
vt 0.09591806 0.01736462
vt 0.09591806 0.01736462
vt 0.09591806 0.01736462
vt 0.09591806 0.01736462
vt 0.09591806 0.01736462
vt 0.09591806 0.01736462
vt 0.09591806 0.01736462
vt 0.09591806 0.01736462
vt 0.09591806 0.01736462
vt 0.09591806 0.01736462
vt 0.09591806 0.01736462
vt 0.09591806 0.01736462
vt 0.09591806 0.01736462
vt 0.09591806 0.01736462
vt 0.09591806 0.01736462
vt 0.09591806 0.01736462
vt 0.09591806 0.01736462
vt 0.09591806 0.01736462
vt 0.09591806 0.01736462
vt 0.09591806 0.01736462
vt 0.09591806 0.01736462
vt 0.09591806 0.01736462
vt 0.09591806 0.01736462
vt 0.09591806 0.01736462
vt 0.09591806 0.01736462
vt 0.09591806 0.01736462
vt 0.09591806 0.01736462
vt 0.09591806 0.01736462
vt 0.09591806 0.01736462
vt 0.09591806 0.01736462
vt 0.09591806 0.01736462
vt 0.09591806 0.01736462
vt 0.09591806 0.01736462
vt 0.09591806 0.01736462
vt 0.09591806 0.01736462
vt 0.09591806 0.01736462
vt 0.09591806 0.01736462
vt 0.09591806 0.01736462
vt 0.09591806 0.01736462
vt 0.09591806 0.01736462
vt 0.09591806 0.01736462
vt 0.09591806 0.01736462
vt 0.09591806 0.01736462
vt 0.09591806 0.01736462
vt 0.09591806 0.01736462
vt 0.09591806 0.01736462
vt 0.09591806 0.01736462
vt 0.09591806 0.01736462
vt 0.09591806 0.01736462
vt 0.09591806 0.01736462
vt 0.09591806 0.01736462
vt 0.09591806 0.01736462
vt 0.09591806 0.01736462
vt 0.09591806 0.01736462
vt 0.09591806 0.01736462
vt 0.09591806 0.01736462
vt 0.09591806 0.01736462
vt 0.09591806 0.01736462
vt 0.09591806 0.01736462
vt 0.09591806 0.01736462
vt 0.09591806 0.01736462
vt 0.09591806 0.01736462
vt 0.09591806 0.01736462
vt 0.09591806 0.01736462
vt 0.09591806 0.01736462
vt 0.09591806 0.01736462
vt 0.09591806 0.01736462
vt 0.09591806 0.01736462
vt 0.09591806 0.01736462
vt 0.09591806 0.01736462
vt 0.09591806 0.01736462
vt 0.09591806 0.01736462
vt 0.09591806 0.01736462
vt 0.09591806 0.01736462
vt 0.09591806 0.01736462
vt 0.09591806 0.01736462
vt 0.09591806 0.01736462
vt 0.09591806 0.01736462
vt 0.09591806 0.01736462
vt 0.09591806 0.01736462
vt 0.09591806 0.01736462
vt 0.09591806 0.01736462
vt 0.09591806 0.01736462
vt 0.09591806 0.01736462
vt 0.09591806 0.01736462
vt 0.09591806 0.01736462
vt 0.09591806 0.01736462
vt 0.09591806 0.01736462
vt 0.09591806 0.01736462
vt 0.09591806 0.01736462
vt 0.09591806 0.01736462
vt 0.09591806 0.01736462
vt 0.09591806 0.01736462
vt 0.09591806 0.01736462
vt 0.09591806 0.01736462
vt 0.09591806 0.01736462
vt 0.09591806 0.01736462
vt 0.09591806 0.01736462
vt 0.09591806 0.01736462
vt 0.09591806 0.01736462
vt 0.09591806 0.01736462
vt 0.09591806 0.01736462
vt 0.09591806 0.01736462
vt 0.09591806 0.01736462
vt 0.09591806 0.01736462
vt 0.09591806 0.01736462
vt 0.09591806 0.01736462
vt 0.09591806 0.01736462
vt 0.09591806 0.01736462
vt 0.09591806 0.01736462
vt 0.09591806 0.01736462
vt 0.09591806 0.01736462
vt 0.09591806 0.01736462
vt 0.09591806 0.01736462
vt 0.09591806 0.01736462
vt 0.09591806 0.01736462
vt 0.09591806 0.01736462
vt 0.09591806 0.01736462
vt 0.09591806 0.01736462
vt 0.09591806 0.01736462
vt 0.09591806 0.01736462
vt 0.09591806 0.01736462
vt 0.09591806 0.01736462
vt 0.09591806 0.01736462
vt 0.09591806 0.01736462
vt 0.09591806 0.01736462
vt 0.09591806 0.01736462
vt 0.09591806 0.01736462
vt 0.09591806 0.01736462
vt 0.09591806 0.01736462
vt 0.09591806 0.01736462
vt 0.09591806 0.01736462
vt 0.09591806 0.01736462
vt 0.09591806 0.01736462
vt 0.09591806 0.01736462
vt 0.09591806 0.01736462
vt 0.09591806 0.01736462
vt 0.09591806 0.01736462
vt 0.09591806 0.01736462
vt 0.09591806 0.01736462
vt 0.09591806 0.01736462
vt 0.09591806 0.01736462
vt 0.09591806 0.01736462
vt 0.09591806 0.01736462
vt 0.09591806 0.01736462
vt 0.09591806 0.01736462
vt 0.09591806 0.01736462
vt 0.09591806 0.01736462
vt 0.09591806 0.01736462
vt 0.09591806 0.01736462
vt 0.09591806 0.01736462
vt 0.09591806 0.01736462
vt 0.09591806 0.01736462
vt 0.09591806 0.01736462
vt 0.09591806 0.01736462
vt 0.09591806 0.01736462
vt 0.09591806 0.01736462
vt 0.09591806 0.01736462
vt 0.09591806 0.01736462
vt 0.09591806 0.01736462
vt 0.09591806 0.01736462
vt 0.09591806 0.01736462
vt 0.09591806 0.01736462
vt 0.09591806 0.01736462
vt 0.09591806 0.01736462
vt 0.09591806 0.01736462
vt 0.09591806 0.01736462
vt 0.09591806 0.01736462
vt 0.09591806 0.01736462
vt 0.09591806 0.01736462
vt 0.09591806 0.01736462
vt 0.09591806 0.01736462
vt 0.09591806 0.01736462
vt 0.09591806 0.01736462
vt 0.09591806 0.01736462
vt 0.09591806 0.01736462
vt 0.09591806 0.01736462
vt 0.09591806 0.01736462
vt 0.09591806 0.01736462
vt 0.09591806 0.01736462
vt 0.09591806 0.01736462
vt 0.09591806 0.01736462
vt 0.09591806 0.01736462
vt 0.09591806 0.01736462
vt 0.09591806 0.01736462
vt 0.09591806 0.01736462
vt 0.09591806 0.01736462
vt 0.09591806 0.01736462
vt 0.09591806 0.01736462
vt 0.09591806 0.01736462
vt 0.09591806 0.01736462
vt 0.09591806 0.01736462
vt 0.09591806 0.01736462
vt 0.09591806 0.01736462
vt 0.09591806 0.01736462
vt 0.09591806 0.01736462
vt 0.09591806 0.01736462
vt 0.09591806 0.01736462
vt 0.09591806 0.01736462
vt 0.09591806 0.01736462
vt 0.09591806 0.01736462
vt 0.09591806 0.01736462
vt 0.09591806 0.01736462
vt 0.09591806 0.01736462
vt 0.09591806 0.01736462
vt 0.09591806 0.01736462
vt 0.09591806 0.01736462
vt 0.09591806 0.01736462
vt 0.09591806 0.01736462
vt 0.09591806 0.01736462
vt 0.09591806 0.01736462
vt 0.09591806 0.01736462
vt 0.09591806 0.01736462
vt 0.09591806 0.01736462
vt 0.09591806 0.01736462
vt 0.09591806 0.01736462
vt 0.09591806 0.01736462
vt 0.09591806 0.01736462
vt 0.09591806 0.01736462
vt 0.09591806 0.01736462
vt 0.09591806 0.01736462
vt 0.09591806 0.01736462
vt 0.09591806 0.01736462
vt 0.09591806 0.01736462
vt 0.09591806 0.01736462
vt 0.09591806 0.01736462
vt 0.09591806 0.01736462
vt 0.09591806 0.01736462
vt 0.09591806 0.01736462
vt 0.09591806 0.01736462
vt 0.09591806 0.01736462
vt 0.09591806 0.01736462
vt 0.09591806 0.01736462
vt 0.09591806 0.01736462
vt 0.09591806 0.01736462
vt 0.09591806 0.01736462
vt 0.09591806 0.01736462
vt 0.09591806 0.01736462
vt 0.09591806 0.01736462
vt 0.09591806 0.01736462
vt 0.09591806 0.01736462
vt 0.09591806 0.01736462
vt 0.09591806 0.01736462
vt 0.09591806 0.01736462
vt 0.09591806 0.01736462
vt 0.09591806 0.01736462
vt 0.09591806 0.01736462
vt 0.09591806 0.01736462
vt 0.09591806 0.01736462
vt 0.09591806 0.01736462
vt 0.09591806 0.01736462
vt 0.09591806 0.01736462
vt 0.09591806 0.01736462
vt 0.09591806 0.01736462
vt 0.09591806 0.01736462
vt 0.09591806 0.01736462
vt 0.09591806 0.01736462
vt 0.09591806 0.01736462
vt 0.09591806 0.01736462
vt 0.09591806 0.01736462
vt 0.09591806 0.01736462
vt 0.09591806 0.01736462
vt 0.09591806 0.01736462
vt 0.09591806 0.01736462
vt 0.09591806 0.01736462
vt 0.09591806 0.01736462
vt 0.09591806 0.01736462
vt 0.09591806 0.01736462
vt 0.09591806 0.01736462
vt 0.09591806 0.01736462
vt 0.09591806 0.01736462
vt 0.09591806 0.01736462
vt 0.09591806 0.01736462
vt 0.09591806 0.01736462
vt 0.09591806 0.01736462
vt 0.09591806 0.01736462
vt 0.09591806 0.01736462
vt 0.09591806 0.01736462
vt 0.09591806 0.01736462
vt 0.09591806 0.01736462
vt 0.09591806 0.01736462
vt 0.09591806 0.01736462
vt 0.09591806 0.01736462
vt 0.09591806 0.01736462
vt 0.09591806 0.01736462
vt 0.11935556 0.01736462
vt 0.11935556 0.01736462
vt 0.11935556 0.01736462
vt 0.11935556 0.01736462
vt 0.11935556 0.01736462
vt 0.11935556 0.01736462
vt 0.11935556 0.01736462
vt 0.11935556 0.01736462
vt 0.11935556 0.01736462
vt 0.11935556 0.01736462
vt 0.11935556 0.01736462
vt 0.11935556 0.01736462
vt 0.11935556 0.01736462
vt 0.11935556 0.01736462
vt 0.11935556 0.01736462
vt 0.11935556 0.01736462
vt 0.11935556 0.01736462
vt 0.11935556 0.01736462
vt 0.11935556 0.01736462
vt 0.11935556 0.01736462
vt 0.11935556 0.01736462
vt 0.11935556 0.01736462
vt 0.11935556 0.01736462
vt 0.11935556 0.01736462
vt 0.11935556 0.01736462
vt 0.11935556 0.01736462
vt 0.11935556 0.01736462
vt 0.11935556 0.01736462
vt 0.11935556 0.01736462
vt 0.11935556 0.01736462
vt 0.11935556 0.01736462
vt 0.11935556 0.01736462
vt 0.11935556 0.01736462
vt 0.11935556 0.01736462
vt 0.11935556 0.01736462
vt 0.11935556 0.01736462
vt 0.11935556 0.01736462
vt 0.11935556 0.01736462
vt 0.11935556 0.01736462
vt 0.11935556 0.01736462
vt 0.11935556 0.01736462
vt 0.11935556 0.01736462
vt 0.11935556 0.01736462
vt 0.11935556 0.01736462
vt 0.11935556 0.01736462
vt 0.11935556 0.01736462
vt 0.11935556 0.01736462
vt 0.11935556 0.01736462
vt 0.11935556 0.01736462
vt 0.11935556 0.01736462
vt 0.11935556 0.01736462
vt 0.11935556 0.01736462
vt 0.11935556 0.01736462
vt 0.11935556 0.01736462
vt 0.11935556 0.01736462
vt 0.11935556 0.01736462
vt 0.11935556 0.01736462
vt 0.11935556 0.01736462
vt 0.11935556 0.01736462
vt 0.11935556 0.01736462
vt 0.11935556 0.01736462
vt 0.11935556 0.01736462
vt 0.11935556 0.01736462
vt 0.11935556 0.01736462
vt 0.11935556 0.01736462
vt 0.11935556 0.01736462
vt 0.11935556 0.01736462
vt 0.11935556 0.01736462
vt 0.11935556 0.01736462
vt 0.11935556 0.01736462
vt 0.11935556 0.01736462
vt 0.11935556 0.01736462
vt 0.11935556 0.01736462
vt 0.11935556 0.01736462
vt 0.11935556 0.01736462
vt 0.11935556 0.01736462
vt 0.11935556 0.01736462
vt 0.11935556 0.01736462
vt 0.11935556 0.01736462
vt 0.11935556 0.01736462
vt 0.11935556 0.01736462
vt 0.11935556 0.01736462
vt 0.11935556 0.01736462
vt 0.11935556 0.01736462
vt 0.11935556 0.01736462
vt 0.11935556 0.01736462
vt 0.11935556 0.01736462
vt 0.11935556 0.01736462
vt 0.11935556 0.01736462
vt 0.11935556 0.01736462
vt 0.11935556 0.01736462
vt 0.11935556 0.01736462
vt 0.11935556 0.01736462
vt 0.11935556 0.01736462
vt 0.11935556 0.01736462
vt 0.11935556 0.01736462
vt 0.11935556 0.01736462
vt 0.11935556 0.01736462
vt 0.11935556 0.01736462
vt 0.11935556 0.01736462
vt 0.11935556 0.01736462
vt 0.11935556 0.01736462
vt 0.11935556 0.01736462
vt 0.11935556 0.01736462
vt 0.11935556 0.01736462
vt 0.11935556 0.01736462
vt 0.11935556 0.01736462
vt 0.11935556 0.01736462
vt 0.11935556 0.01736462
vt 0.11935556 0.01736462
vt 0.11935556 0.01736462
vt 0.11935556 0.01736462
vt 0.11935556 0.01736462
vt 0.11935556 0.01736462
vt 0.11935556 0.01736462
vt 0.11935556 0.01736462
vt 0.11935556 0.01736462
vt 0.11935556 0.01736462
vt 0.11935556 0.01736462
vt 0.11935556 0.01736462
vt 0.11935556 0.01736462
vt 0.11935556 0.01736462
vt 0.11935556 0.01736462
vt 0.11935556 0.01736462
vt 0.11935556 0.01736462
vt 0.11935556 0.01736462
vt 0.11935556 0.01736462
vt 0.11935556 0.01736462
vt 0.11935556 0.01736462
vt 0.11935556 0.01736462
vt 0.11935556 0.01736462
vt 0.11935556 0.01736462
vt 0.11935556 0.01736462
vt 0.11935556 0.01736462
vt 0.11935556 0.01736462
vt 0.11935556 0.01736462
vt 0.11935556 0.01736462
vt 0.11935556 0.01736462
vt 0.11935556 0.01736462
vt 0.11935556 0.01736462
vt 0.11935556 0.01736462
vt 0.11935556 0.01736462
vt 0.11935556 0.01736462
vt 0.11935556 0.01736462
vt 0.11935556 0.01736462
vt 0.11935556 0.01736462
vt 0.11935556 0.01736462
vt 0.11935556 0.01736462
vt 0.11935556 0.01736462
vt 0.11935556 0.01736462
vt 0.11935556 0.01736462
vt 0.11935556 0.01736462
vt 0.11935556 0.01736462
vt 0.11935556 0.01736462
vt 0.11935556 0.01736462
vt 0.11935556 0.01736462
vt 0.11935556 0.01736462
vt 0.11935556 0.01736462
vt 0.11935556 0.01736462
vt 0.11935556 0.01736462
vt 0.11935556 0.01736462
vt 0.11935556 0.01736462
vt 0.11935556 0.01736462
vt 0.11935556 0.01736462
vt 0.11935556 0.01736462
vt 0.11935556 0.01736462
vt 0.11935556 0.01736462
vt 0.11935556 0.01736462
vt 0.11935556 0.01736462
vt 0.11935556 0.01736462
vt 0.11935556 0.01736462
vt 0.11935556 0.01736462
vt 0.11935556 0.01736462
vt 0.11935556 0.01736462
vt 0.11935556 0.01736462
vt 0.11935556 0.01736462
vt 0.11935556 0.01736462
vt 0.11935556 0.01736462
vt 0.11935556 0.01736462
vt 0.11935556 0.01736462
vt 0.11935556 0.01736462
vt 0.11935556 0.01736462
vt 0.11935556 0.01736462
vt 0.11935556 0.01736462
vt 0.11935556 0.01736462
vt 0.11935556 0.01736462
vt 0.11935556 0.01736462
vt 0.11935556 0.01736462
vt 0.11935556 0.01736462
vt 0.11935556 0.01736462
vt 0.11935556 0.01736462
vt 0.11935556 0.01736462
vt 0.11935556 0.01736462
vt 0.11935556 0.01736462
vt 0.11935556 0.01736462
vt 0.11935556 0.01736462
vt 0.11935556 0.01736462
vt 0.11935556 0.01736462
vt 0.11935556 0.01736462
vt 0.11935556 0.01736462
vt 0.11935556 0.01736462
vt 0.11935556 0.01736462
vt 0.11935556 0.01736462
vt 0.11935556 0.01736462
vt 0.11935556 0.01736462
vt 0.11935556 0.01736462
vt 0.11935556 0.01736462
vt 0.11935556 0.01736462
vt 0.11935556 0.01736462
vt 0.11935556 0.01736462
vt 0.11935556 0.01736462
vt 0.11935556 0.01736462
vt 0.11935556 0.01736462
vt 0.11935556 0.01736462
vt 0.11935556 0.01736462
vt 0.11935556 0.01736462
vt 0.11935556 0.01736462
vt 0.11935556 0.01736462
vt 0.11935556 0.01736462
vt 0.11935556 0.01736462
vt 0.11935556 0.01736462
vt 0.11935556 0.01736462
vt 0.11935556 0.01736462
vt 0.11935556 0.01736462
vt 0.11935556 0.01736462
vt 0.11935556 0.01736462
vt 0.11935556 0.01736462
vt 0.11935556 0.01736462
vt 0.11935556 0.01736462
vt 0.11935556 0.01736462
vt 0.11935556 0.01736462
vt 0.11935556 0.01736462
vt 0.11935556 0.01736462
vt 0.11935556 0.01736462
vt 0.11935556 0.01736462
vt 0.11935556 0.01736462
vt 0.11935556 0.01736462
vt 0.11935556 0.01736462
vt 0.11935556 0.01736462
vt 0.11935556 0.01736462
vt 0.11935556 0.01736462
vt 0.11935556 0.01736462
vt 0.11935556 0.01736462
vt 0.11935556 0.01736462
vt 0.11935556 0.01736462
vt 0.11935556 0.01736462
vt 0.11935556 0.01736462
vt 0.11935556 0.01736462
vt 0.11935556 0.01736462
vt 0.11935556 0.01736462
vt 0.11935556 0.01736462
vt 0.11935556 0.01736462
vt 0.11935556 0.01736462
vt 0.11935556 0.01736462
vt 0.11935556 0.01736462
vt 0.11935556 0.01736462
vt 0.11935556 0.01736462
vt 0.11935556 0.01736462
vt 0.11935556 0.01736462
vt 0.11935556 0.01736462
vt 0.11935556 0.01736462
vt 0.11935556 0.01736462
vt 0.11935556 0.01736462
vt 0.11935556 0.01736462
vt 0.11935556 0.01736462
vt 0.11935556 0.01736462
vt 0.11935556 0.01736462
vt 0.11935556 0.01736462
vt 0.11935556 0.01736462
vt 0.11935556 0.01736462
vt 0.11935556 0.01736462
vt 0.11935556 0.01736462
vt 0.11935556 0.01736462
vt 0.11935556 0.01736462
vt 0.11935556 0.01736462
vt 0.11935556 0.01736462
vt 0.11935556 0.01736462
vt 0.11935556 0.01736462
vt 0.11935556 0.01736462
vt 0.11935556 0.01736462
vt 0.11935556 0.01736462
vt 0.11935556 0.01736462
vt 0.11935556 0.01736462
vt 0.11935556 0.01736462
vt 0.11935556 0.01736462
vt 0.11935556 0.01736462
vt 0.11935556 0.01736462
vt 0.11935556 0.01736462
vt 0.11935556 0.01736462
vt 0.11935556 0.01736462
vt 0.11935556 0.01736462
vt 0.11935556 0.01736462
vt 0.11935556 0.01736462
vt 0.11935556 0.01736462
vt 0.11935556 0.01736462
vt 0.11935556 0.01736462
vt 0.11935556 0.01736462
vt 0.11935556 0.01736462
vt 0.11935556 0.01736462
vt 0.11935556 0.01736462
vt 0.11935556 0.01736462
vt 0.11935556 0.01736462
vt 0.11935556 0.01736462
vt 0.11935556 0.01736462
vt 0.11935556 0.01736462
vt 0.11935556 0.01736462
vt 0.11935556 0.01736462
vt 0.11935556 0.01736462
vt 0.11935556 0.01736462
vt 0.11935556 0.01736462
vt 0.11935556 0.01736462
vt 0.11935556 0.01736462
vt 0.11935556 0.01736462
vt 0.11935556 0.01736462
vt 0.11935556 0.01736462
vt 0.11935556 0.01736462
vt 0.11935556 0.01736462
vt 0.11935556 0.01736462
vt 0.11935556 0.01736462
vt 0.11935556 0.01736462
vt 0.11935556 0.01736462
vt 0.11935556 0.01736462
vt 0.11935556 0.01736462
vt 0.11935556 0.01736462
vt 0.11935556 0.01736462
vt 0.11935556 0.01736462
vt 0.11935556 0.01736462
vt 0.11935556 0.01736462
vt 0.11935556 0.01736462
vt 0.11935556 0.01736462
vt 0.11935556 0.01736462
vt 0.11935556 0.01736462
vt 0.11935556 0.01736462
vt 0.11935556 0.01736462
vt 0.11935556 0.01736462
vt 0.11935556 0.01736462
vt 0.11935556 0.01736462
vt 0.11935556 0.01736462
vt 0.11935556 0.01736462
vt 0.11935556 0.01736462
vt 0.11935556 0.01736462
vt 0.11935556 0.01736462
vt 0.11935556 0.01736462
vt 0.11935556 0.01736462
vt 0.11935556 0.01736462
vt 0.11935556 0.01736462
vt 0.11935556 0.01736462
vt 0.11935556 0.01736462
vt 0.11935556 0.01736462
vt 0.11935556 0.01736462
vt 0.11935556 0.01736462
vt 0.11935556 0.01736462
vt 0.11935556 0.01736462
vt 0.11935556 0.01736462
vt 0.11935556 0.01736462
vt 0.11935556 0.01736462
vt 0.11935556 0.01736462
vt 0.11935556 0.01736462
vt 0.11935556 0.01736462
vt 0.11935556 0.01736462
vt 0.11935556 0.01736462
vt 0.11935556 0.01736462
vt 0.11935556 0.01736462
vt 0.11935556 0.01736462
vt 0.11935556 0.01736462
vt 0.11935556 0.01736462
vt 0.11935556 0.01736462
vt 0.11935556 0.01736462
vt 0.11935556 0.01736462
vt 0.11935556 0.01736462
vt 0.11935556 0.01736462
vt 0.11935556 0.01736462
vt 0.11935556 0.01736462
vt 0.11935556 0.01736462
vt 0.11935556 0.01736462
vt 0.11935556 0.01736462
vt 0.11935556 0.01736462
vt 0.11935556 0.01736462
vt 0.11935556 0.01736462
vt 0.11935556 0.01736462
vt 0.11935556 0.01736462
vt 0.11935556 0.01736462
vt 0.11935556 0.01736462
vt 0.11935556 0.01736462
vt 0.11935556 0.01736462
vt 0.11935556 0.01736462
vt 0.11935556 0.01736462
vt 0.11935556 0.01736462
vt 0.11935556 0.01736462
vt 0.11935556 0.01736462
vt 0.11935556 0.01736462
vt 0.11935556 0.01736462
vt 0.11935556 0.01736462
vt 0.11935556 0.01736462
vt 0.11935556 0.01736462
vt 0.11935556 0.01736462
vt 0.11935556 0.01736462
vt 0.11935556 0.01736462
vt 0.11935556 0.01736462
vt 0.11935556 0.01736462
vt 0.11935556 0.01736462
vt 0.11935556 0.01736462
vt 0.11935556 0.01736462
vt 0.11935556 0.01736462
vt 0.11935556 0.01736462
vt 0.11935556 0.01736462
vt 0.11935556 0.01736462
vt 0.11935556 0.01736462
vt 0.11935556 0.01736462
vt 0.11935556 0.01736462
vt 0.11935556 0.01736462
vt 0.11935556 0.01736462
vt 0.11935556 0.01736462
vt 0.11935556 0.01736462
vt 0.11935556 0.01736462
vt 0.11935556 0.01736462
vt 0.11935556 0.01736462
vt 0.11935556 0.01736462
vt 0.11935556 0.01736462
vt 0.11935556 0.01736462
vt 0.11935556 0.01736462
vt 0.11935556 0.01736462
vt 0.11935556 0.01736462
vt 0.11935556 0.01736462
vt 0.11935556 0.01736462
vt 0.11935556 0.01736462
vt 0.11935556 0.01736462
vt 0.11935556 0.01736462
vt 0.11935556 0.01736462
vt 0.11935556 0.01736462
vt 0.11935556 0.01736462
vt 0.11935556 0.01736462
vt 0.11935556 0.01736462
vt 0.11935556 0.01736462
vt 0.11935556 0.01736462
vt 0.11935556 0.01736462
vt 0.11935556 0.01736462
vt 0.11935556 0.01736462
vt 0.11935556 0.01736462
vt 0.11935556 0.01736462
vt 0.11935556 0.01736462
vt 0.11935556 0.01736462
vt 0.11935556 0.01736462
vt 0.11935556 0.01736462
vt 0.11935556 0.01736462
vt 0.11935556 0.01736462
vt 0.11935556 0.01736462
vt 0.11935556 0.01736462
vt 0.11935556 0.01736462
vt 0.11935556 0.01736462
vt 0.11935556 0.01736462
vt 0.11935556 0.01736462
vt 0.11935556 0.01736462
vt 0.11935556 0.01736462
vt 0.11935556 0.01736462
vt 0.11935556 0.01736462
vt 0.11935556 0.01736462
vt 0.11935556 0.01736462
vt 0.11935556 0.01736462
vt 0.11935556 0.01736462
vt 0.11935556 0.01736462
vt 0.11935556 0.01736462
vt 0.11935556 0.01736462
vt 0.11935556 0.01736462
vt 0.11935556 0.01736462
vt 0.11935556 0.01736462
vt 0.11935556 0.01736462
vt 0.11935556 0.01736462
vt 0.11935556 0.01736462
vt 0.11935556 0.01736462
vt 0.11935556 0.01736462
vt 0.11935556 0.01736462
vt 0.11935556 0.01736462
vt 0.11935556 0.01736462
vt 0.11935556 0.01736462
vt 0.11935556 0.01736462
vt 0.11935556 0.01736462
vt 0.11935556 0.01736462
vt 0.11935556 0.01736462
vt 0.11935556 0.01736462
vt 0.11935556 0.01736462
vt 0.11935556 0.01736462
vt 0.11935556 0.01736462
vt 0.11935556 0.01736462
vt 0.11935556 0.01736462
vt 0.11935556 0.01736462
vt 0.11935556 0.01736462
vt 0.11935556 0.01736462
vt 0.11935556 0.01736462
vt 0.11935556 0.01736462
vt 0.11935556 0.01736462
vt 0.11935556 0.01736462
vt 0.11935556 0.01736462
vt 0.11935556 0.01736462
vt 0.11935556 0.01736462
vt 0.11935556 0.01736462
vt 0.11935556 0.01736462
vt 0.11935556 0.01736462
vt 0.11935556 0.01736462
vt 0.11935556 0.01736462
vt 0.11935556 0.01736462
vt 0.11935556 0.01736462
vt 0.11935556 0.01736462
vt 0.11935556 0.01736462
vt 0.11935556 0.01736462
vt 0.11935556 0.01736462
vt 0.11935556 0.01736462
vt 0.11935556 0.01736462
vt 0.11935556 0.01736462
vt 0.11935556 0.01736462
vt 0.11935556 0.01736462
vt 0.11935556 0.01736462
vt 0.11935556 0.01736462
vt 0.11935556 0.01736462
vt 0.11935556 0.01736462
vt 0.11935556 0.01736462
vt 0.11935556 0.01736462
vt 0.11935556 0.01736462
vt 0.11935556 0.01736462
vt 0.11935556 0.01736462
vt 0.11935556 0.01736462
vt 0.11935556 0.01736462
vt 0.11935556 0.01736462
vt 0.11935556 0.01736462
vt 0.11935556 0.01736462
vt 0.11935556 0.01736462
vt 0.11935556 0.01736462
vt 0.11935556 0.01736462
vt 0.11935556 0.01736462
vt 0.11935556 0.01736462
vt 0.11935556 0.01736462
vt 0.11935556 0.01736462
vt 0.11935556 0.01736462
vt 0.11935556 0.01736462
vt 0.11935556 0.01736462
vt 0.11935556 0.01736462
vt 0.11935556 0.01736462
vt 0.11935556 0.01736462
vt 0.11935556 0.01736462
vt 0.11935556 0.01736462
vt 0.11935556 0.01736462
vt 0.11935556 0.01736462
vt 0.11935556 0.01736462
vt 0.11935556 0.01736462
vt 0.11935556 0.01736462
vt 0.11935556 0.01736462
vt 0.11935556 0.01736462
vt 0.11935556 0.01736462
vt 0.11935556 0.01736462
vt 0.11935556 0.01736462
vt 0.11935556 0.01736462
vt 0.11935556 0.01736462
vt 0.11935556 0.01736462
vt 0.11935556 0.01736462
vt 0.11935556 0.01736462
vt 0.11935556 0.01736462
vt 0.11935556 0.01736462
vt 0.11935556 0.01736462
vt 0.11935556 0.01736462
vt 0.11935556 0.01736462
vt 0.11935556 0.01736462
vt 0.11935556 0.01736462
vt 0.11935556 0.01736462
vt 0.11935556 0.01736462
vt 0.11935556 0.01736462
vt 0.11935556 0.01736462
vt 0.11935556 0.01736462
vt 0.11935556 0.01736462
vt 0.11935556 0.01736462
vt 0.11935556 0.01736462
vt 0.11935556 0.01736462
vt 0.11935556 0.01736462
vt 0.11935556 0.01736462
vt 0.11935556 0.01736462
vt 0.11935556 0.01736462
vt 0.11935556 0.01736462
vt 0.11935556 0.01736462
vt 0.11935556 0.01736462
vt 0.11935556 0.01736462
vt 0.11935556 0.01736462
vt 0.11935556 0.01736462
vt 0.11935556 0.01736462
vt 0.11935556 0.01736462
vt 0.11935556 0.01736462
vt 0.11935556 0.01736462
vt 0.11935556 0.01736462
vt 0.11935556 0.01736462
vt 0.11935556 0.01736462
vt 0.11935556 0.01736462
vt 0.11935556 0.01736462
vt 0.11935556 0.01736462
vt 0.11935556 0.01736462
vt 0.11935556 0.01736462
vt 0.11935556 0.01736462
vt 0.11935556 0.01736462
vt 0.11935556 0.01736462
vt 0.11935556 0.01736462
vt 0.11935556 0.01736462
vt 0.11935556 0.01736462
vt 0.11935556 0.01736462
vt 0.11935556 0.01736462
vt 0.11935556 0.01736462
vt 0.11935556 0.01736462
vt 0.11935556 0.01736462
vt 0.11935556 0.01736462
vt 0.11935556 0.01736462
vt 0.11935556 0.01736462
vt 0.11935556 0.01736462
vt 0.11935556 0.01736462
vt 0.11935556 0.01736462
vt 0.11935556 0.01736462
vt 0.11935556 0.01736462
vt 0.11935556 0.01736462
vt 0.11935556 0.01736462
vt 0.11935556 0.01736462
vt 0.11935556 0.01736462
vt 0.11935556 0.01736462
vt 0.11935556 0.01736462
vt 0.11935556 0.01736462
vt 0.11935556 0.01736462
vt 0.11935556 0.01736462
vt 0.11935556 0.01736462
vt 0.11935556 0.01736462
vt 0.11935556 0.01736462
vt 0.11935556 0.01736462
vt 0.11935556 0.01736462
vt 0.11935556 0.01736462
vt 0.11935556 0.01736462
vt 0.11935556 0.01736462
vt 0.11935556 0.01736462
vt 0.11935556 0.01736462
vt 0.11935556 0.01736462
vt 0.11935556 0.01736462
vt 0.11935556 0.01736462
vt 0.11935556 0.01736462
vt 0.11935556 0.01736462
vt 0.11935556 0.01736462
vt 0.11935556 0.01736462
vt 0.11935556 0.01736462
vt 0.11935556 0.01736462
vt 0.11935556 0.01736462
vt 0.11935556 0.01736462
vt 0.11935556 0.01736462
vt 0.11935556 0.01736462
vt 0.11935556 0.01736462
vt 0.11935556 0.01736462
vt 0.11935556 0.01736462
vt 0.11935556 0.01736462
vt 0.11935556 0.01736462
vt 0.11935556 0.01736462
vt 0.11935556 0.01736462
vt 0.11935556 0.01736462
vt 0.11935556 0.01736462
vt 0.11935556 0.01736462
vt 0.11935556 0.01736462
vt 0.11935556 0.01736462
vt 0.11935556 0.01736462
vt 0.11935556 0.01736462
vt 0.11935556 0.01736462
vt 0.11935556 0.01736462
vt 0.11935556 0.01736462
vt 0.11935556 0.01736462
vt 0.11935556 0.01736462
vt 0.11935556 0.01736462
vt 0.11935556 0.01736462
vt 0.11935556 0.01736462
vt 0.11935556 0.01736462
vt 0.11935556 0.01736462
vt 0.11935556 0.01736462
vt 0.11935556 0.01736462
vt 0.11935556 0.01736462
vt 0.11935556 0.01736462
vt 0.11935556 0.01736462
vt 0.11935556 0.01736462
vt 0.11935556 0.01736462
vt 0.11935556 0.01736462
vt 0.11935556 0.01736462
vt 0.11935556 0.01736462
vt 0.11935556 0.01736462
vt 0.11935556 0.01736462
vt 0.11935556 0.01736462
vt 0.11935556 0.01736462
vt 0.11935556 0.01736462
vt 0.11935556 0.01736462
vt 0.11935556 0.01736462
vt 0.11935556 0.01736462
vt 0.11935556 0.01736462
vt 0.11935556 0.01736462
vt 0.11935556 0.01736462
vt 0.11935556 0.01736462
vt 0.11935556 0.01736462
vt 0.11935556 0.01736462
vt 0.11935556 0.01736462
vt 0.11935556 0.01736462
vt 0.11935556 0.01736462
vt 0.11935556 0.01736462
vt 0.09591806 0.01736462
vt 0.09591806 0.01736462
vt 0.09591806 0.01736462
vt 0.09591806 0.01736462
vt 0.09591806 0.01736462
vt 0.09591806 0.01736462
vt 0.09591806 0.01736462
vt 0.09591806 0.01736462
vt 0.09591806 0.01736462
vt 0.09591806 0.01736462
vt 0.09591806 0.01736462
vt 0.09591806 0.01736462
vt 0.09591806 0.01736462
vt 0.09591806 0.01736462
vt 0.09591806 0.01736462
vt 0.09591806 0.01736462
vt 0.09591806 0.01736462
vt 0.09591806 0.01736462
vt 0.09591806 0.01736462
vt 0.09591806 0.01736462
vt 0.09591806 0.01736462
vt 0.09591806 0.01736462
vt 0.09591806 0.01736462
vt 0.09591806 0.01736462
vt 0.09591806 0.01736462
vt 0.09591806 0.01736462
vt 0.09591806 0.01736462
vt 0.09591806 0.01736462
vt 0.09591806 0.01736462
vt 0.09591806 0.01736462
vt 0.09591806 0.01736462
vt 0.09591806 0.01736462
vt 0.09591806 0.01736462
vt 0.09591806 0.01736462
vt 0.09591806 0.01736462
vt 0.09591806 0.01736462
vt 0.09591806 0.01736462
vt 0.09591806 0.01736462
vt 0.09591806 0.01736462
vt 0.09591806 0.01736462
vt 0.09591806 0.01736462
vt 0.09591806 0.01736462
vt 0.09591806 0.01736462
vt 0.09591806 0.01736462
vt 0.09591806 0.01736462
vt 0.09591806 0.01736462
vt 0.09591806 0.01736462
vt 0.09591806 0.01736462
vt 0.09591806 0.01736462
vt 0.09591806 0.01736462
vt 0.09591806 0.01736462
vt 0.09591806 0.01736462
vt 0.09591806 0.01736462
vt 0.09591806 0.01736462
vt 0.09591806 0.01736462
vt 0.09591806 0.01736462
vt 0.09591806 0.01736462
vt 0.09591806 0.01736462
vt 0.09591806 0.01736462
vt 0.09591806 0.01736462
vt 0.09591806 0.01736462
vt 0.09591806 0.01736462
vt 0.09591806 0.01736462
vt 0.09591806 0.01736462
vt 0.09591806 0.01736462
vt 0.09591806 0.01736462
vt 0.09591806 0.01736462
vt 0.09591806 0.01736462
vt 0.09591806 0.01736462
vt 0.09591806 0.01736462
vt 0.09591806 0.01736462
vt 0.09591806 0.01736462
vt 0.09591806 0.01736462
vt 0.09591806 0.01736462
vt 0.09591806 0.01736462
vt 0.09591806 0.01736462
vt 0.09591806 0.01736462
vt 0.09591806 0.01736462
vt 0.09591806 0.01736462
vt 0.09591806 0.01736462
vt 0.09591806 0.01736462
vt 0.09591806 0.01736462
vt 0.09591806 0.01736462
vt 0.09591806 0.01736462
vt 0.09591806 0.01736462
vt 0.09591806 0.01736462
vt 0.09591806 0.01736462
vt 0.09591806 0.01736462
vt 0.09591806 0.01736462
vt 0.09591806 0.01736462
vt 0.09591806 0.01736462
vt 0.09591806 0.01736462
vt 0.09591806 0.01736462
vt 0.09591806 0.01736462
vt 0.09591806 0.01736462
vt 0.09591806 0.01736462
vt 0.09591806 0.01736462
vt 0.09591806 0.01736462
vt 0.09591806 0.01736462
vt 0.09591806 0.01736462
vt 0.09591806 0.01736462
vt 0.09591806 0.01736462
vt 0.09591806 0.01736462
vt 0.09591806 0.01736462
vt 0.09591806 0.01736462
vt 0.09591806 0.01736462
vt 0.09591806 0.01736462
vt 0.09591806 0.01736462
vt 0.09591806 0.01736462
vt 0.09591806 0.01736462
vt 0.09591806 0.01736462
vt 0.09591806 0.01736462
vt 0.09591806 0.01736462
vt 0.09591806 0.01736462
vt 0.09591806 0.01736462
vt 0.09591806 0.01736462
vt 0.09591806 0.01736462
vt 0.09591806 0.01736462
vt 0.09591806 0.01736462
vt 0.09591806 0.01736462
vt 0.09591806 0.01736462
vt 0.09591806 0.01736462
vt 0.09591806 0.01736462
vt 0.09591806 0.01736462
vt 0.09591806 0.01736462
vt 0.09591806 0.01736462
vt 0.09591806 0.01736462
vt 0.09591806 0.01736462
vt 0.09591806 0.01736462
vt 0.09591806 0.01736462
vt 0.09591806 0.01736462
vt 0.09591806 0.01736462
vt 0.09591806 0.01736462
vt 0.09591806 0.01736462
vt 0.09591806 0.01736462
vt 0.09591806 0.01736462
vt 0.09591806 0.01736462
vt 0.09591806 0.01736462
vt 0.09591806 0.01736462
vt 0.09591806 0.01736462
vt 0.09591806 0.01736462
vt 0.09591806 0.01736462
vt 0.09591806 0.01736462
vt 0.09591806 0.01736462
vt 0.09591806 0.01736462
vt 0.09591806 0.01736462
vt 0.09591806 0.01736462
vt 0.09591806 0.01736462
vt 0.09591806 0.01736462
vt 0.09591806 0.01736462
vt 0.09591806 0.01736462
vt 0.09591806 0.01736462
vt 0.09591806 0.01736462
vt 0.09591806 0.01736462
vt 0.09591806 0.01736462
vt 0.09591806 0.01736462
vt 0.09591806 0.01736462
vt 0.09591806 0.01736462
vt 0.09591806 0.01736462
vt 0.09591806 0.01736462
vt 0.09591806 0.01736462
vt 0.09591806 0.01736462
vt 0.09591806 0.01736462
vt 0.09591806 0.01736462
vt 0.09591806 0.01736462
vt 0.09591806 0.01736462
vt 0.09591806 0.01736462
vt 0.09591806 0.01736462
vt 0.09591806 0.01736462
vt 0.09591806 0.01736462
vt 0.09591806 0.01736462
vt 0.09591806 0.01736462
vt 0.09591806 0.01736462
vt 0.09591806 0.01736462
vt 0.09591806 0.01736462
vt 0.09591806 0.01736462
vt 0.09591806 0.01736462
vt 0.09591806 0.01736462
vt 0.09591806 0.01736462
vt 0.09591806 0.01736462
vt 0.09591806 0.01736462
vt 0.09591806 0.01736462
vt 0.09591806 0.01736462
vt 0.09591806 0.01736462
vt 0.09591806 0.01736462
vt 0.09591806 0.01736462
vt 0.09591806 0.01736462
vt 0.09591806 0.01736462
vt 0.09591806 0.01736462
vt 0.09591806 0.01736462
vt 0.09591806 0.01736462
vt 0.09591806 0.01736462
vt 0.09591806 0.01736462
vt 0.09591806 0.01736462
vt 0.09591806 0.01736462
vt 0.09591806 0.01736462
vt 0.09591806 0.01736462
vt 0.09591806 0.01736462
vt 0.09591806 0.01736462
vt 0.09591806 0.01736462
vt 0.09591806 0.01736462
vt 0.09591806 0.01736462
vt 0.09591806 0.01736462
vt 0.09591806 0.01736462
vt 0.09591806 0.01736462
vt 0.09591806 0.01736462
vt 0.09591806 0.01736462
vt 0.09591806 0.01736462
vt 0.09591806 0.01736462
vt 0.09591806 0.01736462
vt 0.09591806 0.01736462
vt 0.09591806 0.01736462
vt 0.09591806 0.01736462
vt 0.09591806 0.01736462
vt 0.09591806 0.01736462
vt 0.09591806 0.01736462
vt 0.09591806 0.01736462
vt 0.09591806 0.01736462
vt 0.09591806 0.01736462
vt 0.09591806 0.01736462
vt 0.09591806 0.01736462
vt 0.09591806 0.01736462
vt 0.09591806 0.01736462
vt 0.09591806 0.01736462
vt 0.09591806 0.01736462
vt 0.09591806 0.01736462
vt 0.09591806 0.01736462
vt 0.09591806 0.01736462
vt 0.09591806 0.01736462
vt 0.09591806 0.01736462
vt 0.09591806 0.01736462
vt 0.09591806 0.01736462
vt 0.09591806 0.01736462
vt 0.09591806 0.01736462
vt 0.09591806 0.01736462
vt 0.09591806 0.01736462
vt 0.09591806 0.01736462
vt 0.09591806 0.01736462
vt 0.09591806 0.01736462
vt 0.09591806 0.01736462
vt 0.09591806 0.01736462
vt 0.09591806 0.01736462
vt 0.09591806 0.01736462
vt 0.09591806 0.01736462
vt 0.09591806 0.01736462
vt 0.09591806 0.01736462
vt 0.09591806 0.01736462
vt 0.09591806 0.01736462
vt 0.09591806 0.01736462
vt 0.09591806 0.01736462
vt 0.09591806 0.01736462
vt 0.09591806 0.01736462
vt 0.09591806 0.01736462
vt 0.09591806 0.01736462
vt 0.09591806 0.01736462
vt 0.09591806 0.01736462
vt 0.09591806 0.01736462
vt 0.09591806 0.01736462
vt 0.09591806 0.01736462
vt 0.09591806 0.01736462
vt 0.09591806 0.01736462
vt 0.09591806 0.01736462
vt 0.09591806 0.01736462
vt 0.09591806 0.01736462
vt 0.09591806 0.01736462
vt 0.09591806 0.01736462
vt 0.09591806 0.01736462
vt 0.09591806 0.01736462
vt 0.09591806 0.01736462
vt 0.09591806 0.01736462
vt 0.09591806 0.01736462
vt 0.09591806 0.01736462
vt 0.09591806 0.01736462
vt 0.09591806 0.01736462
vt 0.09591806 0.01736462
vt 0.09591806 0.01736462
vt 0.09591806 0.01736462
vt 0.09591806 0.01736462
vt 0.09591806 0.01736462
vt 0.09591806 0.01736462
vt 0.09591806 0.01736462
vt 0.09591806 0.01736462
vt 0.09591806 0.01736462
vt 0.09591806 0.01736462
vt 0.09591806 0.01736462
vt 0.09591806 0.01736462
vt 0.09591806 0.01736462
vt 0.09591806 0.01736462
vt 0.09591806 0.01736462
vt 0.09591806 0.01736462
vt 0.09591806 0.01736462
vt 0.09591806 0.01736462
vt 0.09591806 0.01736462
vt 0.09591806 0.01736462
vt 0.09591806 0.01736462
vt 0.09591806 0.01736462
vt 0.09591806 0.01736462
vt 0.09591806 0.01736462
vt 0.09591806 0.01736462
vt 0.09591806 0.01736462
vt 0.09591806 0.01736462
vt 0.09591806 0.01736462
vt 0.09591806 0.01736462
vt 0.09591806 0.01736462
vt 0.09591806 0.01736462
vt 0.09591806 0.01736462
vt 0.09591806 0.01736462
vt 0.09591806 0.01736462
vt 0.09591806 0.01736462
vt 0.09591806 0.01736462
vt 0.09591806 0.01736462
vt 0.09591806 0.01736462
vt 0.09591806 0.01736462
vt 0.09591806 0.01736462
vt 0.09591806 0.01736462
vt 0.09591806 0.01736462
vt 0.09591806 0.01736462
vt 0.09591806 0.01736462
vt 0.09591806 0.01736462
vt 0.09591806 0.01736462
vt 0.09591806 0.01736462
vt 0.09591806 0.01736462
vt 0.09591806 0.01736462
vt 0.09591806 0.01736462
vt 0.09591806 0.01736462
vt 0.09591806 0.01736462
vt 0.09591806 0.01736462
vt 0.09591806 0.01736462
vt 0.09591806 0.01736462
vt 0.09591806 0.01736462
vt 0.09591806 0.01736462
vt 0.09591806 0.01736462
vt 0.09591806 0.01736462
vt 0.09591806 0.01736462
vt 0.09591806 0.01736462
vt 0.09591806 0.01736462
vt 0.09591806 0.01736462
vt 0.09591806 0.01736462
vt 0.09591806 0.01736462
vt 0.09591806 0.01736462
vt 0.09591806 0.01736462
vt 0.09591806 0.01736462
vt 0.09591806 0.01736462
vt 0.09591806 0.01736462
vt 0.09591806 0.01736462
vt 0.09591806 0.01736462
vt 0.09591806 0.01736462
vt 0.09591806 0.01736462
vt 0.09591806 0.01736462
vt 0.09591806 0.01736462
vt 0.09591806 0.01736462
vt 0.09591806 0.01736462
vt 0.09591806 0.01736462
vt 0.09591806 0.01736462
vt 0.09591806 0.01736462
vt 0.09591806 0.01736462
vt 0.09591806 0.01736462
vt 0.09591806 0.01736462
vt 0.09591806 0.01736462
vt 0.09591806 0.01736462
vt 0.11935556 0.01736462
vt 0.11935556 0.01736462
vt 0.11935556 0.01736462
vt 0.11935556 0.01736462
vt 0.11935556 0.01736462
vt 0.11935556 0.01736462
vt 0.11935556 0.01736462
vt 0.11935556 0.01736462
vt 0.11935556 0.01736462
vt 0.11935556 0.01736462
vt 0.11935556 0.01736462
vt 0.11935556 0.01736462
vt 0.11935556 0.01736462
vt 0.11935556 0.01736462
vt 0.11935556 0.01736462
vt 0.11935556 0.01736462
vt 0.11935556 0.01736462
vt 0.11935556 0.01736462
vt 0.11935556 0.01736462
vt 0.11935556 0.01736462
vt 0.11935556 0.01736462
vt 0.11935556 0.01736462
vt 0.11935556 0.01736462
vt 0.11935556 0.01736462
vt 0.11935556 0.01736462
vt 0.11935556 0.01736462
vt 0.11935556 0.01736462
vt 0.11935556 0.01736462
vt 0.11935556 0.01736462
vt 0.11935556 0.01736462
vt 0.11935556 0.01736462
vt 0.11935556 0.01736462
vt 0.11935556 0.01736462
vt 0.11935556 0.01736462
vt 0.11935556 0.01736462
vt 0.11935556 0.01736462
vt 0.11935556 0.01736462
vt 0.11935556 0.01736462
vt 0.11935556 0.01736462
vt 0.11935556 0.01736462
vt 0.11935556 0.01736462
vt 0.11935556 0.01736462
vt 0.11935556 0.01736462
vt 0.11935556 0.01736462
vt 0.11935556 0.01736462
vt 0.11935556 0.01736462
vt 0.11935556 0.01736462
vt 0.11935556 0.01736462
vt 0.11935556 0.01736462
vt 0.11935556 0.01736462
vt 0.11935556 0.01736462
vt 0.11935556 0.01736462
vt 0.11935556 0.01736462
vt 0.11935556 0.01736462
vt 0.11935556 0.01736462
vt 0.11935556 0.01736462
vt 0.11935556 0.01736462
vt 0.11935556 0.01736462
vt 0.11935556 0.01736462
vt 0.11935556 0.01736462
vt 0.11935556 0.01736462
vt 0.11935556 0.01736462
vt 0.11935556 0.01736462
vt 0.11935556 0.01736462
vt 0.11935556 0.01736462
vt 0.11935556 0.01736462
vt 0.11935556 0.01736462
vt 0.11935556 0.01736462
vt 0.11935556 0.01736462
vt 0.11935556 0.01736462
vt 0.11935556 0.01736462
vt 0.11935556 0.01736462
vt 0.11935556 0.01736462
vt 0.11935556 0.01736462
vt 0.11935556 0.01736462
vt 0.11935556 0.01736462
vt 0.11935556 0.01736462
vt 0.11935556 0.01736462
vt 0.11935556 0.01736462
vt 0.11935556 0.01736462
vt 0.11935556 0.01736462
vt 0.11935556 0.01736462
vt 0.11935556 0.01736462
vt 0.11935556 0.01736462
vt 0.11935556 0.01736462
vt 0.11935556 0.01736462
vt 0.11935556 0.01736462
vt 0.11935556 0.01736462
vt 0.11935556 0.01736462
vt 0.11935556 0.01736462
vt 0.11935556 0.01736462
vt 0.11935556 0.01736462
vt 0.11935556 0.01736462
vt 0.11935556 0.01736462
vt 0.11935556 0.01736462
vt 0.11935556 0.01736462
vt 0.11935556 0.01736462
vt 0.11935556 0.01736462
vt 0.11935556 0.01736462
vt 0.11935556 0.01736462
vt 0.11935556 0.01736462
vt 0.11935556 0.01736462
vt 0.11935556 0.01736462
vt 0.11935556 0.01736462
vt 0.11935556 0.01736462
vt 0.11935556 0.01736462
vt 0.11935556 0.01736462
vt 0.11935556 0.01736462
vt 0.11935556 0.01736462
vt 0.11935556 0.01736462
vt 0.11935556 0.01736462
vt 0.11935556 0.01736462
vt 0.11935556 0.01736462
vt 0.11935556 0.01736462
vt 0.11935556 0.01736462
vt 0.11935556 0.01736462
vt 0.11935556 0.01736462
vt 0.11935556 0.01736462
vt 0.11935556 0.01736462
vt 0.11935556 0.01736462
vt 0.11935556 0.01736462
vt 0.11935556 0.01736462
vt 0.11935556 0.01736462
vt 0.11935556 0.01736462
vt 0.11935556 0.01736462
vt 0.11935556 0.01736462
vt 0.11935556 0.01736462
vt 0.11935556 0.01736462
vt 0.11935556 0.01736462
vt 0.11935556 0.01736462
vt 0.11935556 0.01736462
vt 0.11935556 0.01736462
vt 0.11935556 0.01736462
vt 0.11935556 0.01736462
vt 0.11935556 0.01736462
vt 0.11935556 0.01736462
vt 0.11935556 0.01736462
vt 0.11935556 0.01736462
vt 0.11935556 0.01736462
vt 0.11935556 0.01736462
vt 0.11935556 0.01736462
vt 0.11935556 0.01736462
vt 0.11935556 0.01736462
vt 0.11935556 0.01736462
vt 0.11935556 0.01736462
vt 0.11935556 0.01736462
vt 0.11935556 0.01736462
vt 0.11935556 0.01736462
vt 0.11935556 0.01736462
vt 0.11935556 0.01736462
vt 0.11935556 0.01736462
vt 0.11935556 0.01736462
vt 0.11935556 0.01736462
vt 0.11935556 0.01736462
vt 0.11935556 0.01736462
vt 0.11935556 0.01736462
vt 0.11935556 0.01736462
vt 0.11935556 0.01736462
vt 0.11935556 0.01736462
vt 0.11935556 0.01736462
vt 0.11935556 0.01736462
vt 0.11935556 0.01736462
vt 0.11935556 0.01736462
vt 0.11935556 0.01736462
vt 0.11935556 0.01736462
vt 0.11935556 0.01736462
vt 0.11935556 0.01736462
vt 0.11935556 0.01736462
vt 0.11935556 0.01736462
vt 0.11935556 0.01736462
vt 0.11935556 0.01736462
vt 0.11935556 0.01736462
vt 0.11935556 0.01736462
vt 0.11935556 0.01736462
vt 0.11935556 0.01736462
vt 0.11935556 0.01736462
vt 0.11935556 0.01736462
vt 0.11935556 0.01736462
vt 0.11935556 0.01736462
vt 0.11935556 0.01736462
vt 0.11935556 0.01736462
vt 0.11935556 0.01736462
vt 0.11935556 0.01736462
vt 0.11935556 0.01736462
vt 0.11935556 0.01736462
vt 0.11935556 0.01736462
vt 0.11935556 0.01736462
vt 0.11935556 0.01736462
vt 0.11935556 0.01736462
vt 0.11935556 0.01736462
vt 0.11935556 0.01736462
vt 0.11935556 0.01736462
vt 0.11935556 0.01736462
vt 0.11935556 0.01736462
vt 0.11935556 0.01736462
vt 0.11935556 0.01736462
vt 0.11935556 0.01736462
vt 0.11935556 0.01736462
vt 0.11935556 0.01736462
vt 0.11935556 0.01736462
vt 0.11935556 0.01736462
vt 0.11935556 0.01736462
vt 0.11935556 0.01736462
vt 0.11935556 0.01736462
vt 0.11935556 0.01736462
vt 0.11935556 0.01736462
vt 0.11935556 0.01736462
vt 0.11935556 0.01736462
vt 0.11935556 0.01736462
vt 0.11935556 0.01736462
vt 0.11935556 0.01736462
vt 0.11935556 0.01736462
vt 0.11935556 0.01736462
vt 0.11935556 0.01736462
vt 0.11935556 0.01736462
vt 0.11935556 0.01736462
vt 0.11935556 0.01736462
vt 0.11935556 0.01736462
vt 0.11935556 0.01736462
vt 0.11935556 0.01736462
vt 0.11935556 0.01736462
vt 0.11935556 0.01736462
vt 0.11935556 0.01736462
vt 0.11935556 0.01736462
vt 0.11935556 0.01736462
vt 0.11935556 0.01736462
vt 0.11935556 0.01736462
vt 0.11935556 0.01736462
vt 0.11935556 0.01736462
vt 0.11935556 0.01736462
vt 0.11935556 0.01736462
vt 0.11935556 0.01736462
vt 0.11935556 0.01736462
vt 0.11935556 0.01736462
vt 0.11935556 0.01736462
vt 0.11935556 0.01736462
vt 0.11935556 0.01736462
vt 0.11935556 0.01736462
vt 0.11935556 0.01736462
vt 0.11935556 0.01736462
vt 0.11935556 0.01736462
vt 0.11935556 0.01736462
vt 0.11935556 0.01736462
vt 0.11935556 0.01736462
vt 0.11935556 0.01736462
vt 0.11935556 0.01736462
vt 0.11935556 0.01736462
vt 0.11935556 0.01736462
vt 0.11935556 0.01736462
vt 0.11935556 0.01736462
vt 0.11935556 0.01736462
vt 0.11935556 0.01736462
vt 0.11935556 0.01736462
vt 0.11935556 0.01736462
vt 0.11935556 0.01736462
vt 0.11935556 0.01736462
vt 0.11935556 0.01736462
vt 0.11935556 0.01736462
vt 0.11935556 0.01736462
vt 0.11935556 0.01736462
vt 0.11935556 0.01736462
vt 0.11935556 0.01736462
vt 0.11935556 0.01736462
vt 0.11935556 0.01736462
vt 0.11935556 0.01736462
vt 0.11935556 0.01736462
vt 0.11935556 0.01736462
vt 0.11935556 0.01736462
vt 0.11935556 0.01736462
vt 0.11935556 0.01736462
vt 0.11935556 0.01736462
vt 0.11935556 0.01736462
vt 0.11935556 0.01736462
vt 0.11935556 0.01736462
vt 0.11935556 0.01736462
vt 0.11935556 0.01736462
vt 0.11935556 0.01736462
vt 0.11935556 0.01736462
vt 0.11935556 0.01736462
vt 0.11935556 0.01736462
vt 0.11935556 0.01736462
vt 0.11935556 0.01736462
vt 0.11935556 0.01736462
vt 0.11935556 0.01736462
vt 0.11935556 0.01736462
vt 0.11935556 0.01736462
vt 0.11935556 0.01736462
vt 0.11935556 0.01736462
vt 0.11935556 0.01736462
vt 0.11935556 0.01736462
vt 0.11935556 0.01736462
vt 0.11935556 0.01736462
vt 0.11935556 0.01736462
vt 0.11935556 0.01736462
vt 0.11935556 0.01736462
vt 0.11935556 0.01736462
vt 0.11935556 0.01736462
vt 0.11935556 0.01736462
vt 0.11935556 0.01736462
vt 0.11935556 0.01736462
vt 0.11935556 0.01736462
vt 0.11935556 0.01736462
vt 0.11935556 0.01736462
vt 0.11935556 0.01736462
vt 0.11935556 0.01736462
vt 0.11935556 0.01736462
vt 0.11935556 0.01736462
vt 0.11935556 0.01736462
vt 0.11935556 0.01736462
vt 0.11935556 0.01736462
vt 0.11935556 0.01736462
vt 0.11935556 0.01736462
vt 0.11935556 0.01736462
vt 0.11935556 0.01736462
vt 0.11935556 0.01736462
vt 0.11935556 0.01736462
vt 0.11935556 0.01736462
vt 0.11935556 0.01736462
vt 0.11935556 0.01736462
vt 0.11935556 0.01736462
vt 0.11935556 0.01736462
vt 0.11935556 0.01736462
vt 0.11935556 0.01736462
vt 0.11935556 0.01736462
vt 0.11935556 0.01736462
vt 0.11935556 0.01736462
vt 0.11935556 0.01736462
vt 0.11935556 0.01736462
vt 0.11935556 0.01736462
vt 0.11935556 0.01736462
vt 0.11935556 0.01736462
vt 0.11935556 0.01736462
vt 0.11935556 0.01736462
vt 0.11935556 0.01736462
vt 0.11935556 0.01736462
vt 0.11935556 0.01736462
vt 0.11935556 0.01736462
vt 0.11935556 0.01736462
vt 0.11935556 0.01736462
vt 0.11935556 0.01736462
vt 0.11935556 0.01736462
vt 0.11935556 0.01736462
vt 0.11935556 0.01736462
vt 0.11935556 0.01736462
vt 0.11935556 0.01736462
vt 0.11935556 0.01736462
vt 0.11935556 0.01736462
vt 0.11935556 0.01736462
vt 0.11935556 0.01736462
vt 0.11935556 0.01736462
vt 0.11935556 0.01736462
vt 0.11935556 0.01736462
vt 0.11935556 0.01736462
vt 0.11935556 0.01736462
vt 0.11935556 0.01736462
vt 0.11935556 0.01736462
vt 0.11935556 0.01736462
vt 0.11935556 0.01736462
vt 0.11935556 0.01736462
vt 0.11935556 0.01736462
vt 0.09591806 0.01736462
vt 0.09591806 0.01736462
vt 0.09591806 0.01736462
vt 0.09591806 0.01736462
vt 0.09591806 0.01736462
vt 0.09591806 0.01736462
vt 0.09591806 0.01736462
vt 0.09591806 0.01736462
vt 0.09591806 0.01736462
vt 0.09591806 0.01736462
vt 0.09591806 0.01736462
vt 0.09591806 0.01736462
vt 0.09591806 0.01736462
vt 0.09591806 0.01736462
vt 0.09591806 0.01736462
vt 0.09591806 0.01736462
vt 0.09591806 0.01736462
vt 0.09591806 0.01736462
vt 0.09591806 0.01736462
vt 0.09591806 0.01736462
vt 0.09591806 0.01736462
vt 0.09591806 0.01736462
vt 0.09591806 0.01736462
vt 0.09591806 0.01736462
vt 0.09591806 0.01736462
vt 0.09591806 0.01736462
vt 0.09591806 0.01736462
vt 0.09591806 0.01736462
vt 0.09591806 0.01736462
vt 0.09591806 0.01736462
vt 0.09591806 0.01736462
vt 0.09591806 0.01736462
vt 0.09591806 0.01736462
vt 0.09591806 0.01736462
vt 0.09591806 0.01736462
vt 0.09591806 0.01736462
vt 0.09591806 0.01736462
vt 0.09591806 0.01736462
vt 0.09591806 0.01736462
vt 0.09591806 0.01736462
vt 0.09591806 0.01736462
vt 0.09591806 0.01736462
vt 0.09591806 0.01736462
vt 0.09591806 0.01736462
vt 0.09591806 0.01736462
vt 0.09591806 0.01736462
vt 0.09591806 0.01736462
vt 0.09591806 0.01736462
vt 0.11935556 0.01736462
vt 0.11935556 0.01736462
vt 0.11935556 0.01736462
vt 0.11935556 0.01736462
vt 0.11935556 0.01736462
vt 0.11935556 0.01736462
vt 0.11935556 0.01736462
vt 0.11935556 0.01736462
vt 0.11935556 0.01736462
vt 0.11935556 0.01736462
vt 0.11935556 0.01736462
vt 0.11935556 0.01736462
vt 0.11935556 0.01736462
vt 0.11935556 0.01736462
vt 0.11935556 0.01736462
vt 0.11935556 0.01736462
vt 0.11935556 0.01736462
vt 0.11935556 0.01736462
vt 0.11935556 0.01736462
vt 0.11935556 0.01736462
vt 0.11935556 0.01736462
vt 0.11935556 0.01736462
vt 0.11935556 0.01736462
vt 0.11935556 0.01736462
vt 0.11935556 0.01736462
vt 0.11935556 0.01736462
vt 0.11935556 0.01736462
vt 0.11935556 0.01736462
vt 0.11935556 0.01736462
vt 0.11935556 0.01736462
vt 0.11935556 0.01736462
vt 0.11935556 0.01736462
vt 0.11935556 0.01736462
vt 0.11935556 0.01736462
vt 0.11935556 0.01736462
vt 0.11935556 0.01736462
vt 0.11935556 0.01736462
vt 0.11935556 0.01736462
vt 0.11935556 0.01736462
vt 0.11935556 0.01736462
vt 0.11935556 0.01736462
vt 0.11935556 0.01736462
vt 0.11935556 0.01736462
vt 0.11935556 0.01736462
vt 0.11935556 0.01736462
vt 0.11935556 0.01736462
vt 0.11935556 0.01736462
vt 0.11935556 0.01736462
vt 0.16665901 0.00979626
vt 0.16665901 0.00979626
vt 0.16665901 0.00979626
vt 0.16665901 0.00979626
vt 0.16665901 0.00979626
vt 0.16665901 0.00979626
vt 0.16665901 0.00979626
vt 0.16665901 0.00979626
vt 0.16665901 0.00979626
vt 0.16665901 0.00979626
vt 0.16665901 0.00979626
vt 0.16665901 0.00979626
vt 0.16665901 0.00979626
vt 0.16665901 0.00979626
vt 0.16665901 0.00979626
vt 0.16665901 0.00979626
vt 0.16665901 0.00979626
vt 0.16665901 0.00979626
vt 0.16665901 0.00979626
vt 0.16665901 0.00979626
vt 0.16665901 0.00979626
vt 0.16665901 0.00979626
vt 0.16665901 0.00979626
vt 0.16665901 0.00979626
vt 0.16665901 0.00979626
vt 0.16665901 0.00979626
vt 0.16665901 0.00979626
vt 0.16665901 0.00979626
vt 0.16665901 0.00979626
vt 0.16665901 0.00979626
vt 0.16665901 0.00979626
vt 0.16665901 0.00979626
vt 0.16665901 0.00979626
vt 0.16665901 0.00979626
vt 0.16665901 0.00979626
vt 0.16665901 0.00979626
vt 0.16665901 0.00979626
vt 0.16665901 0.00979626
vt 0.16665901 0.00979626
vt 0.16665901 0.00979626
vt 0.16665901 0.00979626
vt 0.16665901 0.00979626
vt 0.16665901 0.00979626
vt 0.16665901 0.00979626
vt 0.16665901 0.00979626
vt 0.16665901 0.00979626
vt 0.16665901 0.00979626
vt 0.16665901 0.00979626
vt 0.16665901 0.00979626
vt 0.16665901 0.00979626
vt 0.16665901 0.00979626
vt 0.16665901 0.00979626
vt 0.16665901 0.00979626
vt 0.16665901 0.00979626
vt 0.16665901 0.00979626
vt 0.16665901 0.00979626
vt 0.16665901 0.00979626
vt 0.16665901 0.00979626
vt 0.16665901 0.00979626
vt 0.16665901 0.00979626
vt 0.16665901 0.00979626
vt 0.16665901 0.00979626
vt 0.16665901 0.00979626
vt 0.16665901 0.00979626
vt 0.16665901 0.00979626
vt 0.16665901 0.00979626
vt 0.16665901 0.00979626
vt 0.16665901 0.00979626
vt 0.16665901 0.00979626
vt 0.16665901 0.00979626
vt 0.16665901 0.00979626
vt 0.16665901 0.00979626
vt 0.16665901 0.00979626
vt 0.16665901 0.00979626
vt 0.16665901 0.00979626
vt 0.16665901 0.00979626
vt 0.16665901 0.00979626
vt 0.16665901 0.00979626
vt 0.16665901 0.00979626
vt 0.16665901 0.00979626
vt 0.16665901 0.00979626
vt 0.16665901 0.00979626
vt 0.16665901 0.00979626
vt 0.16665901 0.00979626
vt 0.16665901 0.00979626
vt 0.16665901 0.00979626
vt 0.16665901 0.00979626
vt 0.16665901 0.00979626
vt 0.16665901 0.00979626
vt 0.16665901 0.00979626
vt 0.16665901 0.00979626
vt 0.16665901 0.00979626
vt 0.16665901 0.00979626
vt 0.16665901 0.00979626
vt 0.16665901 0.00979626
vt 0.16665901 0.00979626
vt 0.16665901 0.00979626
vt 0.16665901 0.00979626
vt 0.16665901 0.00979626
vt 0.16665901 0.00979626
vt 0.16665901 0.00979626
vt 0.16665901 0.00979626
vt 0.16665901 0.00979626
vt 0.16665901 0.00979626
vt 0.16665901 0.00979626
vt 0.16665901 0.00979626
vt 0.16665901 0.00979626
vt 0.16665901 0.00979626
vt 0.16665901 0.00979626
vt 0.16665901 0.00979626
vt 0.16665901 0.00979626
vt 0.16665901 0.00979626
vt 0.16665901 0.00979626
vt 0.16665901 0.00979626
vt 0.16665901 0.00979626
vt 0.16665901 0.00979626
vt 0.16665901 0.00979626
vt 0.16665901 0.00979626
vt 0.16665901 0.00979626
vt 0.16665901 0.00979626
vt 0.16665901 0.00979626
vt 0.16665901 0.00979626
vt 0.16665901 0.00979626
vt 0.16665901 0.00979626
vt 0.16665901 0.00979626
vt 0.16665901 0.00979626
vt 0.16665901 0.00979626
vt 0.16665901 0.00979626
vt 0.16665901 0.00979626
vt 0.16665901 0.00979626
vt 0.16665901 0.00979626
vt 0.16665901 0.00979626
vt 0.16665901 0.00979626
vt 0.16665901 0.00979626
vt 0.16665901 0.00979626
vt 0.16665901 0.00979626
vt 0.16665901 0.00979626
vt 0.16665901 0.00979626
vt 0.16665901 0.00979626
vt 0.16665901 0.00979626
vt 0.16665901 0.00979626
vt 0.16665901 0.00979626
vt 0.16665901 0.00979626
vt 0.16665901 0.00979626
vt 0.16665901 0.00979626
vt 0.16665901 0.00979626
vt 0.16665901 0.00979626
vt 0.16665901 0.00979626
vt 0.16665901 0.00979626
vt 0.16665901 0.00979626
vt 0.16665901 0.00979626
vt 0.16665901 0.00979626
vt 0.16665901 0.00979626
vt 0.16665901 0.00979626
vt 0.16665901 0.00979626
vt 0.16665901 0.00979626
vt 0.16665901 0.00979626
vt 0.16665901 0.00979626
vt 0.16665901 0.00979626
vt 0.16665901 0.00979626
vt 0.16665901 0.00979626
vt 0.16665901 0.00979626
vt 0.16665901 0.00979626
vt 0.16665901 0.00979626
vt 0.16665901 0.00979626
vt 0.16665901 0.00979626
vt 0.16665901 0.00979626
vt 0.16665901 0.00979626
vt 0.16665901 0.00979626
vt 0.16665901 0.00979626
vt 0.16665901 0.00979626
vt 0.16665901 0.00979626
vt 0.16665901 0.00979626
vt 0.16665901 0.00979626
vt 0.16665901 0.00979626
vt 0.16665901 0.00979626
vt 0.16665901 0.00979626
vt 0.16665901 0.00979626
vt 0.16665901 0.00979626
vt 0.16665901 0.00979626
vt 0.16665901 0.00979626
vt 0.16665901 0.00979626
vt 0.16665901 0.00979626
vt 0.16665901 0.00979626
vt 0.16665901 0.00979626
vt 0.16665901 0.00979626
vt 0.16665901 0.00979626
vt 0.16665901 0.00979626
vt 0.16665901 0.00979626
vt 0.16665901 0.00979626
vt 0.16665901 0.00979626
vt 0.16665901 0.00979626
vt 0.16665901 0.00979626
vt 0.16665901 0.00979626
vt 0.16665901 0.00979626
vt 0.16665901 0.00979626
vt 0.16665901 0.00979626
vt 0.16665901 0.00979626
vt 0.16665901 0.00979626
vt 0.16665901 0.00979626
vt 0.16665901 0.00979626
vt 0.16665901 0.00979626
vt 0.16665901 0.00979626
vt 0.16665901 0.00979626
vt 0.16665901 0.00979626
vt 0.16665901 0.00979626
vt 0.16665901 0.00979626
vt 0.16665901 0.00979626
vt 0.16665901 0.00979626
vt 0.16665901 0.00979626
vt 0.16665901 0.00979626
vt 0.16665901 0.00979626
vt 0.16665901 0.00979626
vt 0.16665901 0.00979626
vt 0.16665901 0.00979626
vt 0.16665901 0.00979626
vt 0.16665901 0.00979626
vt 0.16665901 0.00979626
vt 0.16665901 0.00979626
vt 0.16665901 0.00979626
vt 0.16665901 0.00979626
vt 0.16665901 0.00979626
vt 0.16665901 0.00979626
vt 0.16665901 0.00979626
vt 0.16665901 0.00979626
vt 0.16665901 0.00979626
vt 0.16665901 0.00979626
vt 0.16665901 0.00979626
vt 0.16665901 0.00979626
vt 0.16665901 0.00979626
vt 0.16665901 0.00979626
vt 0.16665901 0.00979626
vt 0.16665901 0.00979626
vt 0.16665901 0.00979626
vt 0.16665901 0.00979626
vt 0.16665901 0.00979626
vt 0.16665901 0.00979626
vt 0.16665901 0.00979626
vt 0.16665901 0.00979626
vt 0.16665901 0.00979626
vt 0.16665901 0.00979626
vt 0.16665901 0.00979626
vt 0.16665901 0.00979626
vt 0.16665901 0.00979626
vt 0.16665901 0.00979626
vt 0.16665901 0.00979626
vt 0.16665901 0.00979626
vt 0.16665901 0.00979626
vt 0.16665901 0.00979626
vt 0.16665901 0.00979626
vt 0.16665901 0.00979626
vt 0.16665901 0.00979626
vt 0.16665901 0.00979626
vt 0.16665901 0.00979626
vt 0.16665901 0.00979626
vt 0.16665901 0.00979626
vt 0.16665901 0.00979626
vt 0.16665901 0.00979626
vt 0.16665901 0.00979626
vt 0.16665901 0.00979626
vt 0.16665901 0.00979626
vt 0.16665901 0.00979626
vt 0.16665901 0.00979626
vt 0.16665901 0.00979626
vt 0.16665901 0.00979626
vt 0.16665901 0.00979626
vt 0.16665901 0.00979626
vt 0.16665901 0.00979626
vt 0.16665901 0.00979626
vt 0.16665901 0.00979626
vt 0.16665901 0.00979626
vt 0.16665901 0.00979626
vt 0.16665901 0.00979626
vt 0.16665901 0.00979626
vt 0.16665901 0.00979626
vt 0.16665901 0.00979626
vt 0.16665901 0.00979626
vt 0.16665901 0.00979626
vt 0.16665901 0.00979626
vt 0.16665901 0.00979626
vt 0.16665901 0.00979626
vt 0.16665901 0.00979626
vt 0.16665901 0.00979626
vt 0.16665901 0.00979626
vt 0.16665901 0.00979626
vt 0.16665901 0.00979626
vt 0.16665901 0.00979626
vt 0.16665901 0.00979626
vt 0.16665901 0.00979626
vt 0.16665901 0.00979626
vt 0.16665901 0.00979626
vt 0.16665901 0.00979626
vt 0.16665901 0.00979626
vt 0.16665901 0.00979626
vt 0.16665901 0.00979626
vt 0.16665901 0.00979626
vt 0.16665901 0.00979626
vt 0.16665901 0.00979626
vt 0.16665901 0.00979626
vt 0.16665901 0.00979626
vt 0.16665901 0.00979626
vt 0.16665901 0.00979626
vt 0.16665901 0.00979626
vt 0.16665901 0.00979626
vt 0.16665901 0.00979626
vt 0.16665901 0.00979626
vt 0.16665901 0.00979626
vt 0.16665901 0.00979626
vt 0.16665901 0.00979626
vt 0.16665901 0.00979626
vt 0.16665901 0.00979626
vt 0.16665901 0.00979626
vt 0.16665901 0.00979626
vt 0.16665901 0.00979626
vt 0.16665901 0.00979626
vt 0.16665901 0.00979626
vt 0.16665901 0.00979626
vt 0.16665901 0.00979626
vt 0.16665901 0.00979626
vt 0.16665901 0.00979626
vt 0.16665901 0.00979626
vt 0.16665901 0.00979626
vt 0.16665901 0.00979626
vt 0.16665901 0.00979626
vt 0.16665901 0.00979626
vt 0.16665901 0.00979626
vt 0.16665901 0.00979626
vt 0.16665901 0.00979626
vt 0.16665901 0.00979626
vt 0.16665901 0.00979626
vt 0.16665901 0.00979626
vt 0.16665901 0.00979626
vt 0.16665901 0.00979626
vt 0.16665901 0.00979626
vt 0.16665901 0.00979626
vt 0.16665901 0.00979626
vt 0.16665901 0.00979626
vt 0.16665901 0.00979626
vt 0.16665901 0.00979626
vt 0.16665901 0.00979626
vt 0.16665901 0.00979626
vt 0.16665901 0.00979626
vt 0.16665901 0.00979626
vt 0.16665901 0.00979626
vt 0.16665901 0.00979626
vt 0.16665901 0.00979626
vt 0.16665901 0.00979626
vt 0.16665901 0.00979626
vt 0.16665901 0.00979626
vt 0.16665901 0.00979626
vt 0.16665901 0.00979626
vt 0.16665901 0.00979626
vt 0.16665901 0.00979626
vt 0.16665901 0.00979626
vt 0.16665901 0.00979626
vt 0.16665901 0.00979626
vt 0.16665901 0.00979626
vt 0.16665901 0.00979626
vt 0.16665901 0.00979626
vt 0.16665901 0.00979626
vt 0.16665901 0.00979626
vt 0.16665901 0.00979626
vt 0.16665901 0.00979626
vt 0.16665901 0.00979626
vt 0.16665901 0.00979626
vt 0.16665901 0.00979626
vt 0.16665901 0.00979626
vt 0.16665901 0.00979626
vt 0.16665901 0.00979626
vt 0.16665901 0.00979626
vt 0.16665901 0.00979626
vt 0.16665901 0.00979626
vt 0.16665901 0.00979626
vt 0.16665901 0.00979626
vt 0.16665901 0.00979626
vt 0.16665901 0.00979626
vt 0.16665901 0.00979626
vt 0.16665901 0.00979626
vt 0.16665901 0.00979626
vt 0.16665901 0.00979626
vt 0.16665901 0.00979626
vt 0.16665901 0.00979626
vt 0.16665901 0.00979626
vt 0.16665901 0.00979626
vt 0.16665901 0.00979626
vt 0.16665901 0.00979626
vt 0.16665901 0.00979626
vt 0.16665901 0.00979626
vt 0.16665901 0.00979626
vt 0.16665901 0.00979626
vt 0.16665901 0.00979626
vt 0.16665901 0.00979626
vt 0.16665901 0.00979626
vt 0.16665901 0.00979626
vt 0.16665901 0.00979626
vt 0.16665901 0.00979626
vt 0.16665901 0.00979626
vt 0.16665901 0.00979626
vt 0.16665901 0.00979626
vt 0.16665901 0.00979626
vt 0.16665901 0.00979626
vt 0.16665901 0.00979626
vt 0.16665901 0.00979626
vt 0.16665901 0.00979626
vt 0.16665901 0.00979626
vt 0.16665901 0.00979626
vt 0.16665901 0.00979626
vt 0.16665901 0.00979626
vt 0.16665901 0.00979626
vt 0.16665901 0.00979626
vt 0.16665901 0.00979626
vt 0.16665901 0.00979626
vt 0.16665901 0.00979626
vt 0.16665901 0.00979626
vt 0.16665901 0.00979626
vt 0.16665901 0.00979626
vt 0.16665901 0.00979626
vt 0.16665901 0.00979626
vt 0.16665901 0.00979626
vt 0.16665901 0.00979626
vt 0.16665901 0.00979626
vt 0.16665901 0.00979626
vt 0.16665901 0.00979626
vt 0.16665901 0.00979626
vt 0.16665901 0.00979626
vt 0.16665901 0.00979626
vt 0.16665901 0.00979626
vt 0.16665901 0.00979626
vt 0.16665901 0.00979626
vt 0.16665901 0.00979626
vt 0.16665901 0.00979626
vt 0.16665901 0.00979626
vt 0.16665901 0.00979626
vt 0.16665901 0.00979626
vt 0.16665901 0.00979626
vt 0.16665901 0.00979626
vt 0.16665901 0.00979626
vt 0.16665901 0.00979626
vt 0.16665901 0.00979626
vt 0.16665901 0.00979626
vt 0.16665901 0.00979626
vt 0.16665901 0.00979626
vt 0.16665901 0.00979626
vt 0.16665901 0.00979626
vt 0.16665901 0.00979626
vt 0.16665901 0.00979626
vt 0.16665901 0.00979626
vt 0.16665901 0.00979626
vt 0.16665901 0.00979626
vt 0.16665901 0.00979626
vt 0.16665901 0.00979626
vt 0.16665901 0.00979626
vt 0.16665901 0.00979626
vt 0.16665901 0.00979626
vt 0.16665901 0.00979626
vt 0.16665901 0.00979626
vt 0.16665901 0.00979626
vt 0.16665901 0.00979626
vt 0.16665901 0.00979626
vt 0.16665901 0.00979626
vt 0.16665901 0.00979626
vt 0.16665901 0.00979626
vt 0.16665901 0.00979626
vt 0.16665901 0.00979626
vt 0.16665901 0.00979626
vt 0.16665901 0.00979626
vt 0.16665901 0.00979626
vt 0.16665901 0.00979626
vt 0.16665901 0.00979626
vt 0.16665901 0.00979626
vt 0.16665901 0.00979626
vt 0.16665901 0.00979626
vt 0.16665901 0.00979626
vt 0.16665901 0.00979626
vt 0.16665901 0.00979626
vt 0.16665901 0.00979626
vt 0.16665901 0.00979626
vt 0.16665901 0.00979626
vt 0.16665901 0.00979626
vt 0.16665901 0.00979626
vt 0.16665901 0.00979626
vt 0.16665901 0.00979626
vt 0.16665901 0.00979626
vt 0.16665901 0.00979626
vt 0.16665901 0.00979626
vt 0.16665901 0.00979626
vt 0.16665901 0.00979626
vt 0.16665901 0.00979626
vt 0.16665901 0.00979626
vt 0.16665901 0.00979626
vt 0.16665901 0.00979626
vt 0.16665901 0.00979626
vt 0.16665901 0.00979626
vt 0.16665901 0.00979626
vt 0.16665901 0.00979626
vt 0.16665901 0.00979626
vt 0.16665901 0.00979626
vt 0.16665901 0.00979626
vt 0.16665901 0.00979626
vt 0.16665901 0.00979626
vt 0.16665901 0.00979626
vt 0.16665901 0.00979626
vt 0.16665901 0.00979626
vt 0.16665901 0.00979626
vt 0.16665901 0.00979626
vt 0.16665901 0.00979626
vt 0.16665901 0.00979626
vt 0.16665901 0.00979626
vt 0.16665901 0.00979626
vt 0.16665901 0.00979626
vt 0.16665901 0.00979626
vt 0.16665901 0.00979626
vt 0.16665901 0.00979626
vt 0.16665901 0.00979626
vt 0.16665901 0.00979626
vt 0.16665901 0.00979626
vt 0.16665901 0.00979626
vt 0.16665901 0.00979626
vt 0.16665901 0.00979626
vt 0.16665901 0.00979626
vt 0.16665901 0.00979626
vt 0.16665901 0.00979626
f 1/1 2/2 3/3
f 2/2 1/1 4/4
f 3/3 5/5 6/6
f 5/5 3/3 2/2
f 7/7 4/4 1/1
f 4/4 7/7 8/8
f 6/6 9/9 10/10
f 9/9 6/6 5/5
f 11/11 8/8 7/7
f 8/8 11/11 12/12
f 10/10 13/13 14/14
f 13/13 10/10 9/9
f 15/15 11/11 16/16
f 11/11 15/15 12/12
f 13/13 17/17 14/14
f 17/17 13/13 18/18
f 19/19 16/16 20/20
f 16/16 19/19 15/15
f 18/18 21/21 17/17
f 21/21 18/18 22/22
f 23/23 20/20 24/24
f 20/20 23/23 19/19
f 22/22 25/25 21/21
f 25/25 22/22 26/26
f 27/27 24/24 28/28
f 24/24 27/27 23/23
f 26/26 29/29 25/25
f 29/29 26/26 30/30
f 31/31 28/28 32/32
f 28/28 31/31 27/27
f 30/30 33/33 29/29
f 33/33 30/30 34/34
f 35/35 32/32 36/36
f 32/32 35/35 31/31
f 34/34 37/37 33/33
f 37/37 34/34 38/38
f 35/35 39/39 40/40
f 39/39 35/35 36/36
f 41/41 37/37 38/38
f 37/37 41/41 42/42
f 40/40 43/43 44/44
f 43/43 40/40 39/39
f 45/45 42/42 41/41
f 42/42 45/45 46/46
f 44/44 47/47 48/48
f 47/47 44/44 43/43
f 48/48 46/46 45/45
f 46/46 48/48 47/47
f 49/49 50/50 51/51
f 52/52 51/51 50/50
f 51/51 52/52 53/53
f 54/54 53/53 52/52
f 55/55 56/56 49/49
f 50/50 49/49 56/56
f 53/53 54/54 57/57
f 58/58 57/57 54/54
f 59/59 60/60 55/55
f 56/56 55/55 60/60
f 57/57 58/58 61/61
f 62/62 61/61 58/58
f 59/59 63/63 60/60
f 64/64 60/60 63/63
f 65/65 61/61 66/66
f 62/62 66/66 61/61
f 63/63 67/67 64/64
f 68/68 64/64 67/67
f 69/69 65/65 70/70
f 66/66 70/70 65/65
f 67/67 71/71 68/68
f 72/72 68/68 71/71
f 73/73 69/69 74/74
f 70/70 74/74 69/69
f 71/71 75/75 72/72
f 76/76 72/72 75/75
f 77/77 73/73 78/78
f 74/74 78/78 73/73
f 75/75 79/79 76/76
f 80/80 76/76 79/79
f 81/81 77/77 82/82
f 78/78 82/82 77/77
f 79/79 83/83 80/80
f 84/84 80/80 83/83
f 85/85 81/81 86/86
f 82/82 86/86 81/81
f 84/84 83/83 87/87
f 88/88 87/87 83/83
f 89/89 90/90 86/86
f 85/85 86/86 90/90
f 87/87 88/88 91/91
f 92/92 91/91 88/88
f 93/93 94/94 89/89
f 90/90 89/89 94/94
f 91/91 92/92 95/95
f 96/96 95/95 92/92
f 95/95 96/96 93/93
f 94/94 93/93 96/96
f 97/97 98/98 99/99
f 98/98 97/97 100/100
f 99/99 101/101 102/102
f 101/101 99/99 98/98
f 103/103 99/99 104/104
f 99/99 103/103 97/97
f 97/97 105/105 100/100
f 105/105 97/97 106/106
f 100/100 107/107 98/98
f 107/107 100/100 108/108
f 102/102 109/109 110/110
f 109/109 102/102 101/101
f 104/104 102/102 111/111
f 102/102 104/104 99/99
f 98/98 112/112 101/101
f 112/112 98/98 107/107
f 113/113 103/103 104/104
f 103/103 113/113 114/114
f 103/103 106/106 97/97
f 106/106 103/103 115/115
f 106/106 116/116 105/105
f 116/116 106/106 117/117
f 100/100 118/118 108/108
f 118/118 100/100 105/105
f 107/107 119/119 120/120
f 119/119 107/107 108/108
f 110/110 121/121 122/122
f 121/121 110/110 109/109
f 111/111 110/110 123/123
f 110/110 111/111 102/102
f 101/101 124/124 109/109
f 124/124 101/101 112/112
f 113/113 111/111 125/125
f 111/111 113/113 104/104
f 107/107 126/126 112/112
f 126/126 107/107 120/120
f 127/127 113/113 128/128
f 113/113 127/127 114/114
f 114/114 115/115 103/103
f 115/115 114/114 129/129
f 115/115 117/117 106/106
f 117/117 115/115 130/130
f 131/131 117/117 132/132
f 117/117 131/131 116/116
f 105/105 133/133 118/118
f 133/133 105/105 116/116
f 108/108 134/134 119/119
f 134/134 108/108 118/118
f 119/119 135/135 120/120
f 135/135 119/119 136/136
f 121/121 137/137 122/122
f 137/137 121/121 138/138
f 123/123 122/122 139/139
f 122/122 123/123 110/110
f 109/109 140/140 121/121
f 140/140 109/109 124/124
f 125/125 123/123 141/141
f 123/123 125/125 111/111
f 112/112 142/142 124/124
f 142/142 112/112 126/126
f 128/128 125/125 143/143
f 125/125 128/128 113/113
f 135/135 126/126 120/120
f 126/126 135/135 144/144
f 145/145 128/128 146/146
f 128/128 145/145 127/127
f 127/127 129/129 114/114
f 129/129 127/127 147/147
f 129/129 130/130 115/115
f 130/130 129/129 148/148
f 132/132 130/130 149/149
f 130/130 132/132 117/117
f 150/150 132/132 151/151
f 132/132 150/150 131/131
f 152/152 116/116 131/131
f 116/116 152/152 133/133
f 133/133 134/134 118/118
f 134/134 133/133 153/153
f 134/134 136/136 119/119
f 136/136 134/134 154/154
f 136/136 155/155 135/135
f 155/155 136/136 156/156
f 138/138 157/157 137/137
f 157/157 138/138 158/158
f 122/122 159/159 139/139
f 159/159 122/122 137/137
f 140/140 138/138 121/121
f 138/138 140/140 160/160
f 141/141 139/139 161/161
f 139/139 141/141 123/123
f 142/142 140/140 124/124
f 140/140 142/142 162/162
f 143/143 141/141 163/163
f 141/141 143/143 125/125
f 144/144 142/142 126/126
f 142/142 144/144 164/164
f 146/146 143/143 165/165
f 143/143 146/146 128/128
f 155/155 144/144 135/135
f 144/144 155/155 166/166
f 167/167 168/168 169/169
f 168/168 167/167 170/170
f 145/145 147/147 127/127
f 147/147 145/145 171/171
f 147/147 148/148 129/129
f 148/148 147/147 172/172
f 149/149 148/148 173/173
f 148/148 149/149 130/130
f 151/151 149/149 174/174
f 149/149 151/151 132/132
f 175/175 151/151 176/176
f 151/151 175/175 150/150
f 177/177 131/131 150/150
f 131/131 177/177 152/152
f 152/152 153/153 133/133
f 153/153 152/152 178/178
f 153/153 154/154 134/134
f 154/154 153/153 179/179
f 154/154 156/156 136/136
f 156/156 154/154 180/180
f 181/181 182/182 183/183
f 182/182 181/181 184/184
f 158/158 185/185 157/157
f 185/185 158/158 186/186
f 137/137 187/187 159/159
f 187/187 137/137 157/157
f 160/160 158/158 138/138
f 158/158 160/160 188/188
f 139/139 189/189 161/161
f 189/189 139/139 159/159
f 162/162 160/160 140/140
f 160/160 162/162 190/190
f 163/163 161/161 191/191
f 161/161 163/163 141/141
f 164/164 162/162 142/142
f 162/162 164/164 192/192
f 165/165 163/163 193/193
f 163/163 165/165 143/143
f 166/166 164/164 144/144
f 164/164 166/166 194/194
f 169/169 195/195 196/196
f 195/195 169/169 168/168
f 182/182 197/197 183/183
f 197/197 182/182 198/198
f 199/199 200/200 201/201
f 200/200 199/199 202/202
f 203/203 170/170 167/167
f 170/170 203/203 204/204
f 171/171 172/172 147/147
f 172/172 171/171 205/205
f 173/173 172/172 206/206
f 172/172 173/173 148/148
f 174/174 173/173 207/207
f 173/173 174/174 149/149
f 176/176 174/174 208/208
f 174/174 176/176 151/151
f 209/209 176/176 210/210
f 176/176 209/209 175/175
f 211/211 150/150 175/175
f 150/150 211/211 177/177
f 212/212 152/152 177/177
f 152/152 212/212 178/178
f 178/178 179/179 153/153
f 179/179 178/178 213/213
f 179/179 180/180 154/154
f 180/180 179/179 214/214
f 215/215 184/184 181/181
f 184/184 215/215 216/216
f 184/184 217/217 182/182
f 217/217 184/184 218/218
f 186/186 219/219 185/185
f 219/219 186/186 220/220
f 157/157 221/221 187/187
f 221/221 157/157 185/185
f 188/188 186/186 158/158
f 186/186 188/188 222/222
f 159/159 223/223 189/189
f 223/223 159/159 187/187
f 190/190 188/188 160/160
f 188/188 190/190 224/224
f 161/161 225/225 191/191
f 225/225 161/161 189/189
f 192/192 190/190 162/162
f 190/190 192/192 226/226
f 193/193 191/191 227/227
f 191/191 193/193 163/163
f 194/194 192/192 164/164
f 192/192 194/194 228/228
f 196/196 229/229 230/230
f 229/229 196/196 195/195
f 198/198 231/231 197/197
f 231/231 198/198 232/232
f 201/201 233/233 234/234
f 233/233 201/201 200/200
f 217/217 198/198 182/182
f 198/198 217/217 235/235
f 236/236 201/201 237/237
f 201/201 236/236 199/199
f 199/199 238/238 202/202
f 238/238 199/199 239/239
f 240/240 204/204 203/203
f 204/204 240/240 241/241
f 206/206 205/205 242/242
f 205/205 206/206 172/172
f 207/207 206/206 243/243
f 206/206 207/207 173/173
f 208/208 207/207 244/244
f 207/207 208/208 174/174
f 210/210 208/208 245/245
f 208/208 210/210 176/176
f 246/246 210/210 247/247
f 210/210 246/246 209/209
f 248/248 175/175 209/209
f 175/175 248/248 211/211
f 249/249 177/177 211/211
f 177/177 249/249 212/212
f 212/212 213/213 178/178
f 213/213 212/212 250/250
f 213/213 214/214 179/179
f 214/214 213/213 251/251
f 252/252 216/216 215/215
f 216/216 252/252 253/253
f 216/216 218/218 184/184
f 218/218 216/216 254/254
f 218/218 255/255 217/217
f 255/255 218/218 256/256
f 220/220 257/257 219/219
f 257/257 220/220 258/258
f 185/185 259/259 221/221
f 259/259 185/185 219/219
f 222/222 220/220 186/186
f 220/220 222/222 260/260
f 187/187 261/261 223/223
f 261/261 187/187 221/221
f 224/224 222/222 188/188
f 222/222 224/224 262/262
f 189/189 263/263 225/225
f 263/263 189/189 223/223
f 226/226 224/224 190/190
f 224/224 226/226 264/264
f 191/191 265/265 227/227
f 265/265 191/191 225/225
f 228/228 226/226 192/192
f 226/226 228/228 266/266
f 230/230 267/267 268/268
f 267/267 230/230 229/229
f 232/232 269/269 231/231
f 269/269 232/232 270/270
f 234/234 271/271 272/272
f 271/271 234/234 233/233
f 235/235 232/232 198/198
f 232/232 235/235 273/273
f 274/274 201/201 234/234
f 201/201 274/274 237/237
f 255/255 235/235 217/217
f 235/235 255/255 275/275
f 276/276 236/236 237/237
f 236/236 276/276 277/277
f 278/278 199/199 236/236
f 199/199 278/278 239/239
f 239/239 279/279 238/238
f 279/279 239/239 280/280
f 281/281 240/240 282/282
f 240/240 281/281 241/241
f 243/243 242/242 283/283
f 242/242 243/243 206/206
f 244/244 243/243 284/284
f 243/243 244/244 207/207
f 245/245 244/244 285/285
f 244/244 245/245 208/208
f 247/247 245/245 286/286
f 245/245 247/247 210/210
f 287/287 247/247 288/288
f 247/247 287/287 246/246
f 289/289 209/209 246/246
f 209/209 289/289 248/248
f 290/290 211/211 248/248
f 211/211 290/290 249/249
f 249/249 250/250 212/212
f 250/250 249/249 291/291
f 250/250 251/251 213/213
f 251/251 250/250 292/292
f 293/293 253/253 252/252
f 253/253 293/293 294/294
f 253/253 254/254 216/216
f 254/254 253/253 295/295
f 254/254 256/256 218/218
f 256/256 254/254 296/296
f 256/256 297/297 255/255
f 297/297 256/256 298/298
f 258/258 299/299 257/257
f 299/299 258/258 300/300
f 219/219 301/301 259/259
f 301/301 219/219 257/257
f 260/260 258/258 220/220
f 258/258 260/260 302/302
f 221/221 303/303 261/261
f 303/303 221/221 259/259
f 262/262 260/260 222/222
f 260/260 262/262 304/304
f 223/223 305/305 263/263
f 305/305 223/223 261/261
f 264/264 262/262 224/224
f 262/262 264/264 306/306
f 225/225 307/307 265/265
f 307/307 225/225 263/263
f 266/266 264/264 226/226
f 264/264 266/266 308/308
f 267/267 309/309 268/268
f 309/309 267/267 310/310
f 270/270 311/311 269/269
f 311/311 270/270 312/312
f 272/272 313/313 314/314
f 313/313 272/272 271/271
f 273/273 270/270 232/232
f 270/270 273/273 315/315
f 316/316 234/234 272/272
f 234/234 316/316 274/274
f 275/275 273/273 235/235
f 273/273 275/275 317/317
f 318/318 237/237 274/274
f 237/237 318/318 276/276
f 297/297 275/275 255/255
f 275/275 297/297 319/319
f 320/320 276/276 321/321
f 276/276 320/320 277/277
f 322/322 236/236 277/277
f 236/236 322/322 278/278
f 323/323 239/239 278/278
f 239/239 323/323 280/280
f 324/324 280/280 325/325
f 280/280 324/324 279/279
f 326/326 282/282 327/327
f 282/282 326/326 281/281
f 284/284 283/283 328/328
f 283/283 284/284 243/243
f 285/285 284/284 329/329
f 284/284 285/285 244/244
f 286/286 285/285 330/330
f 285/285 286/286 245/245
f 288/288 286/286 331/331
f 286/286 288/288 247/247
f 287/287 332/332 333/333
f 332/332 287/287 288/288
f 334/334 246/246 287/287
f 246/246 334/334 289/289
f 335/335 248/248 289/289
f 248/248 335/335 290/290
f 290/290 291/291 249/249
f 291/291 290/290 336/336
f 291/291 292/292 250/250
f 292/292 291/291 337/337
f 338/338 294/294 293/293
f 294/294 338/338 339/339
f 294/294 295/295 253/253
f 295/295 294/294 340/340
f 295/295 296/296 254/254
f 296/296 295/295 341/341
f 296/296 298/298 256/256
f 298/298 296/296 342/342
f 298/298 343/343 297/297
f 343/343 298/298 344/344
f 300/300 345/345 299/299
f 345/345 300/300 346/346
f 257/257 347/347 301/301
f 347/347 257/257 299/299
f 302/302 300/300 258/258
f 300/300 302/302 348/348
f 259/259 349/349 303/303
f 349/349 259/259 301/301
f 304/304 302/302 260/260
f 302/302 304/304 350/350
f 261/261 351/351 305/305
f 351/351 261/261 303/303
f 352/352 262/262 306/306
f 262/262 352/352 304/304
f 263/263 353/353 307/307
f 353/353 263/263 305/305
f 308/308 306/306 264/264
f 306/306 308/308 354/354
f 310/310 355/355 309/309
f 355/355 310/310 356/356
f 312/312 357/357 311/311
f 357/357 312/312 358/358
f 313/313 359/359 314/314
f 359/359 313/313 360/360
f 315/315 312/312 270/270
f 312/312 315/315 361/361
f 362/362 272/272 314/314
f 272/272 362/362 316/316
f 317/317 315/315 273/273
f 315/315 317/317 363/363
f 364/364 274/274 316/316
f 274/274 364/364 318/318
f 319/319 317/317 275/275
f 317/317 319/319 365/365
f 366/366 276/276 318/318
f 276/276 366/366 321/321
f 297/297 367/367 319/319
f 367/367 297/297 343/343
f 368/368 321/321 369/369
f 321/321 368/368 320/320
f 370/370 277/277 320/320
f 277/277 370/370 322/322
f 371/371 278/278 322/322
f 278/278 371/371 323/323
f 325/325 323/323 372/372
f 323/323 325/325 280/280
f 373/373 325/325 374/374
f 325/325 373/373 324/324
f 375/375 327/327 376/376
f 327/327 375/375 326/326
f 329/329 328/328 377/377
f 328/328 329/329 284/284
f 330/330 329/329 378/378
f 329/329 330/330 285/285
f 331/331 330/330 379/379
f 330/330 331/331 286/286
f 288/288 380/380 332/332
f 380/380 288/288 331/331
f 333/333 381/381 382/382
f 381/381 333/333 332/332
f 334/334 333/333 383/383
f 333/333 334/334 287/287
f 289/289 384/384 335/335
f 384/384 289/289 334/334
f 290/290 385/385 336/336
f 385/385 290/290 335/335
f 336/336 337/337 291/291
f 337/337 336/336 386/386
f 387/387 339/339 338/338
f 339/339 387/387 388/388
f 339/339 340/340 294/294
f 340/340 339/339 389/389
f 340/340 341/341 295/295
f 341/341 340/340 390/390
f 341/341 342/342 296/296
f 342/342 341/341 391/391
f 298/298 392/392 344/344
f 392/392 298/298 342/342
f 344/344 393/393 343/343
f 393/393 344/344 394/394
f 346/346 395/395 345/345
f 395/395 346/346 396/396
f 299/299 397/397 347/347
f 397/397 299/299 345/345
f 348/348 346/346 300/300
f 346/346 348/348 398/398
f 301/301 399/399 349/349
f 399/399 301/301 347/347
f 400/400 302/302 350/350
f 302/302 400/400 348/348
f 303/303 401/401 351/351
f 401/401 303/303 349/349
f 402/402 304/304 352/352
f 304/304 402/402 350/350
f 305/305 403/403 353/353
f 403/403 305/305 351/351
f 354/354 352/352 306/306
f 352/352 354/354 404/404
f 356/356 405/405 355/355
f 405/405 356/356 406/406
f 358/358 407/407 357/357
f 407/407 358/358 408/408
f 360/360 409/409 359/359
f 409/409 360/360 410/410
f 361/361 358/358 312/312
f 358/358 361/361 411/411
f 314/314 412/412 362/362
f 412/412 314/314 359/359
f 363/363 361/361 315/315
f 361/361 363/363 413/413
f 414/414 316/316 362/362
f 316/316 414/414 364/364
f 365/365 363/363 317/317
f 363/363 365/365 415/415
f 416/416 318/318 364/364
f 318/318 416/416 366/366
f 319/319 417/417 365/365
f 417/417 319/319 367/367
f 418/418 321/321 366/366
f 321/321 418/418 369/369
f 343/343 419/419 367/367
f 419/419 343/343 393/393
f 420/420 369/369 421/421
f 369/369 420/420 368/368
f 422/422 320/320 368/368
f 320/320 422/422 370/370
f 423/423 322/322 370/370
f 322/322 423/423 371/371
f 372/372 371/371 424/424
f 371/371 372/372 323/323
f 374/374 372/372 425/425
f 372/372 374/374 325/325
f 426/426 374/374 427/427
f 374/374 426/426 373/373
f 428/428 376/376 429/429
f 376/376 428/428 375/375
f 378/378 377/377 430/430
f 377/377 378/378 329/329
f 379/379 378/378 431/431
f 378/378 379/379 330/330
f 331/331 432/432 380/380
f 432/432 331/331 379/379
f 332/332 433/433 381/381
f 433/433 332/332 380/380
f 382/382 434/434 435/435
f 434/434 382/382 381/381
f 383/383 382/382 436/436
f 382/382 383/383 333/333
f 334/334 437/437 384/384
f 437/437 334/334 383/383
f 335/335 438/438 385/385
f 438/438 335/335 384/384
f 336/336 439/439 386/386
f 439/439 336/336 385/385
f 440/440 388/388 387/387
f 388/388 440/440 441/441
f 388/388 389/389 339/339
f 389/389 388/388 442/442
f 389/389 390/390 340/340
f 390/390 389/389 443/443
f 390/390 391/391 341/341
f 391/391 390/390 444/444
f 391/391 392/392 342/342
f 392/392 391/391 445/445
f 344/344 446/446 394/394
f 446/446 344/344 392/392
f 394/394 447/447 393/393
f 447/447 394/394 448/448
f 396/396 434/434 395/395
f 434/434 396/396 435/435
f 345/345 449/449 397/397
f 449/449 345/345 395/395
f 398/398 396/396 346/346
f 396/396 398/398 450/450
f 347/347 451/451 399/399
f 451/451 347/347 397/397
f 452/452 348/348 400/400
f 348/348 452/452 398/398
f 349/349 453/453 401/401
f 453/453 349/349 399/399
f 454/454 350/350 402/402
f 350/350 454/454 400/400
f 351/351 455/455 403/403
f 455/455 351/351 401/401
f 456/456 352/352 404/404
f 352/352 456/456 402/402
f 406/406 457/457 405/405
f 457/457 406/406 458/458
f 459/459 407/407 408/408
f 407/407 459/459 460/460
f 410/410 461/461 409/409
f 461/461 410/410 462/462
f 411/411 408/408 358/358
f 408/408 411/411 463/463
f 359/359 464/464 412/412
f 464/464 359/359 409/409
f 413/413 411/411 361/361
f 411/411 413/413 465/465
f 362/362 466/466 414/414
f 466/466 362/362 412/412
f 415/415 413/413 363/363
f 413/413 415/415 467/467
f 468/468 364/364 414/414
f 364/364 468/468 416/416
f 417/417 415/415 365/365
f 415/415 417/417 469/469
f 470/470 366/366 416/416
f 366/366 470/470 418/418
f 367/367 471/471 417/417
f 471/471 367/367 419/419
f 472/472 369/369 418/418
f 369/369 472/472 421/421
f 393/393 473/473 419/419
f 473/473 393/393 447/447
f 474/474 421/421 475/475
f 421/421 474/474 420/420
f 476/476 368/368 420/420
f 368/368 476/476 422/422
f 477/477 370/370 422/422
f 370/370 477/477 423/423
f 424/424 423/423 478/478
f 423/423 424/424 371/371
f 425/425 424/424 479/479
f 424/424 425/425 372/372
f 427/427 425/425 480/480
f 425/425 427/427 374/374
f 481/481 427/427 482/482
f 427/427 481/481 426/426
f 483/483 429/429 484/484
f 429/429 483/483 428/428
f 431/431 430/430 485/485
f 430/430 431/431 378/378
f 379/379 486/486 432/432
f 486/486 379/379 431/431
f 380/380 487/487 433/433
f 487/487 380/380 432/432
f 434/434 433/433 488/488
f 433/433 434/434 381/381
f 436/436 435/435 489/489
f 435/435 436/436 382/382
f 437/437 436/436 490/490
f 436/436 437/437 383/383
f 384/384 491/491 438/438
f 491/491 384/384 437/437
f 385/385 492/492 439/439
f 492/492 385/385 438/438
f 440/440 493/493 441/441
f 493/493 440/440 494/494
f 441/441 442/442 388/388
f 442/442 441/441 495/495
f 442/442 443/443 389/389
f 443/443 442/442 496/496
f 443/443 444/444 390/390
f 444/444 443/443 497/497
f 444/444 445/445 391/391
f 445/445 444/444 498/498
f 392/392 499/499 446/446
f 499/499 392/392 445/445
f 394/394 500/500 448/448
f 500/500 394/394 446/446
f 448/448 501/501 447/447
f 501/501 448/448 502/502
f 395/395 488/488 449/449
f 488/488 395/395 434/434
f 450/450 435/435 396/396
f 435/435 450/450 489/489
f 397/397 503/503 451/451
f 503/503 397/397 449/449
f 452/452 450/450 398/398
f 450/450 452/452 504/504
f 399/399 505/505 453/453
f 505/505 399/399 451/451
f 506/506 400/400 454/454
f 400/400 506/506 452/452
f 401/401 507/507 455/455
f 507/507 401/401 453/453
f 508/508 402/402 456/456
f 402/402 508/508 454/454
f 458/458 509/509 457/457
f 509/509 458/458 510/510
f 511/511 460/460 459/459
f 460/460 511/511 512/512
f 462/462 513/513 461/461
f 513/513 462/462 514/514
f 463/463 459/459 408/408
f 459/459 463/463 515/515
f 409/409 516/516 464/464
f 516/516 409/409 461/461
f 465/465 463/463 411/411
f 463/463 465/465 517/517
f 412/412 518/518 466/466
f 518/518 412/412 464/464
f 467/467 465/465 413/413
f 465/465 467/467 519/519
f 414/414 520/520 468/468
f 520/520 414/414 466/466
f 469/469 467/467 415/415
f 467/467 469/469 521/521
f 522/522 416/416 468/468
f 416/416 522/522 470/470
f 417/417 523/523 469/469
f 523/523 417/417 471/471
f 524/524 418/418 470/470
f 418/418 524/524 472/472
f 419/419 525/525 471/471
f 525/525 419/419 473/473
f 526/526 421/421 472/472
f 421/421 526/526 475/475
f 447/447 527/527 473/473
f 527/527 447/447 501/501
f 528/528 474/474 475/475
f 474/474 528/528 529/529
f 530/530 420/420 474/474
f 420/420 530/530 476/476
f 531/531 422/422 476/476
f 422/422 531/531 477/477
f 478/478 477/477 532/532
f 477/477 478/478 423/423
f 479/479 478/478 533/533
f 478/478 479/479 424/424
f 480/480 479/479 534/534
f 479/479 480/480 425/425
f 482/482 480/480 535/535
f 480/480 482/482 427/427
f 536/536 482/482 537/537
f 482/482 536/536 481/481
f 538/538 484/484 539/539
f 484/484 538/538 483/483
f 431/431 540/540 486/486
f 540/540 431/431 485/485
f 432/432 541/541 487/487
f 541/541 432/432 486/486
f 433/433 542/542 488/488
f 542/542 433/433 487/487
f 490/490 489/489 543/543
f 489/489 490/490 436/436
f 437/437 544/544 491/491
f 544/544 437/437 490/490
f 438/438 545/545 492/492
f 545/545 438/438 491/491
f 494/494 546/546 493/493
f 546/546 494/494 547/547
f 441/441 548/548 495/495
f 548/548 441/441 493/493
f 495/495 496/496 442/442
f 496/496 495/495 549/549
f 496/496 497/497 443/443
f 497/497 496/496 550/550
f 551/551 444/444 497/497
f 444/444 551/551 498/498
f 552/552 445/445 498/498
f 445/445 552/552 499/499
f 446/446 553/553 500/500
f 553/553 446/446 499/499
f 448/448 554/554 502/502
f 554/554 448/448 500/500
f 501/501 555/555 556/556
f 555/555 501/501 502/502
f 449/449 542/542 503/503
f 542/542 449/449 488/488
f 504/504 489/489 450/450
f 489/489 504/504 543/543
f 451/451 557/557 505/505
f 557/557 451/451 503/503
f 558/558 452/452 506/506
f 452/452 558/558 504/504
f 453/453 559/559 507/507
f 559/559 453/453 505/505
f 560/560 454/454 508/508
f 454/454 560/560 506/506
f 510/510 561/561 509/509
f 561/561 510/510 562/562
f 563/563 512/512 511/511
f 512/512 563/563 564/564
f 514/514 565/565 513/513
f 565/565 514/514 566/566
f 567/567 459/459 515/515
f 459/459 567/567 511/511
f 461/461 568/568 516/516
f 568/568 461/461 513/513
f 517/517 515/515 463/463
f 515/515 517/517 569/569
f 464/464 570/570 518/518
f 570/570 464/464 516/516
f 519/519 517/517 465/465
f 517/517 519/519 571/571
f 466/466 572/572 520/520
f 572/572 466/466 518/518
f 521/521 519/519 467/467
f 519/519 521/521 573/573
f 468/468 574/574 522/522
f 574/574 468/468 520/520
f 523/523 521/521 469/469
f 521/521 523/523 575/575
f 576/576 470/470 522/522
f 470/470 576/576 524/524
f 471/471 577/577 523/523
f 577/577 471/471 525/525
f 578/578 472/472 524/524
f 472/472 578/578 526/526
f 473/473 579/579 525/525
f 579/579 473/473 527/527
f 526/526 528/528 475/475
f 528/528 526/526 580/580
f 501/501 581/581 527/527
f 581/581 501/501 556/556
f 582/582 529/529 528/528
f 529/529 582/582 583/583
f 529/529 530/530 474/474
f 530/530 529/529 584/584
f 530/530 531/531 476/476
f 531/531 530/530 585/585
f 532/532 531/531 586/586
f 531/531 532/532 477/477
f 533/533 532/532 587/587
f 532/532 533/533 478/478
f 534/534 533/533 588/588
f 533/533 534/534 479/479
f 535/535 534/534 589/589
f 534/534 535/535 480/480
f 537/537 535/535 590/590
f 535/535 537/537 482/482
f 591/591 537/537 592/592
f 537/537 591/591 536/536
f 538/538 593/593 594/594
f 593/593 538/538 539/539
f 486/486 595/595 541/541
f 595/595 486/486 540/540
f 487/487 596/596 542/542
f 596/596 487/487 541/541
f 490/490 597/597 544/544
f 597/597 490/490 543/543
f 491/491 598/598 545/545
f 598/598 491/491 544/544
f 547/547 599/599 546/546
f 599/599 547/547 600/600
f 493/493 601/601 548/548
f 601/601 493/493 546/546
f 495/495 602/602 549/549
f 602/602 495/495 548/548
f 549/549 550/550 496/496
f 550/550 549/549 603/603
f 604/604 497/497 550/550
f 497/497 604/604 551/551
f 605/605 498/498 551/551
f 498/498 605/605 552/552
f 606/606 499/499 552/552
f 499/499 606/606 553/553
f 500/500 607/607 554/554
f 607/607 500/500 553/553
f 502/502 608/608 555/555
f 608/608 502/502 554/554
f 555/555 609/609 556/556
f 609/609 555/555 610/610
f 503/503 596/596 557/557
f 596/596 503/503 542/542
f 597/597 504/504 558/558
f 504/504 597/597 543/543
f 505/505 611/611 559/559
f 611/611 505/505 557/557
f 612/612 506/506 560/560
f 506/506 612/612 558/558
f 613/613 561/561 562/562
f 561/561 613/613 614/614
f 615/615 564/564 563/563
f 564/564 615/615 616/616
f 566/566 617/617 565/565
f 617/617 566/566 618/618
f 619/619 511/511 567/567
f 511/511 619/619 563/563
f 513/513 620/620 568/568
f 620/620 513/513 565/565
f 621/621 515/515 569/569
f 515/515 621/621 567/567
f 516/516 622/622 570/570
f 622/622 516/516 568/568
f 623/623 517/517 571/571
f 517/517 623/623 569/569
f 518/518 624/624 572/572
f 624/624 518/518 570/570
f 573/573 571/571 519/519
f 571/571 573/573 625/625
f 520/520 626/626 574/574
f 626/626 520/520 572/572
f 575/575 573/573 521/521
f 573/573 575/575 627/627
f 522/522 628/628 576/576
f 628/628 522/522 574/574
f 577/577 575/575 523/523
f 575/575 577/577 629/629
f 576/576 578/578 524/524
f 578/578 576/576 630/630
f 525/525 631/631 577/577
f 631/631 525/525 579/579
f 578/578 580/580 526/526
f 580/580 578/578 632/632
f 527/527 633/633 579/579
f 633/633 527/527 581/581
f 580/580 582/582 528/528
f 582/582 580/580 634/634
f 556/556 635/635 581/581
f 635/635 556/556 609/609
f 636/636 583/583 582/582
f 583/583 636/636 637/637
f 583/583 584/584 529/529
f 584/584 583/583 638/638
f 584/584 585/585 530/530
f 585/585 584/584 639/639
f 585/585 586/586 531/531
f 586/586 585/585 640/640
f 587/587 586/586 641/641
f 586/586 587/587 532/532
f 588/588 587/587 642/642
f 587/587 588/588 533/533
f 589/589 588/588 643/643
f 588/588 589/589 534/534
f 590/590 589/589 644/644
f 589/589 590/590 535/535
f 592/592 590/590 645/645
f 590/590 592/592 537/537
f 591/591 646/646 647/647
f 646/646 591/591 592/592
f 594/594 648/648 649/649
f 648/648 594/594 593/593
f 596/596 595/595 650/650
f 595/595 596/596 541/541
f 544/544 651/651 598/598
f 651/651 544/544 597/597
f 600/600 652/652 599/599
f 652/652 600/600 653/653
f 546/546 654/654 601/601
f 654/654 546/546 599/599
f 548/548 655/655 602/602
f 655/655 548/548 601/601
f 549/549 656/656 603/603
f 656/656 549/549 602/602
f 657/657 550/550 603/603
f 550/550 657/657 604/604
f 658/658 551/551 604/604
f 551/551 658/658 605/605
f 659/659 552/552 605/605
f 552/552 659/659 606/606
f 660/660 553/553 606/606
f 553/553 660/660 607/607
f 554/554 661/661 608/608
f 661/661 554/554 607/607
f 555/555 662/662 610/610
f 662/662 555/555 608/608
f 609/609 663/663 664/664
f 663/663 609/609 610/610
f 557/557 650/650 611/611
f 650/650 557/557 596/596
f 651/651 558/558 612/612
f 558/558 651/651 597/597
f 665/665 614/614 613/613
f 614/614 665/665 666/666
f 667/667 616/616 615/615
f 616/616 667/667 668/668
f 618/618 669/669 617/617
f 669/669 618/618 670/670
f 671/671 563/563 619/619
f 563/563 671/671 615/615
f 565/565 672/672 620/620
f 672/672 565/565 617/617
f 673/673 567/567 621/621
f 567/567 673/673 619/619
f 568/568 674/674 622/622
f 674/674 568/568 620/620
f 675/675 569/569 623/623
f 569/569 675/675 621/621
f 570/570 676/676 624/624
f 676/676 570/570 622/622
f 625/625 623/623 571/571
f 623/623 625/625 677/677
f 572/572 678/678 626/626
f 678/678 572/572 624/624
f 627/627 625/625 573/573
f 625/625 627/627 679/679
f 574/574 680/680 628/628
f 680/680 574/574 626/626
f 629/629 627/627 575/575
f 627/627 629/629 681/681
f 628/628 630/630 576/576
f 630/630 628/628 682/682
f 631/631 629/629 577/577
f 629/629 631/631 683/683
f 630/630 632/632 578/578
f 632/632 630/630 684/684
f 579/579 685/685 631/631
f 685/685 579/579 633/633
f 632/632 634/634 580/580
f 634/634 632/632 686/686
f 581/581 687/687 633/633
f 687/687 581/581 635/635
f 634/634 636/636 582/582
f 636/636 634/634 688/688
f 609/609 689/689 635/635
f 689/689 609/609 664/664
f 690/690 637/637 636/636
f 637/637 690/690 691/691
f 637/637 638/638 583/583
f 638/638 637/637 692/692
f 638/638 639/639 584/584
f 639/639 638/638 693/693
f 639/639 640/640 585/585
f 640/640 639/639 694/694
f 641/641 640/640 695/695
f 640/640 641/641 586/586
f 642/642 641/641 696/696
f 641/641 642/642 587/587
f 643/643 642/642 697/697
f 642/642 643/643 588/588
f 644/644 643/643 698/698
f 643/643 644/644 589/589
f 645/645 644/644 699/699
f 644/644 645/645 590/590
f 646/646 645/645 700/700
f 645/645 646/646 592/592
f 647/647 701/701 702/702
f 701/701 647/647 646/646
f 649/649 703/703 704/704
f 703/703 649/649 648/648
f 653/653 705/705 652/652
f 705/705 653/653 706/706
f 599/599 707/707 654/654
f 707/707 599/599 652/652
f 601/601 708/708 655/655
f 708/708 601/601 654/654
f 602/602 709/709 656/656
f 709/709 602/602 655/655
f 710/710 603/603 656/656
f 603/603 710/710 657/657
f 711/711 604/604 657/657
f 604/604 711/711 658/658
f 712/712 605/605 658/658
f 605/605 712/712 659/659
f 713/713 606/606 659/659
f 606/606 713/713 660/660
f 714/714 607/607 660/660
f 607/607 714/714 661/661
f 608/608 715/715 662/662
f 715/715 608/608 661/661
f 610/610 716/716 663/663
f 716/716 610/610 662/662
f 663/663 717/717 664/664
f 717/717 663/663 718/718
f 704/704 666/666 665/665
f 666/666 704/704 703/703
f 705/705 668/668 667/667
f 668/668 705/705 706/706
f 670/670 719/719 669/669
f 719/719 670/670 720/720
f 721/721 615/615 671/671
f 615/615 721/721 667/667
f 669/669 672/672 617/617
f 672/672 669/669 722/722
f 723/723 619/619 673/673
f 619/619 723/723 671/671
f 620/620 724/724 674/674
f 724/724 620/620 672/672
f 725/725 621/621 675/675
f 621/621 725/725 673/673
f 622/622 726/726 676/676
f 726/726 622/622 674/674
f 677/677 675/675 623/623
f 675/675 677/677 727/727
f 624/624 728/728 678/678
f 728/728 624/624 676/676
f 679/679 677/677 625/625
f 677/677 679/679 729/729
f 626/626 730/730 680/680
f 730/730 626/626 678/678
f 681/681 679/679 627/627
f 679/679 681/681 731/731
f 628/628 732/732 682/682
f 732/732 628/628 680/680
f 683/683 681/681 629/629
f 681/681 683/683 733/733
f 682/682 684/684 630/630
f 684/684 682/682 734/734
f 685/685 683/683 631/631
f 683/683 685/685 735/735
f 684/684 686/686 632/632
f 686/686 684/684 736/736
f 633/633 737/737 685/685
f 737/737 633/633 687/687
f 686/686 688/688 634/634
f 688/688 686/686 738/738
f 635/635 739/739 687/687
f 739/739 635/635 689/689
f 688/688 690/690 636/636
f 690/690 688/688 740/740
f 664/664 741/741 689/689
f 741/741 664/664 717/717
f 742/742 691/691 690/690
f 691/691 742/742 743/743
f 691/691 692/692 637/637
f 692/692 691/691 744/744
f 692/692 693/693 638/638
f 693/693 692/692 745/745
f 693/693 694/694 639/639
f 694/694 693/693 746/746
f 694/694 695/695 640/640
f 695/695 694/694 747/747
f 696/696 695/695 748/748
f 695/695 696/696 641/641
f 697/697 696/696 749/749
f 696/696 697/697 642/642
f 698/698 697/697 750/750
f 697/697 698/698 643/643
f 699/699 698/698 751/751
f 698/698 699/699 644/644
f 700/700 699/699 752/752
f 699/699 700/700 645/645
f 701/701 700/700 753/753
f 700/700 701/701 646/646
f 702/702 754/754 755/755
f 754/754 702/702 701/701
f 652/652 756/756 707/707
f 756/756 652/652 705/705
f 654/654 757/757 708/708
f 757/757 654/654 707/707
f 655/655 758/758 709/709
f 758/758 655/655 708/708
f 656/656 759/759 710/710
f 759/759 656/656 709/709
f 760/760 657/657 710/710
f 657/657 760/760 711/711
f 761/761 658/658 711/711
f 658/658 761/761 712/712
f 762/762 659/659 712/712
f 659/659 762/762 713/713
f 763/763 660/660 713/713
f 660/660 763/763 714/714
f 764/764 661/661 714/714
f 661/661 764/764 715/715
f 662/662 765/765 716/716
f 765/765 662/662 715/715
f 663/663 766/766 718/718
f 766/766 663/663 716/716
f 767/767 768/768 769/769
f 768/768 767/767 770/770
f 770/770 767/767 771/771
f 771/771 767/767 772/772
f 771/771 772/772 773/773
f 773/773 772/772 774/774
f 774/774 772/772 775/775
f 774/774 775/775 776/776
f 776/776 775/775 777/777
f 776/776 777/777 778/778
f 778/778 777/777 779/779
f 778/778 779/779 780/780
f 780/780 779/779 781/781
f 781/781 779/779 782/782
f 781/781 782/782 783/783
f 783/783 782/782 784/784
f 783/783 784/784 785/785
f 785/785 784/784 786/786
f 786/786 784/784 787/787
f 786/786 787/787 788/788
f 788/788 787/787 789/789
f 789/789 787/787 790/790
f 790/790 787/787 791/791
f 790/790 791/791 792/792
f 793/793 794/794 795/795
f 794/794 793/793 769/769
f 794/794 769/769 796/796
f 796/796 769/769 797/797
f 797/797 769/769 768/768
f 797/797 768/768 798/798
f 797/797 798/798 799/799
f 797/797 799/799 800/800
f 800/800 799/799 801/801
f 800/800 801/801 802/802
f 800/800 802/802 803/803
f 803/803 802/802 804/804
f 803/803 804/804 805/805
f 805/805 804/804 806/806
f 805/805 806/806 807/807
f 805/805 807/807 808/808
f 808/808 807/807 809/809
f 808/808 809/809 810/810
f 810/810 809/809 811/811
f 810/810 811/811 812/812
f 812/812 811/811 813/813
f 812/812 813/813 814/814
f 812/812 814/814 789/789
f 789/789 814/814 788/788
f 720/720 754/754 719/719
f 754/754 720/720 755/755
f 756/756 667/667 721/721
f 667/667 756/756 705/705
f 719/719 722/722 669/669
f 722/722 719/719 815/815
f 816/816 671/671 723/723
f 671/671 816/816 721/721
f 722/722 724/724 672/672
f 724/724 722/722 817/817
f 818/818 673/673 725/725
f 673/673 818/818 723/723
f 674/674 819/819 726/726
f 819/819 674/674 724/724
f 820/820 675/675 727/727
f 675/675 820/820 725/725
f 676/676 821/821 728/728
f 821/821 676/676 726/726
f 729/729 727/727 677/677
f 727/727 729/729 822/822
f 678/678 823/823 730/730
f 823/823 678/678 728/728
f 731/731 729/729 679/679
f 729/729 731/731 824/824
f 680/680 825/825 732/732
f 825/825 680/680 730/730
f 733/733 731/731 681/681
f 731/731 733/733 826/826
f 732/732 734/734 682/682
f 734/734 732/732 827/827
f 735/735 733/733 683/683
f 733/733 735/735 828/828
f 734/734 736/736 684/684
f 736/736 734/734 829/829
f 737/737 735/735 685/685
f 735/735 737/737 830/830
f 736/736 738/738 686/686
f 738/738 736/736 831/831
f 687/687 832/832 737/737
f 832/832 687/687 739/739
f 738/738 740/740 688/688
f 740/740 738/738 833/833
f 689/689 834/834 739/739
f 834/834 689/689 741/741
f 740/740 742/742 690/690
f 742/742 740/740 835/835
f 836/836 837/837 838/838
f 837/837 836/836 839/839
f 743/743 744/744 691/691
f 744/744 743/743 840/840
f 744/744 745/745 692/692
f 745/745 744/744 841/841
f 745/745 746/746 693/693
f 746/746 745/745 842/842
f 746/746 747/747 694/694
f 747/747 746/746 843/843
f 747/747 748/748 695/695
f 748/748 747/747 844/844
f 749/749 748/748 845/845
f 748/748 749/749 696/696
f 750/750 749/749 846/846
f 749/749 750/750 697/697
f 751/751 750/750 847/847
f 750/750 751/751 698/698
f 752/752 751/751 848/848
f 751/751 752/752 699/699
f 753/753 752/752 849/849
f 752/752 753/753 700/700
f 754/754 753/753 850/850
f 753/753 754/754 701/701
f 707/707 851/851 757/757
f 851/851 707/707 756/756
f 708/708 852/852 758/758
f 852/852 708/708 757/757
f 709/709 853/853 759/759
f 853/853 709/709 758/758
f 854/854 710/710 759/759
f 710/710 854/854 760/760
f 855/855 711/711 760/760
f 711/711 855/855 761/761
f 856/856 712/712 761/761
f 712/712 856/856 762/762
f 857/857 713/713 762/762
f 713/713 857/857 763/763
f 858/858 714/714 763/763
f 714/714 858/858 764/764
f 859/859 715/715 764/764
f 715/715 859/859 765/765
f 716/716 860/860 766/766
f 860/860 716/716 765/765
f 861/861 862/862 863/863
f 862/862 861/861 864/864
f 865/865 863/863 866/866
f 863/863 865/865 861/861
f 867/867 866/866 868/868
f 866/866 867/867 865/865
f 869/869 868/868 870/870
f 868/868 869/869 867/867
f 871/871 870/870 872/872
f 870/870 871/871 869/869
f 873/873 872/872 874/874
f 872/872 873/873 871/871
f 875/875 874/874 876/876
f 874/874 875/875 873/873
f 877/877 876/876 878/878
f 876/876 877/877 875/875
f 879/879 878/878 880/880
f 878/878 879/879 877/877
f 881/881 880/880 832/832
f 880/880 881/881 879/879
f 739/739 881/881 832/832
f 881/881 739/739 834/834
f 882/882 765/765 859/859
f 765/765 882/882 860/860
f 883/883 859/859 884/884
f 859/859 883/883 882/882
f 885/885 884/884 886/886
f 884/884 885/885 883/883
f 887/887 886/886 888/888
f 886/886 887/887 885/885
f 889/889 888/888 890/890
f 888/888 889/889 887/887
f 891/891 890/890 892/892
f 890/890 891/891 889/889
f 891/891 893/893 894/894
f 893/893 891/891 892/892
f 894/894 862/862 864/864
f 862/862 894/894 893/893
f 754/754 815/815 719/719
f 815/815 754/754 850/850
f 851/851 721/721 816/816
f 721/721 851/851 756/756
f 815/815 817/817 722/722
f 817/817 815/815 895/895
f 896/896 723/723 818/818
f 723/723 896/896 816/816
f 817/817 819/819 724/724
f 819/819 817/817 897/897
f 898/898 725/725 820/820
f 725/725 898/898 818/818
f 726/726 899/899 821/821
f 899/899 726/726 819/819
f 822/822 820/820 727/727
f 820/820 822/822 900/900
f 728/728 901/901 823/823
f 901/901 728/728 821/821
f 824/824 822/822 729/729
f 822/822 824/824 902/902
f 730/730 903/903 825/825
f 903/903 730/730 823/823
f 826/826 824/824 731/731
f 824/824 826/826 904/904
f 825/825 827/827 732/732
f 827/827 825/825 905/905
f 828/828 826/826 733/733
f 826/826 828/828 906/906
f 827/827 829/829 734/734
f 829/829 827/827 907/907
f 830/830 828/828 735/735
f 828/828 830/830 908/908
f 829/829 831/831 736/736
f 831/831 829/829 909/909
f 832/832 830/830 737/737
f 830/830 832/832 880/880
f 831/831 833/833 738/738
f 833/833 831/831 910/910
f 833/833 835/835 740/740
f 835/835 833/833 911/911
f 912/912 837/837 913/913
f 837/837 912/912 838/838
f 914/914 915/915 916/916
f 915/915 914/914 917/917
f 918/918 839/839 836/836
f 839/839 918/918 919/919
f 920/920 921/921 922/922
f 921/921 920/920 923/923
f 923/923 920/920 924/924
f 923/923 924/924 925/925
f 925/925 924/924 926/926
f 925/925 926/926 927/927
f 927/927 926/926 928/928
f 927/927 928/928 929/929
f 929/929 928/928 930/930
f 929/929 930/930 931/931
f 931/931 930/930 932/932
f 931/931 932/932 933/933
f 933/933 932/932 934/934
f 933/933 934/934 935/935
f 935/935 934/934 936/936
f 935/935 936/936 937/937
f 935/935 937/937 938/938
f 938/938 937/937 939/939
f 938/938 939/939 940/940
f 940/940 939/939 941/941
f 940/940 941/941 942/942
f 942/942 941/941 943/943
f 840/840 841/841 744/744
f 841/841 840/840 944/944
f 841/841 842/842 745/745
f 842/842 841/841 945/945
f 842/842 843/843 746/746
f 843/843 842/842 946/946
f 843/843 844/844 747/747
f 844/844 843/843 947/947
f 948/948 748/748 844/844
f 748/748 948/948 845/845
f 846/846 845/845 949/949
f 845/845 846/846 749/749
f 847/847 846/846 950/950
f 846/846 847/847 750/750
f 848/848 847/847 951/951
f 847/847 848/848 751/751
f 849/849 848/848 952/952
f 848/848 849/849 752/752
f 753/753 953/953 850/850
f 953/953 753/753 849/849
f 757/757 954/954 852/852
f 954/954 757/757 851/851
f 853/853 852/852 955/955
f 852/852 853/853 758/758
f 854/854 853/853 956/956
f 853/853 854/854 759/759
f 957/957 760/760 854/854
f 760/760 957/957 855/855
f 958/958 761/761 855/855
f 761/761 958/958 856/856
f 959/959 762/762 856/856
f 762/762 959/959 857/857
f 960/960 763/763 857/857
f 763/763 960/960 858/858
f 884/884 764/764 858/858
f 764/764 884/884 859/859
f 862/862 961/961 863/863
f 961/961 862/862 962/962
f 866/866 961/961 963/963
f 961/961 866/866 863/863
f 868/868 963/963 964/964
f 963/963 868/868 866/866
f 870/870 964/964 965/965
f 964/964 870/870 868/868
f 872/872 965/965 966/966
f 965/965 872/872 870/870
f 874/874 966/966 967/967
f 966/966 874/874 872/872
f 876/876 967/967 968/968
f 967/967 876/876 874/874
f 878/878 968/968 908/908
f 968/968 878/878 876/876
f 880/880 908/908 830/830
f 908/908 880/880 878/878
f 886/886 858/858 960/960
f 858/858 886/886 884/884
f 888/888 960/960 969/969
f 960/960 888/888 886/886
f 890/890 969/969 970/970
f 969/969 890/890 888/888
f 892/892 970/970 971/971
f 970/970 892/892 890/890
f 892/892 972/972 893/893
f 972/972 892/892 971/971
f 893/893 962/962 862/862
f 962/962 893/893 972/972
f 850/850 895/895 815/815
f 895/895 850/850 953/953
f 954/954 816/816 896/896
f 816/816 954/954 851/851
f 895/895 897/897 817/817
f 897/897 895/895 973/973
f 898/898 896/896 818/818
f 896/896 898/898 974/974
f 897/897 899/899 819/819
f 899/899 897/897 975/975
f 900/900 898/898 820/820
f 898/898 900/900 976/976
f 821/821 977/977 901/901
f 977/977 821/821 899/899
f 902/902 900/900 822/822
f 900/900 902/902 978/978
f 823/823 979/979 903/903
f 979/979 823/823 901/901
f 904/904 902/902 824/824
f 902/902 904/904 980/980
f 903/903 905/905 825/825
f 905/905 903/903 981/981
f 906/906 904/904 826/826
f 904/904 906/906 982/982
f 905/905 907/907 827/827
f 907/907 905/905 983/983
f 908/908 906/906 828/828
f 906/906 908/908 968/968
f 907/907 909/909 829/829
f 909/909 907/907 984/984
f 909/909 910/910 831/831
f 910/910 909/909 985/985
f 910/910 911/911 833/833
f 911/911 910/910 986/986
f 987/987 913/913 988/988
f 913/913 987/987 912/912
f 989/989 915/915 990/990
f 915/915 989/989 916/916
f 991/991 992/992 993/993
f 994/994 917/917 914/914
f 917/917 994/994 995/995
f 996/996 919/919 918/918
f 919/919 996/996 997/997
f 996/996 998/998 997/997
f 998/998 996/996 999/999
f 999/999 1000/1000 998/998
f 1000/1000 999/999 1001/1001
f 1001/1001 1002/1002 1000/1000
f 1002/1002 1001/1001 1003/1003
f 1003/1003 1004/1004 1002/1002
f 1004/1004 1003/1003 1005/1005
f 1005/1005 1006/1006 1004/1004
f 1006/1006 1005/1005 1007/1007
f 1007/1007 1008/1008 1006/1006
f 1008/1008 1007/1007 1009/1009
f 1010/1010 1009/1009 1011/1011
f 1009/1009 1010/1010 1008/1008
f 1012/1012 1011/1011 1013/1013
f 1011/1011 1012/1012 1010/1010
f 1014/1014 1013/1013 1015/1015
f 1013/1013 1014/1014 1012/1012
f 1014/1014 1016/1016 1017/1017
f 1016/1016 1014/1014 1015/1015
f 1017/1017 1018/1018 1019/1019
f 1018/1018 1017/1017 1016/1016
f 1019/1019 1020/1020 1021/1021
f 1020/1020 1019/1019 1018/1018
f 1020/1020 1022/1022 1021/1021
f 1022/1022 1020/1020 1023/1023
f 1023/1023 1024/1024 1022/1022
f 1024/1024 1023/1023 1025/1025
f 1025/1025 1026/1026 1024/1024
f 1026/1026 1025/1025 1027/1027
f 1027/1027 1028/1028 1026/1026
f 1028/1028 1027/1027 1029/1029
f 1029/1029 1030/1030 1028/1028
f 1030/1030 1029/1029 1031/1031
f 1031/1031 1032/1032 1030/1030
f 1032/1032 1031/1031 1033/1033
f 1033/1033 988/988 1032/1032
f 988/988 1033/1033 987/987
f 944/944 945/945 841/841
f 945/945 944/944 1034/1034
f 945/945 946/946 842/842
f 946/946 945/945 1035/1035
f 946/946 947/947 843/843
f 947/947 946/946 1036/1036
f 1037/1037 844/844 947/947
f 844/844 1037/1037 948/948
f 1038/1038 845/845 948/948
f 845/845 1038/1038 949/949
f 1039/1039 846/846 949/949
f 846/846 1039/1039 950/950
f 951/951 950/950 1040/1040
f 950/950 951/951 847/847
f 952/952 951/951 1041/1041
f 951/951 952/952 848/848
f 953/953 952/952 1042/1042
f 952/952 953/953 849/849
f 1043/1043 852/852 954/954
f 852/852 1043/1043 955/955
f 956/956 955/955 1044/1044
f 955/955 956/956 853/853
f 957/957 956/956 1045/1045
f 956/956 957/957 854/854
f 1046/1046 855/855 957/957
f 855/855 1046/1046 958/958
f 1047/1047 856/856 958/958
f 856/856 1047/1047 959/959
f 969/969 857/857 959/959
f 857/857 969/969 960/960
f 961/961 1048/1048 1049/1049
f 1048/1048 961/961 962/962
f 963/963 1049/1049 1050/1050
f 1049/1049 963/963 961/961
f 964/964 1050/1050 1051/1051
f 1050/1050 964/964 963/963
f 965/965 1051/1051 1052/1052
f 1051/1051 965/965 964/964
f 966/966 1052/1052 1053/1053
f 1052/1052 966/966 965/965
f 967/967 1053/1053 982/982
f 1053/1053 967/967 966/966
f 968/968 982/982 906/906
f 982/982 968/968 967/967
f 970/970 959/959 1047/1047
f 959/959 970/970 969/969
f 971/971 1047/1047 1054/1054
f 1047/1047 971/971 970/970
f 971/971 1055/1055 972/972
f 1055/1055 971/971 1054/1054
f 972/972 1048/1048 962/962
f 1048/1048 972/972 1055/1055
f 953/953 973/973 895/895
f 973/973 953/953 1042/1042
f 974/974 954/954 896/896
f 954/954 974/974 1043/1043
f 973/973 975/975 897/897
f 975/975 973/973 1056/1056
f 976/976 974/974 898/898
f 974/974 976/976 1057/1057
f 975/975 977/977 899/899
f 977/977 975/975 1058/1058
f 978/978 976/976 900/900
f 976/976 978/978 1059/1059
f 901/901 1060/1060 979/979
f 1060/1060 901/901 977/977
f 980/980 978/978 902/902
f 978/978 980/980 1061/1061
f 903/903 1062/1062 981/981
f 1062/1062 903/903 979/979
f 982/982 980/980 904/904
f 980/980 982/982 1053/1053
f 905/905 1063/1063 983/983
f 1063/1063 905/905 981/981
f 983/983 984/984 907/907
f 984/984 983/983 1064/1064
f 984/984 985/985 909/909
f 985/985 984/984 1065/1065
f 985/985 986/986 910/910
f 986/986 985/985 1066/1066
f 1067/1067 990/990 1068/1068
f 990/990 1067/1067 989/989
f 992/992 1069/1069 1070/1070
f 1071/1071 991/991 1072/1072
f 1073/1073 995/995 994/994
f 995/995 1073/1073 1074/1074
f 1073/1073 1075/1075 1074/1074
f 1075/1075 1073/1073 1076/1076
f 1076/1076 1077/1077 1075/1075
f 1077/1077 1076/1076 1078/1078
f 1034/1034 1035/1035 945/945
f 1035/1035 1034/1034 1079/1079
f 1078/1078 1080/1080 1077/1077
f 1080/1080 1078/1078 1081/1081
f 1079/1079 1082/1082 1035/1035
f 1082/1082 1079/1079 1083/1083
f 1081/1081 1084/1084 1080/1080
f 1084/1084 1081/1081 1085/1085
f 1086/1086 1082/1082 1083/1083
f 1082/1082 1086/1086 1087/1087
f 1085/1085 1088/1088 1084/1084
f 1088/1088 1085/1085 1089/1089
f 1090/1090 1087/1087 1086/1086
f 1087/1087 1090/1090 1091/1091
f 1089/1089 1092/1092 1088/1088
f 1092/1092 1089/1089 1093/1093
f 1094/1094 1091/1091 1090/1090
f 1091/1091 1094/1094 1095/1095
f 1096/1096 1093/1093 1097/1097
f 1093/1093 1096/1096 1092/1092
f 1098/1098 1095/1095 1094/1094
f 1095/1095 1098/1098 1099/1099
f 1100/1100 1097/1097 1101/1101
f 1097/1097 1100/1100 1096/1096
f 1102/1102 1099/1099 1098/1098
f 1099/1099 1102/1102 1103/1103
f 1100/1100 1104/1104 1105/1105
f 1104/1104 1100/1100 1101/1101
f 1106/1106 1103/1103 1102/1102
f 1103/1103 1106/1106 1107/1107
f 1105/1105 1108/1108 1109/1109
f 1108/1108 1105/1105 1104/1104
f 1110/1110 1106/1106 1111/1111
f 1106/1106 1110/1110 1107/1107
f 1109/1109 1112/1112 1113/1113
f 1112/1112 1109/1109 1108/1108
f 1114/1114 1111/1111 1115/1115
f 1111/1111 1114/1114 1110/1110
f 1113/1113 1116/1116 1117/1117
f 1116/1116 1113/1113 1112/1112
f 1118/1118 1115/1115 1119/1119
f 1115/1115 1118/1118 1114/1114
f 1116/1116 1120/1120 1117/1117
f 1120/1120 1116/1116 1121/1121
f 1122/1122 1119/1119 1123/1123
f 1119/1119 1122/1122 1118/1118
f 1121/1121 1124/1124 1120/1120
f 1124/1124 1121/1121 1125/1125
f 1126/1126 1123/1123 1127/1127
f 1123/1123 1126/1126 1122/1122
f 1125/1125 1128/1128 1124/1124
f 1128/1128 1125/1125 1129/1129
f 1126/1126 1130/1130 1131/1131
f 1130/1130 1126/1126 1127/1127
f 1129/1129 1132/1132 1128/1128
f 1132/1132 1129/1129 1133/1133
f 1131/1131 1134/1134 1065/1065
f 1134/1134 1131/1131 1130/1130
f 1133/1133 1135/1135 1132/1132
f 1135/1135 1133/1133 1136/1136
f 1065/1065 1066/1066 985/985
f 1066/1066 1065/1065 1134/1134
f 1136/1136 1137/1137 1135/1135
f 1137/1137 1136/1136 1138/1138
f 1138/1138 1068/1068 1137/1137
f 1068/1068 1138/1138 1067/1067
f 1035/1035 1036/1036 946/946
f 1036/1036 1035/1035 1082/1082
f 1036/1036 1037/1037 947/947
f 1037/1037 1036/1036 1139/1139
f 1140/1140 948/948 1037/1037
f 948/948 1140/1140 1038/1038
f 1141/1141 949/949 1038/1038
f 949/949 1141/1141 1039/1039
f 1142/1142 950/950 1039/1039
f 950/950 1142/1142 1040/1040
f 1041/1041 1040/1040 1143/1143
f 1040/1040 1041/1041 951/951
f 952/952 1144/1144 1042/1042
f 1144/1144 952/952 1041/1041
f 1044/1044 1043/1043 1145/1145
f 1043/1043 1044/1044 955/955
f 1045/1045 1044/1044 1146/1146
f 1044/1044 1045/1045 956/956
f 1046/1046 1045/1045 1147/1147
f 1045/1045 1046/1046 957/957
f 1054/1054 958/958 1046/1046
f 958/958 1054/1054 1047/1047
f 1048/1048 1148/1148 1049/1049
f 1148/1148 1048/1048 1149/1149
f 1050/1050 1148/1148 1150/1150
f 1148/1148 1050/1050 1049/1049
f 1051/1051 1150/1150 1151/1151
f 1150/1150 1051/1051 1050/1050
f 1052/1052 1151/1151 1061/1061
f 1151/1151 1052/1052 1051/1051
f 1053/1053 1061/1061 980/980
f 1061/1061 1053/1053 1052/1052
f 1054/1054 1147/1147 1055/1055
f 1147/1147 1054/1054 1046/1046
f 1055/1055 1149/1149 1048/1048
f 1149/1149 1055/1055 1147/1147
f 1042/1042 1056/1056 973/973
f 1056/1056 1042/1042 1144/1144
f 1057/1057 1043/1043 974/974
f 1043/1043 1057/1057 1145/1145
f 1056/1056 1058/1058 975/975
f 1058/1058 1056/1056 1152/1152
f 1059/1059 1057/1057 976/976
f 1057/1057 1059/1059 1153/1153
f 977/977 1154/1154 1060/1060
f 1154/1154 977/977 1058/1058
f 1061/1061 1059/1059 978/978
f 1059/1059 1061/1061 1151/1151
f 979/979 1155/1155 1062/1062
f 1155/1155 979/979 1060/1060
f 981/981 1156/1156 1063/1063
f 1156/1156 981/981 1062/1062
f 1063/1063 1064/1064 983/983
f 1064/1064 1063/1063 1157/1157
f 1064/1064 1065/1065 984/984
f 1065/1065 1064/1064 1131/1131
f 1158/1158 1069/1069 1159/1159
f 1160/1160 1071/1071 1161/1161
f 1162/1162 1163/1163 1160/1160
f 1164/1164 1165/1165 1163/1163
f 1166/1166 1167/1167 1165/1165
f 1168/1168 1169/1169 1167/1167
f 1082/1082 1139/1139 1036/1036
f 1139/1139 1082/1082 1087/1087
f 1170/1170 1171/1171 1169/1169
f 1091/1091 1139/1139 1087/1087
f 1139/1139 1091/1091 1172/1172
f 1173/1173 1174/1174 1171/1171
f 1095/1095 1172/1172 1091/1091
f 1172/1172 1095/1095 1175/1175
f 1174/1174 1176/1176 1177/1177
f 1099/1099 1175/1175 1095/1095
f 1175/1175 1099/1099 1178/1178
f 1177/1177 1179/1179 1180/1180
f 1103/1103 1178/1178 1099/1099
f 1178/1178 1103/1103 1181/1181
f 1180/1180 1182/1182 1183/1183
f 1107/1107 1181/1181 1103/1103
f 1181/1181 1107/1107 1184/1184
f 1185/1185 1186/1186 1183/1183
f 1187/1187 1107/1107 1110/1110
f 1107/1107 1187/1187 1184/1184
f 1188/1188 1189/1189 1186/1186
f 1190/1190 1110/1110 1114/1114
f 1110/1110 1190/1190 1187/1187
f 1191/1191 1192/1192 1189/1189
f 1193/1193 1114/1114 1118/1118
f 1114/1114 1193/1193 1190/1190
f 1194/1194 1195/1195 1192/1192
f 1196/1196 1118/1118 1122/1122
f 1118/1118 1196/1196 1193/1193
f 1197/1197 1198/1198 1195/1195
f 1157/1157 1122/1122 1126/1126
f 1122/1122 1157/1157 1196/1196
f 1199/1199 1200/1200 1198/1198
f 1157/1157 1131/1131 1064/1064
f 1131/1131 1157/1157 1126/1126
f 1201/1201 1202/1202 1200/1200
f 1203/1203 1204/1204 1202/1202
f 1205/1205 1206/1206 1204/1204
f 1207/1207 1159/1159 1206/1206
f 1172/1172 1037/1037 1139/1139
f 1037/1037 1172/1172 1140/1140
f 1208/1208 1038/1038 1140/1140
f 1038/1038 1208/1208 1141/1141
f 1209/1209 1039/1039 1141/1141
f 1039/1039 1209/1209 1142/1142
f 1143/1143 1142/1142 1210/1210
f 1142/1142 1143/1143 1040/1040
f 1144/1144 1143/1143 1211/1211
f 1143/1143 1144/1144 1041/1041
f 1146/1146 1145/1145 1212/1212
f 1145/1145 1146/1146 1044/1044
f 1147/1147 1146/1146 1149/1149
f 1146/1146 1147/1147 1045/1045
f 1149/1149 1212/1212 1148/1148
f 1212/1212 1149/1149 1146/1146
f 1150/1150 1212/1212 1153/1153
f 1212/1212 1150/1150 1148/1148
f 1151/1151 1153/1153 1059/1059
f 1153/1153 1151/1151 1150/1150
f 1144/1144 1152/1152 1056/1056
f 1152/1152 1144/1144 1211/1211
f 1153/1153 1145/1145 1057/1057
f 1145/1145 1153/1153 1212/1212
f 1152/1152 1154/1154 1058/1058
f 1154/1154 1152/1152 1213/1213
f 1060/1060 1214/1214 1155/1155
f 1214/1214 1060/1060 1154/1154
f 1062/1062 1215/1215 1156/1156
f 1215/1215 1062/1062 1155/1155
f 1063/1063 1196/1196 1157/1157
f 1196/1196 1063/1063 1156/1156
f 1175/1175 1140/1140 1172/1172
f 1140/1140 1175/1175 1208/1208
f 1178/1178 1208/1208 1175/1175
f 1208/1208 1178/1178 1216/1216
f 1181/1181 1216/1216 1178/1178
f 1216/1216 1181/1181 1217/1217
f 1184/1184 1217/1217 1181/1181
f 1217/1217 1184/1184 1218/1218
f 1219/1219 1184/1184 1187/1187
f 1184/1184 1219/1219 1218/1218
f 1220/1220 1187/1187 1190/1190
f 1187/1187 1220/1220 1219/1219
f 1215/1215 1190/1190 1193/1193
f 1190/1190 1215/1215 1220/1220
f 1156/1156 1193/1193 1196/1196
f 1193/1193 1156/1156 1215/1215
f 1216/1216 1141/1141 1208/1208
f 1141/1141 1216/1216 1209/1209
f 1221/1221 1142/1142 1209/1209
f 1142/1142 1221/1221 1210/1210
f 1143/1143 1222/1222 1211/1211
f 1222/1222 1143/1143 1210/1210
f 1211/1211 1213/1213 1152/1152
f 1213/1213 1211/1211 1222/1222
f 1154/1154 1223/1223 1214/1214
f 1223/1223 1154/1154 1213/1213
f 1155/1155 1220/1220 1215/1215
f 1220/1220 1155/1155 1214/1214
f 1217/1217 1209/1209 1216/1216
f 1209/1209 1217/1217 1221/1221
f 1218/1218 1221/1221 1217/1217
f 1221/1221 1218/1218 1224/1224
f 1223/1223 1218/1218 1219/1219
f 1218/1218 1223/1223 1224/1224
f 1214/1214 1219/1219 1220/1220
f 1219/1219 1214/1214 1223/1223
f 1224/1224 1210/1210 1221/1221
f 1210/1210 1224/1224 1222/1222
f 1213/1213 1224/1224 1223/1223
f 1224/1224 1213/1213 1222/1222
f 1225/1225 1226/1226 1227/1227
f 1228/1228 1227/1227 1226/1226
f 1227/1227 1228/1228 1229/1229
f 1230/1230 1229/1229 1228/1228
f 1226/1226 1231/1231 1228/1228
f 1232/1232 1228/1228 1231/1231
f 1233/1233 1226/1226 1234/1234
f 1225/1225 1234/1234 1226/1226
f 1235/1235 1225/1225 1236/1236
f 1227/1227 1236/1236 1225/1225
f 1229/1229 1230/1230 1237/1237
f 1238/1238 1237/1237 1230/1230
f 1228/1228 1232/1232 1230/1230
f 1239/1239 1230/1230 1232/1232
f 1236/1236 1227/1227 1240/1240
f 1229/1229 1240/1240 1227/1227
f 1241/1241 1242/1242 1231/1231
f 1232/1232 1231/1231 1242/1242
f 1243/1243 1231/1231 1233/1233
f 1226/1226 1233/1233 1231/1231
f 1244/1244 1233/1233 1245/1245
f 1234/1234 1245/1245 1233/1233
f 1234/1234 1225/1225 1246/1246
f 1235/1235 1246/1246 1225/1225
f 1235/1235 1236/1236 1247/1247
f 1248/1248 1247/1247 1236/1236
f 1237/1237 1238/1238 1249/1249
f 1250/1250 1249/1249 1238/1238
f 1230/1230 1239/1239 1238/1238
f 1251/1251 1238/1238 1239/1239
f 1240/1240 1229/1229 1252/1252
f 1237/1237 1252/1252 1229/1229
f 1232/1232 1242/1242 1239/1239
f 1253/1253 1239/1239 1242/1242
f 1248/1248 1236/1236 1254/1254
f 1240/1240 1254/1254 1236/1236
f 1241/1241 1255/1255 1242/1242
f 1256/1256 1242/1242 1255/1255
f 1257/1257 1241/1241 1243/1243
f 1231/1231 1243/1243 1241/1241
f 1258/1258 1243/1243 1244/1244
f 1233/1233 1244/1244 1243/1243
f 1245/1245 1259/1259 1244/1244
f 1260/1260 1244/1244 1259/1259
f 1245/1245 1234/1234 1261/1261
f 1246/1246 1261/1261 1234/1234
f 1246/1246 1235/1235 1262/1262
f 1247/1247 1262/1262 1235/1235
f 1263/1263 1247/1247 1264/1264
f 1248/1248 1264/1264 1247/1247
f 1265/1265 1249/1249 1266/1266
f 1250/1250 1266/1266 1249/1249
f 1238/1238 1251/1251 1250/1250
f 1267/1267 1250/1250 1251/1251
f 1252/1252 1237/1237 1268/1268
f 1249/1249 1268/1268 1237/1237
f 1239/1239 1253/1253 1251/1251
f 1269/1269 1251/1251 1253/1253
f 1254/1254 1240/1240 1270/1270
f 1252/1252 1270/1270 1240/1240
f 1242/1242 1256/1256 1253/1253
f 1271/1271 1253/1253 1256/1256
f 1272/1272 1264/1264 1254/1254
f 1248/1248 1254/1254 1264/1264
f 1255/1255 1273/1273 1256/1256
f 1274/1274 1256/1256 1273/1273
f 1275/1275 1255/1255 1257/1257
f 1241/1241 1257/1257 1255/1255
f 1276/1276 1257/1257 1258/1258
f 1243/1243 1258/1258 1257/1257
f 1244/1244 1260/1260 1258/1258
f 1277/1277 1258/1258 1260/1260
f 1259/1259 1278/1278 1260/1260
f 1279/1279 1260/1260 1278/1278
f 1261/1261 1280/1280 1245/1245
f 1259/1259 1245/1245 1280/1280
f 1281/1281 1261/1261 1262/1262
f 1246/1246 1262/1262 1261/1261
f 1282/1282 1262/1262 1263/1263
f 1247/1247 1263/1263 1262/1262
f 1283/1283 1263/1263 1284/1284
f 1264/1264 1284/1284 1263/1263
f 1285/1285 1265/1265 1286/1286
f 1266/1266 1286/1286 1265/1265
f 1266/1266 1250/1250 1287/1287
f 1267/1267 1287/1287 1250/1250
f 1288/1288 1268/1268 1265/1265
f 1249/1249 1265/1265 1268/1268
f 1251/1251 1269/1269 1267/1267
f 1289/1289 1267/1267 1269/1269
f 1290/1290 1270/1270 1268/1268
f 1252/1252 1268/1268 1270/1270
f 1253/1253 1271/1271 1269/1269
f 1291/1291 1269/1269 1271/1271
f 1292/1292 1272/1272 1270/1270
f 1254/1254 1270/1270 1272/1272
f 1256/1256 1274/1274 1271/1271
f 1293/1293 1271/1271 1274/1274
f 1294/1294 1284/1284 1272/1272
f 1264/1264 1272/1272 1284/1284
f 1295/1295 1296/1296 1297/1297
f 1298/1298 1297/1297 1296/1296
f 1299/1299 1273/1273 1275/1275
f 1255/1255 1275/1275 1273/1273
f 1300/1300 1275/1275 1276/1276
f 1257/1257 1276/1276 1275/1275
f 1258/1258 1277/1277 1276/1276
f 1301/1301 1276/1276 1277/1277
f 1260/1260 1279/1279 1277/1277
f 1302/1302 1277/1277 1279/1279
f 1278/1278 1303/1303 1279/1279
f 1304/1304 1279/1279 1303/1303
f 1280/1280 1305/1305 1259/1259
f 1278/1278 1259/1259 1305/1305
f 1306/1306 1280/1280 1281/1281
f 1261/1261 1281/1281 1280/1280
f 1307/1307 1281/1281 1282/1282
f 1262/1262 1282/1282 1281/1281
f 1308/1308 1282/1282 1283/1283
f 1263/1263 1283/1283 1282/1282
f 1309/1309 1310/1310 1311/1311
f 1312/1312 1311/1311 1310/1310
f 1313/1313 1285/1285 1314/1314
f 1286/1286 1314/1314 1285/1285
f 1286/1286 1266/1266 1315/1315
f 1287/1287 1315/1315 1266/1266
f 1316/1316 1288/1288 1285/1285
f 1265/1265 1285/1285 1288/1288
f 1287/1287 1267/1267 1317/1317
f 1289/1289 1317/1317 1267/1267
f 1318/1318 1290/1290 1288/1288
f 1268/1268 1288/1288 1290/1290
f 1269/1269 1291/1291 1289/1289
f 1319/1319 1289/1289 1291/1291
f 1320/1320 1292/1292 1290/1290
f 1270/1270 1290/1290 1292/1292
f 1271/1271 1293/1293 1291/1291
f 1321/1321 1291/1291 1293/1293
f 1322/1322 1294/1294 1292/1292
f 1272/1272 1292/1292 1294/1294
f 1297/1297 1298/1298 1323/1323
f 1324/1324 1323/1323 1298/1298
f 1325/1325 1311/1311 1326/1326
f 1312/1312 1326/1326 1311/1311
f 1327/1327 1328/1328 1329/1329
f 1330/1330 1329/1329 1328/1328
f 1331/1331 1332/1332 1295/1295
f 1296/1296 1295/1295 1332/1332
f 1333/1333 1299/1299 1300/1300
f 1275/1275 1300/1300 1299/1299
f 1276/1276 1301/1301 1300/1300
f 1334/1334 1300/1300 1301/1301
f 1277/1277 1302/1302 1301/1301
f 1335/1335 1301/1301 1302/1302
f 1279/1279 1304/1304 1302/1302
f 1336/1336 1302/1302 1304/1304
f 1303/1303 1337/1337 1304/1304
f 1338/1338 1304/1304 1337/1337
f 1305/1305 1339/1339 1278/1278
f 1303/1303 1278/1278 1339/1339
f 1306/1306 1340/1340 1280/1280
f 1305/1305 1280/1280 1340/1340
f 1341/1341 1306/1306 1307/1307
f 1281/1281 1307/1307 1306/1306
f 1342/1342 1307/1307 1308/1308
f 1282/1282 1308/1308 1307/1307
f 1343/1343 1344/1344 1309/1309
f 1310/1310 1309/1309 1344/1344
f 1345/1345 1309/1309 1346/1346
f 1311/1311 1346/1346 1309/1309
f 1347/1347 1313/1313 1348/1348
f 1314/1314 1348/1348 1313/1313
f 1314/1314 1286/1286 1349/1349
f 1315/1315 1349/1349 1286/1286
f 1350/1350 1316/1316 1313/1313
f 1285/1285 1313/1313 1316/1316
f 1315/1315 1287/1287 1351/1351
f 1317/1317 1351/1351 1287/1287
f 1352/1352 1318/1318 1316/1316
f 1288/1288 1316/1316 1318/1318
f 1317/1317 1289/1289 1353/1353
f 1319/1319 1353/1353 1289/1289
f 1354/1354 1320/1320 1318/1318
f 1290/1290 1318/1318 1320/1320
f 1291/1291 1321/1321 1319/1319
f 1355/1355 1319/1319 1321/1321
f 1356/1356 1322/1322 1320/1320
f 1292/1292 1320/1320 1322/1322
f 1323/1323 1324/1324 1357/1357
f 1358/1358 1357/1357 1324/1324
f 1359/1359 1325/1325 1360/1360
f 1326/1326 1360/1360 1325/1325
f 1329/1329 1330/1330 1361/1361
f 1362/1362 1361/1361 1330/1330
f 1363/1363 1346/1346 1325/1325
f 1311/1311 1325/1325 1346/1346
f 1328/1328 1364/1364 1330/1330
f 1365/1365 1330/1330 1364/1364
f 1366/1366 1328/1328 1367/1367
f 1327/1327 1367/1367 1328/1328
f 1368/1368 1369/1369 1331/1331
f 1332/1332 1331/1331 1369/1369
f 1300/1300 1334/1334 1333/1333
f 1370/1370 1333/1333 1334/1334
f 1301/1301 1335/1335 1334/1334
f 1371/1371 1334/1334 1335/1335
f 1302/1302 1336/1336 1335/1335
f 1372/1372 1335/1335 1336/1336
f 1304/1304 1338/1338 1336/1336
f 1373/1373 1336/1336 1338/1338
f 1337/1337 1374/1374 1338/1338
f 1375/1375 1338/1338 1374/1374
f 1339/1339 1376/1376 1303/1303
f 1337/1337 1303/1303 1376/1376
f 1340/1340 1377/1377 1305/1305
f 1339/1339 1305/1305 1377/1377
f 1378/1378 1340/1340 1341/1341
f 1306/1306 1341/1341 1340/1340
f 1379/1379 1341/1341 1342/1342
f 1307/1307 1342/1342 1341/1341
f 1380/1380 1381/1381 1343/1343
f 1344/1344 1343/1343 1381/1381
f 1382/1382 1343/1343 1345/1345
f 1309/1309 1345/1345 1343/1343
f 1383/1383 1345/1345 1384/1384
f 1346/1346 1384/1384 1345/1345
f 1385/1385 1347/1347 1386/1386
f 1348/1348 1386/1386 1347/1347
f 1348/1348 1314/1314 1387/1387
f 1349/1349 1387/1387 1314/1314
f 1388/1388 1350/1350 1347/1347
f 1313/1313 1347/1347 1350/1350
f 1349/1349 1315/1315 1389/1389
f 1351/1351 1389/1389 1315/1315
f 1390/1390 1352/1352 1350/1350
f 1316/1316 1350/1350 1352/1352
f 1351/1351 1317/1317 1391/1391
f 1353/1353 1391/1391 1317/1317
f 1392/1392 1354/1354 1352/1352
f 1318/1318 1352/1352 1354/1354
f 1353/1353 1319/1319 1393/1393
f 1355/1355 1393/1393 1319/1319
f 1394/1394 1356/1356 1354/1354
f 1320/1320 1354/1354 1356/1356
f 1357/1357 1358/1358 1395/1395
f 1396/1396 1395/1395 1358/1358
f 1397/1397 1359/1359 1398/1398
f 1360/1360 1398/1398 1359/1359
f 1361/1361 1362/1362 1399/1399
f 1400/1400 1399/1399 1362/1362
f 1401/1401 1363/1363 1359/1359
f 1325/1325 1359/1359 1363/1363
f 1365/1365 1402/1402 1330/1330
f 1362/1362 1330/1330 1402/1402
f 1403/1403 1384/1384 1363/1363
f 1346/1346 1363/1363 1384/1384
f 1404/1404 1405/1405 1364/1364
f 1365/1365 1364/1364 1405/1405
f 1366/1366 1406/1406 1328/1328
f 1364/1364 1328/1328 1406/1406
f 1407/1407 1366/1366 1408/1408
f 1367/1367 1408/1408 1366/1366
f 1368/1368 1409/1409 1369/1369
f 1410/1410 1369/1369 1409/1409
f 1334/1334 1371/1371 1370/1370
f 1411/1411 1370/1370 1371/1371
f 1335/1335 1372/1372 1371/1371
f 1412/1412 1371/1371 1372/1372
f 1336/1336 1373/1373 1372/1372
f 1413/1413 1372/1372 1373/1373
f 1338/1338 1375/1375 1373/1373
f 1414/1414 1373/1373 1375/1375
f 1374/1374 1415/1415 1375/1375
f 1416/1416 1375/1375 1415/1415
f 1376/1376 1417/1417 1337/1337
f 1374/1374 1337/1337 1417/1417
f 1377/1377 1418/1418 1339/1339
f 1376/1376 1339/1339 1418/1418
f 1419/1419 1377/1377 1378/1378
f 1340/1340 1378/1378 1377/1377
f 1420/1420 1378/1378 1379/1379
f 1341/1341 1379/1379 1378/1378
f 1421/1421 1422/1422 1380/1380
f 1381/1381 1380/1380 1422/1422
f 1423/1423 1380/1380 1382/1382
f 1343/1343 1382/1382 1380/1380
f 1424/1424 1382/1382 1383/1383
f 1345/1345 1383/1383 1382/1382
f 1425/1425 1383/1383 1426/1426
f 1384/1384 1426/1426 1383/1383
f 1427/1427 1385/1385 1428/1428
f 1386/1386 1428/1428 1385/1385
f 1386/1386 1348/1348 1429/1429
f 1387/1387 1429/1429 1348/1348
f 1430/1430 1388/1388 1385/1385
f 1347/1347 1385/1385 1388/1388
f 1387/1387 1349/1349 1431/1431
f 1389/1389 1431/1431 1349/1349
f 1432/1432 1390/1390 1388/1388
f 1350/1350 1388/1388 1390/1390
f 1389/1389 1351/1351 1433/1433
f 1391/1391 1433/1433 1351/1351
f 1434/1434 1392/1392 1390/1390
f 1352/1352 1390/1390 1392/1392
f 1391/1391 1353/1353 1435/1435
f 1393/1393 1435/1435 1353/1353
f 1436/1436 1394/1394 1392/1392
f 1354/1354 1392/1392 1394/1394
f 1437/1437 1395/1395 1438/1438
f 1396/1396 1438/1438 1395/1395
f 1439/1439 1397/1397 1440/1440
f 1398/1398 1440/1440 1397/1397
f 1399/1399 1400/1400 1441/1441
f 1442/1442 1441/1441 1400/1400
f 1443/1443 1401/1401 1397/1397
f 1359/1359 1397/1397 1401/1401
f 1402/1402 1444/1444 1362/1362
f 1400/1400 1362/1362 1444/1444
f 1445/1445 1403/1403 1401/1401
f 1363/1363 1401/1401 1403/1403
f 1405/1405 1446/1446 1365/1365
f 1402/1402 1365/1365 1446/1446
f 1447/1447 1426/1426 1403/1403
f 1384/1384 1403/1403 1426/1426
f 1404/1404 1448/1448 1405/1405
f 1449/1449 1405/1405 1448/1448
f 1406/1406 1450/1450 1364/1364
f 1404/1404 1364/1364 1450/1450
f 1407/1407 1451/1451 1366/1366
f 1406/1406 1366/1366 1451/1451
f 1408/1408 1452/1452 1407/1407
f 1453/1453 1407/1407 1452/1452
f 1409/1409 1454/1454 1410/1410
f 1455/1455 1410/1410 1454/1454
f 1371/1371 1412/1412 1411/1411
f 1456/1456 1411/1411 1412/1412
f 1372/1372 1413/1413 1412/1412
f 1457/1457 1412/1412 1413/1413
f 1373/1373 1414/1414 1413/1413
f 1458/1458 1413/1413 1414/1414
f 1375/1375 1416/1416 1414/1414
f 1459/1459 1414/1414 1416/1416
f 1416/1416 1415/1415 1460/1460
f 1461/1461 1460/1460 1415/1415
f 1417/1417 1462/1462 1374/1374
f 1415/1415 1374/1374 1462/1462
f 1418/1418 1463/1463 1376/1376
f 1417/1417 1376/1376 1463/1463
f 1464/1464 1418/1418 1419/1419
f 1377/1377 1419/1419 1418/1418
f 1465/1465 1419/1419 1420/1420
f 1378/1378 1420/1420 1419/1419
f 1466/1466 1467/1467 1421/1421
f 1422/1422 1421/1421 1467/1467
f 1468/1468 1421/1421 1423/1423
f 1380/1380 1423/1423 1421/1421
f 1469/1469 1423/1423 1424/1424
f 1382/1382 1424/1424 1423/1423
f 1470/1470 1424/1424 1425/1425
f 1383/1383 1425/1425 1424/1424
f 1471/1471 1425/1425 1472/1472
f 1426/1426 1472/1472 1425/1425
f 1473/1473 1427/1427 1474/1474
f 1428/1428 1474/1474 1427/1427
f 1428/1428 1386/1386 1475/1475
f 1429/1429 1475/1475 1386/1386
f 1476/1476 1430/1430 1427/1427
f 1385/1385 1427/1427 1430/1430
f 1429/1429 1387/1387 1477/1477
f 1431/1431 1477/1477 1387/1387
f 1478/1478 1432/1432 1430/1430
f 1388/1388 1430/1430 1432/1432
f 1431/1431 1389/1389 1479/1479
f 1433/1433 1479/1479 1389/1389
f 1432/1432 1480/1480 1390/1390
f 1434/1434 1390/1390 1480/1480
f 1433/1433 1391/1391 1481/1481
f 1435/1435 1481/1481 1391/1391
f 1482/1482 1436/1436 1434/1434
f 1392/1392 1434/1434 1436/1436
f 1483/1483 1437/1437 1484/1484
f 1438/1438 1484/1484 1437/1437
f 1485/1485 1439/1439 1486/1486
f 1440/1440 1486/1486 1439/1439
f 1487/1487 1441/1441 1488/1488
f 1442/1442 1488/1488 1441/1441
f 1489/1489 1443/1443 1439/1439
f 1397/1397 1439/1439 1443/1443
f 1444/1444 1490/1490 1400/1400
f 1442/1442 1400/1400 1490/1490
f 1491/1491 1445/1445 1443/1443
f 1401/1401 1443/1443 1445/1445
f 1446/1446 1492/1492 1402/1402
f 1444/1444 1402/1402 1492/1492
f 1493/1493 1447/1447 1445/1445
f 1403/1403 1445/1445 1447/1447
f 1449/1449 1494/1494 1405/1405
f 1446/1446 1405/1405 1494/1494
f 1472/1472 1426/1426 1495/1495
f 1447/1447 1495/1495 1426/1426
f 1448/1448 1496/1496 1449/1449
f 1497/1497 1449/1449 1496/1496
f 1450/1450 1498/1498 1404/1404
f 1448/1448 1404/1404 1498/1498
f 1451/1451 1499/1499 1406/1406
f 1450/1450 1406/1406 1499/1499
f 1407/1407 1453/1453 1451/1451
f 1500/1500 1451/1451 1453/1453
f 1452/1452 1501/1501 1453/1453
f 1502/1502 1453/1453 1501/1501
f 1454/1454 1503/1503 1455/1455
f 1504/1504 1455/1455 1503/1503
f 1412/1412 1457/1457 1456/1456
f 1505/1505 1456/1456 1457/1457
f 1413/1413 1458/1458 1457/1457
f 1506/1506 1457/1457 1458/1458
f 1414/1414 1459/1459 1458/1458
f 1507/1507 1458/1458 1459/1459
f 1459/1459 1416/1416 1508/1508
f 1460/1460 1508/1508 1416/1416
f 1460/1460 1461/1461 1509/1509
f 1510/1510 1509/1509 1461/1461
f 1415/1415 1462/1462 1461/1461
f 1511/1511 1461/1461 1462/1462
f 1462/1462 1417/1417 1512/1512
f 1463/1463 1512/1512 1417/1417
f 1463/1463 1418/1418 1513/1513
f 1464/1464 1513/1513 1418/1418
f 1514/1514 1464/1464 1465/1465
f 1419/1419 1465/1465 1464/1464
f 1515/1515 1516/1516 1466/1466
f 1467/1467 1466/1466 1516/1516
f 1517/1517 1466/1466 1468/1468
f 1421/1421 1468/1468 1466/1466
f 1518/1518 1468/1468 1469/1469
f 1423/1423 1469/1469 1468/1468
f 1519/1519 1469/1469 1470/1470
f 1424/1424 1470/1470 1469/1469
f 1470/1470 1425/1425 1520/1520
f 1471/1471 1520/1520 1425/1425
f 1521/1521 1471/1471 1522/1522
f 1472/1472 1522/1522 1471/1471
f 1523/1523 1473/1473 1524/1524
f 1474/1474 1524/1524 1473/1473
f 1474/1474 1428/1428 1525/1525
f 1475/1475 1525/1525 1428/1428
f 1526/1526 1476/1476 1473/1473
f 1427/1427 1473/1473 1476/1476
f 1475/1475 1429/1429 1527/1527
f 1477/1477 1527/1527 1429/1429
f 1476/1476 1528/1528 1430/1430
f 1478/1478 1430/1430 1528/1528
f 1477/1477 1431/1431 1529/1529
f 1479/1479 1529/1529 1431/1431
f 1478/1478 1530/1530 1432/1432
f 1480/1480 1432/1432 1530/1530
f 1479/1479 1433/1433 1531/1531
f 1481/1481 1531/1531 1433/1433
f 1532/1532 1482/1482 1480/1480
f 1434/1434 1480/1480 1482/1482
f 1533/1533 1483/1483 1534/1534
f 1484/1484 1534/1534 1483/1483
f 1535/1535 1485/1485 1536/1536
f 1486/1486 1536/1536 1485/1485
f 1537/1537 1487/1487 1538/1538
f 1488/1488 1538/1538 1487/1487
f 1539/1539 1489/1489 1485/1485
f 1439/1439 1485/1485 1489/1489
f 1488/1488 1442/1442 1540/1540
f 1490/1490 1540/1540 1442/1442
f 1541/1541 1491/1491 1489/1489
f 1443/1443 1489/1489 1491/1491
f 1492/1492 1542/1542 1444/1444
f 1490/1490 1444/1444 1542/1542
f 1543/1543 1493/1493 1491/1491
f 1445/1445 1491/1491 1493/1493
f 1494/1494 1544/1544 1446/1446
f 1492/1492 1446/1446 1544/1544
f 1495/1495 1447/1447 1545/1545
f 1493/1493 1545/1545 1447/1447
f 1497/1497 1546/1546 1449/1449
f 1494/1494 1449/1449 1546/1546
f 1522/1522 1472/1472 1547/1547
f 1495/1495 1547/1547 1472/1472
f 1496/1496 1548/1548 1497/1497
f 1549/1549 1497/1497 1548/1548
f 1498/1498 1550/1550 1448/1448
f 1496/1496 1448/1448 1550/1550
f 1499/1499 1551/1551 1450/1450
f 1498/1498 1450/1450 1551/1551
f 1451/1451 1500/1500 1499/1499
f 1552/1552 1499/1499 1500/1500
f 1453/1453 1502/1502 1500/1500
f 1553/1553 1500/1500 1502/1502
f 1501/1501 1554/1554 1502/1502
f 1555/1555 1502/1502 1554/1554
f 1503/1503 1556/1556 1504/1504
f 1557/1557 1504/1504 1556/1556
f 1457/1457 1506/1506 1505/1505
f 1558/1558 1505/1505 1506/1506
f 1458/1458 1507/1507 1506/1506
f 1559/1559 1506/1506 1507/1507
f 1507/1507 1459/1459 1560/1560
f 1508/1508 1560/1560 1459/1459
f 1508/1508 1460/1460 1561/1561
f 1509/1509 1561/1561 1460/1460
f 1509/1509 1510/1510 1562/1562
f 1563/1563 1562/1562 1510/1510
f 1461/1461 1511/1511 1510/1510
f 1564/1564 1510/1510 1511/1511
f 1511/1511 1462/1462 1565/1565
f 1512/1512 1565/1565 1462/1462
f 1512/1512 1463/1463 1566/1566
f 1513/1513 1566/1566 1463/1463
f 1513/1513 1464/1464 1567/1567
f 1514/1514 1567/1567 1464/1464
f 1568/1568 1569/1569 1515/1515
f 1516/1516 1515/1515 1569/1569
f 1570/1570 1515/1515 1517/1517
f 1466/1466 1517/1517 1515/1515
f 1571/1571 1517/1517 1518/1518
f 1468/1468 1518/1518 1517/1517
f 1572/1572 1518/1518 1519/1519
f 1469/1469 1519/1519 1518/1518
f 1573/1573 1519/1519 1520/1520
f 1470/1470 1520/1520 1519/1519
f 1520/1520 1471/1471 1574/1574
f 1521/1521 1574/1574 1471/1471
f 1575/1575 1521/1521 1576/1576
f 1522/1522 1576/1576 1521/1521
f 1563/1563 1523/1523 1562/1562
f 1524/1524 1562/1562 1523/1523
f 1524/1524 1474/1474 1577/1577
f 1525/1525 1577/1577 1474/1474
f 1578/1578 1526/1526 1523/1523
f 1473/1473 1523/1523 1526/1526
f 1525/1525 1475/1475 1579/1579
f 1527/1527 1579/1579 1475/1475
f 1526/1526 1580/1580 1476/1476
f 1528/1528 1476/1476 1580/1580
f 1527/1527 1477/1477 1581/1581
f 1529/1529 1581/1581 1477/1477
f 1528/1528 1582/1582 1478/1478
f 1530/1530 1478/1478 1582/1582
f 1529/1529 1479/1479 1583/1583
f 1531/1531 1583/1583 1479/1479
f 1530/1530 1584/1584 1480/1480
f 1532/1532 1480/1480 1584/1584
f 1585/1585 1533/1533 1586/1586
f 1534/1534 1586/1586 1533/1533
f 1587/1587 1588/1588 1536/1536
f 1535/1535 1536/1536 1588/1588
f 1589/1589 1537/1537 1590/1590
f 1538/1538 1590/1590 1537/1537
f 1591/1591 1539/1539 1535/1535
f 1485/1485 1535/1535 1539/1539
f 1538/1538 1488/1488 1592/1592
f 1540/1540 1592/1592 1488/1488
f 1593/1593 1541/1541 1539/1539
f 1489/1489 1539/1539 1541/1541
f 1540/1540 1490/1490 1594/1594
f 1542/1542 1594/1594 1490/1490
f 1595/1595 1543/1543 1541/1541
f 1491/1491 1541/1541 1543/1543
f 1544/1544 1596/1596 1492/1492
f 1542/1542 1492/1492 1596/1596
f 1597/1597 1545/1545 1543/1543
f 1493/1493 1543/1543 1545/1545
f 1546/1546 1598/1598 1494/1494
f 1544/1544 1494/1494 1598/1598
f 1547/1547 1495/1495 1599/1599
f 1545/1545 1599/1599 1495/1495
f 1549/1549 1600/1600 1497/1497
f 1546/1546 1497/1497 1600/1600
f 1576/1576 1522/1522 1601/1601
f 1547/1547 1601/1601 1522/1522
f 1548/1548 1602/1602 1549/1549
f 1603/1603 1549/1549 1602/1602
f 1550/1550 1604/1604 1496/1496
f 1548/1548 1496/1496 1604/1604
f 1551/1551 1605/1605 1498/1498
f 1550/1550 1498/1498 1605/1605
f 1499/1499 1552/1552 1551/1551
f 1606/1606 1551/1551 1552/1552
f 1500/1500 1553/1553 1552/1552
f 1607/1607 1552/1552 1553/1553
f 1502/1502 1555/1555 1553/1553
f 1608/1608 1553/1553 1555/1555
f 1554/1554 1609/1609 1555/1555
f 1610/1610 1555/1555 1609/1609
f 1556/1556 1611/1611 1557/1557
f 1612/1612 1557/1557 1611/1611
f 1506/1506 1559/1559 1558/1558
f 1613/1613 1558/1558 1559/1559
f 1559/1559 1507/1507 1614/1614
f 1560/1560 1614/1614 1507/1507
f 1560/1560 1508/1508 1615/1615
f 1561/1561 1615/1615 1508/1508
f 1509/1509 1562/1562 1561/1561
f 1616/1616 1561/1561 1562/1562
f 1510/1510 1564/1564 1563/1563
f 1617/1617 1563/1563 1564/1564
f 1511/1511 1565/1565 1564/1564
f 1618/1618 1564/1564 1565/1565
f 1565/1565 1512/1512 1619/1619
f 1566/1566 1619/1619 1512/1512
f 1566/1566 1513/1513 1620/1620
f 1567/1567 1620/1620 1513/1513
f 1621/1621 1569/1569 1622/1622
f 1568/1568 1622/1622 1569/1569
f 1623/1623 1568/1568 1570/1570
f 1515/1515 1570/1570 1568/1568
f 1624/1624 1570/1570 1571/1571
f 1517/1517 1571/1571 1570/1570
f 1625/1625 1571/1571 1572/1572
f 1518/1518 1572/1572 1571/1571
f 1626/1626 1572/1572 1573/1573
f 1519/1519 1573/1573 1572/1572
f 1573/1573 1520/1520 1627/1627
f 1574/1574 1627/1627 1520/1520
f 1574/1574 1521/1521 1628/1628
f 1575/1575 1628/1628 1521/1521
f 1629/1629 1575/1575 1630/1630
f 1576/1576 1630/1630 1575/1575
f 1562/1562 1524/1524 1616/1616
f 1577/1577 1616/1616 1524/1524
f 1617/1617 1578/1578 1563/1563
f 1523/1523 1563/1563 1578/1578
f 1577/1577 1525/1525 1631/1631
f 1579/1579 1631/1631 1525/1525
f 1632/1632 1580/1580 1578/1578
f 1526/1526 1578/1578 1580/1580
f 1579/1579 1527/1527 1633/1633
f 1581/1581 1633/1633 1527/1527
f 1580/1580 1634/1634 1528/1528
f 1582/1582 1528/1528 1634/1634
f 1581/1581 1529/1529 1635/1635
f 1583/1583 1635/1635 1529/1529
f 1582/1582 1636/1636 1530/1530
f 1584/1584 1530/1530 1636/1636
f 1637/1637 1585/1585 1638/1638
f 1586/1586 1638/1638 1585/1585
f 1639/1639 1640/1640 1587/1587
f 1588/1588 1587/1587 1640/1640
f 1641/1641 1589/1589 1642/1642
f 1590/1590 1642/1642 1589/1589
f 1643/1643 1591/1591 1588/1588
f 1535/1535 1588/1588 1591/1591
f 1590/1590 1538/1538 1644/1644
f 1592/1592 1644/1644 1538/1538
f 1645/1645 1593/1593 1591/1591
f 1539/1539 1591/1591 1593/1593
f 1592/1592 1540/1540 1646/1646
f 1594/1594 1646/1646 1540/1540
f 1647/1647 1595/1595 1593/1593
f 1541/1541 1593/1593 1595/1595
f 1594/1594 1542/1542 1648/1648
f 1596/1596 1648/1648 1542/1542
f 1649/1649 1597/1597 1595/1595
f 1543/1543 1595/1595 1597/1597
f 1598/1598 1650/1650 1544/1544
f 1596/1596 1544/1544 1650/1650
f 1599/1599 1545/1545 1651/1651
f 1597/1597 1651/1651 1545/1545
f 1600/1600 1652/1652 1546/1546
f 1598/1598 1546/1546 1652/1652
f 1601/1601 1547/1547 1653/1653
f 1599/1599 1653/1653 1547/1547
f 1603/1603 1654/1654 1549/1549
f 1600/1600 1549/1549 1654/1654
f 1630/1630 1576/1576 1655/1655
f 1601/1601 1655/1655 1576/1576
f 1656/1656 1657/1657 1602/1602
f 1603/1603 1602/1602 1657/1657
f 1604/1604 1658/1658 1548/1548
f 1602/1602 1548/1548 1658/1658
f 1605/1605 1659/1659 1550/1550
f 1604/1604 1550/1550 1659/1659
f 1551/1551 1606/1606 1605/1605
f 1660/1660 1605/1605 1606/1606
f 1552/1552 1607/1607 1606/1606
f 1661/1661 1606/1606 1607/1607
f 1553/1553 1608/1608 1607/1607
f 1662/1662 1607/1607 1608/1608
f 1555/1555 1610/1610 1608/1608
f 1663/1663 1608/1608 1610/1610
f 1609/1609 1664/1664 1610/1610
f 1665/1665 1610/1610 1664/1664
f 1611/1611 1666/1666 1612/1612
f 1667/1667 1612/1612 1666/1666
f 1613/1613 1559/1559 1668/1668
f 1614/1614 1668/1668 1559/1559
f 1614/1614 1560/1560 1669/1669
f 1615/1615 1669/1669 1560/1560
f 1615/1615 1561/1561 1670/1670
f 1616/1616 1670/1670 1561/1561
f 1564/1564 1618/1618 1617/1617
f 1671/1671 1617/1617 1618/1618
f 1618/1618 1565/1565 1672/1672
f 1619/1619 1672/1672 1565/1565
f 1619/1619 1566/1566 1673/1673
f 1620/1620 1673/1673 1566/1566
f 1674/1674 1621/1621 1675/1675
f 1622/1622 1675/1675 1621/1621
f 1622/1622 1568/1568 1676/1676
f 1623/1623 1676/1676 1568/1568
f 1677/1677 1623/1623 1624/1624
f 1570/1570 1624/1624 1623/1623
f 1678/1678 1624/1624 1625/1625
f 1571/1571 1625/1625 1624/1624
f 1626/1626 1679/1679 1572/1572
f 1625/1625 1572/1572 1679/1679
f 1627/1627 1680/1680 1573/1573
f 1626/1626 1573/1573 1680/1680
f 1627/1627 1574/1574 1681/1681
f 1628/1628 1681/1681 1574/1574
f 1628/1628 1575/1575 1682/1682
f 1629/1629 1682/1682 1575/1575
f 1629/1629 1630/1630 1683/1683
f 1684/1684 1683/1683 1630/1630
f 1616/1616 1577/1577 1670/1670
f 1631/1631 1670/1670 1577/1577
f 1671/1671 1632/1632 1617/1617
f 1578/1578 1617/1617 1632/1632
f 1631/1631 1579/1579 1685/1685
f 1633/1633 1685/1685 1579/1579
f 1632/1632 1686/1686 1580/1580
f 1634/1634 1580/1580 1686/1686
f 1633/1633 1581/1581 1687/1687
f 1635/1635 1687/1687 1581/1581
f 1634/1634 1688/1688 1582/1582
f 1636/1636 1582/1582 1688/1688
f 1689/1689 1637/1637 1690/1690
f 1638/1638 1690/1690 1637/1637
f 1691/1691 1692/1692 1639/1639
f 1640/1640 1639/1639 1692/1692
f 1693/1693 1641/1641 1694/1694
f 1642/1642 1694/1694 1641/1641
f 1640/1640 1695/1695 1588/1588
f 1643/1643 1588/1588 1695/1695
f 1642/1642 1590/1590 1696/1696
f 1644/1644 1696/1696 1590/1590
f 1697/1697 1645/1645 1643/1643
f 1591/1591 1643/1643 1645/1645
f 1644/1644 1592/1592 1698/1698
f 1646/1646 1698/1698 1592/1592
f 1699/1699 1647/1647 1645/1645
f 1593/1593 1645/1645 1647/1647
f 1646/1646 1594/1594 1700/1700
f 1648/1648 1700/1700 1594/1594
f 1701/1701 1649/1649 1647/1647
f 1595/1595 1647/1647 1649/1649
f 1648/1648 1596/1596 1702/1702
f 1650/1650 1702/1702 1596/1596
f 1703/1703 1651/1651 1649/1649
f 1597/1597 1649/1649 1651/1651
f 1652/1652 1704/1704 1598/1598
f 1650/1650 1598/1598 1704/1704
f 1653/1653 1599/1599 1705/1705
f 1651/1651 1705/1705 1599/1599
f 1654/1654 1706/1706 1600/1600
f 1652/1652 1600/1600 1706/1706
f 1655/1655 1601/1601 1707/1707
f 1653/1653 1707/1707 1601/1601
f 1708/1708 1654/1654 1657/1657
f 1603/1603 1657/1657 1654/1654
f 1684/1684 1630/1630 1709/1709
f 1655/1655 1709/1709 1630/1630
f 1710/1710 1711/1711 1656/1656
f 1657/1657 1656/1656 1711/1711
f 1712/1712 1656/1656 1658/1658
f 1602/1602 1658/1658 1656/1656
f 1713/1713 1658/1658 1659/1659
f 1604/1604 1659/1659 1658/1658
f 1605/1605 1660/1660 1659/1659
f 1714/1714 1659/1659 1660/1660
f 1606/1606 1661/1661 1660/1660
f 1715/1715 1660/1660 1661/1661
f 1607/1607 1662/1662 1661/1661
f 1716/1716 1661/1661 1662/1662
f 1608/1608 1663/1663 1662/1662
f 1717/1717 1662/1662 1663/1663
f 1610/1610 1665/1665 1663/1663
f 1718/1718 1663/1663 1665/1665
f 1664/1664 1719/1719 1665/1665
f 1720/1720 1665/1665 1719/1719
f 1667/1667 1666/1666 1721/1721
f 1722/1722 1721/1721 1666/1666
f 1668/1668 1614/1614 1723/1723
f 1669/1669 1723/1723 1614/1614
f 1669/1669 1615/1615 1724/1724
f 1670/1670 1724/1724 1615/1615
f 1671/1671 1618/1618 1725/1725
f 1672/1672 1725/1725 1618/1618
f 1672/1672 1619/1619 1726/1726
f 1673/1673 1726/1726 1619/1619
f 1727/1727 1674/1674 1728/1728
f 1675/1675 1728/1728 1674/1674
f 1675/1675 1622/1622 1729/1729
f 1676/1676 1729/1729 1622/1622
f 1676/1676 1623/1623 1730/1730
f 1677/1677 1730/1730 1623/1623
f 1731/1731 1677/1677 1678/1678
f 1624/1624 1678/1678 1677/1677
f 1679/1679 1732/1732 1625/1625
f 1678/1678 1625/1625 1732/1732
f 1680/1680 1733/1733 1626/1626
f 1679/1679 1626/1626 1733/1733
f 1681/1681 1734/1734 1627/1627
f 1680/1680 1627/1627 1734/1734
f 1681/1681 1628/1628 1735/1735
f 1682/1682 1735/1735 1628/1628
f 1682/1682 1629/1629 1736/1736
f 1683/1683 1736/1736 1629/1629
f 1737/1737 1683/1683 1738/1738
f 1684/1684 1738/1738 1683/1683
f 1670/1670 1631/1631 1724/1724
f 1685/1685 1724/1724 1631/1631
f 1671/1671 1725/1725 1632/1632
f 1686/1686 1632/1632 1725/1725
f 1685/1685 1633/1633 1739/1739
f 1687/1687 1739/1739 1633/1633
f 1686/1686 1740/1740 1634/1634
f 1688/1688 1634/1634 1740/1740
f 1741/1741 1742/1742 1690/1690
f 1689/1689 1690/1690 1742/1742
f 1743/1743 1744/1744 1691/1691
f 1692/1692 1691/1691 1744/1744
f 1745/1745 1693/1693 1746/1746
f 1694/1694 1746/1746 1693/1693
f 1692/1692 1747/1747 1640/1640
f 1695/1695 1640/1640 1747/1747
f 1694/1694 1642/1642 1748/1748
f 1696/1696 1748/1748 1642/1642
f 1695/1695 1749/1749 1643/1643
f 1697/1697 1643/1643 1749/1749
f 1696/1696 1644/1644 1750/1750
f 1698/1698 1750/1750 1644/1644
f 1697/1697 1751/1751 1645/1645
f 1699/1699 1645/1645 1751/1751
f 1698/1698 1646/1646 1752/1752
f 1700/1700 1752/1752 1646/1646
f 1753/1753 1701/1701 1699/1699
f 1647/1647 1699/1699 1701/1701
f 1700/1700 1648/1648 1754/1754
f 1702/1702 1754/1754 1648/1648
f 1755/1755 1703/1703 1701/1701
f 1649/1649 1701/1701 1703/1703
f 1702/1702 1650/1650 1756/1756
f 1704/1704 1756/1756 1650/1650
f 1757/1757 1705/1705 1703/1703
f 1651/1651 1703/1703 1705/1705
f 1758/1758 1704/1704 1706/1706
f 1652/1652 1706/1706 1704/1704
f 1707/1707 1653/1653 1759/1759
f 1705/1705 1759/1759 1653/1653
f 1760/1760 1706/1706 1708/1708
f 1654/1654 1708/1708 1706/1706
f 1709/1709 1655/1655 1761/1761
f 1707/1707 1761/1761 1655/1655
f 1762/1762 1708/1708 1711/1711
f 1657/1657 1711/1711 1708/1708
f 1738/1738 1684/1684 1763/1763
f 1709/1709 1763/1763 1684/1684
f 1764/1764 1765/1765 1710/1710
f 1711/1711 1710/1710 1765/1765
f 1766/1766 1710/1710 1712/1712
f 1656/1656 1712/1712 1710/1710
f 1767/1767 1712/1712 1713/1713
f 1658/1658 1713/1713 1712/1712
f 1768/1768 1713/1713 1714/1714
f 1659/1659 1714/1714 1713/1713
f 1660/1660 1715/1715 1714/1714
f 1769/1769 1714/1714 1715/1715
f 1661/1661 1716/1716 1715/1715
f 1770/1770 1715/1715 1716/1716
f 1662/1662 1717/1717 1716/1716
f 1771/1771 1716/1716 1717/1717
f 1663/1663 1718/1718 1717/1717
f 1772/1772 1717/1717 1718/1718
f 1665/1665 1720/1720 1718/1718
f 1773/1773 1718/1718 1720/1720
f 1720/1720 1719/1719 1774/1774
f 1775/1775 1774/1774 1719/1719
f 1721/1721 1722/1722 1776/1776
f 1777/1777 1776/1776 1722/1722
f 1669/1669 1724/1724 1723/1723
f 1778/1778 1723/1723 1724/1724
f 1725/1725 1672/1672 1779/1779
f 1726/1726 1779/1779 1672/1672
f 1780/1780 1727/1727 1781/1781
f 1728/1728 1781/1781 1727/1727
f 1728/1728 1675/1675 1782/1782
f 1729/1729 1782/1782 1675/1675
f 1729/1729 1676/1676 1783/1783
f 1730/1730 1783/1783 1676/1676
f 1730/1730 1677/1677 1784/1784
f 1731/1731 1784/1784 1677/1677
f 1732/1732 1785/1785 1678/1678
f 1731/1731 1678/1678 1785/1785
f 1733/1733 1786/1786 1679/1679
f 1732/1732 1679/1679 1786/1786
f 1734/1734 1787/1787 1680/1680
f 1733/1733 1680/1680 1787/1787
f 1735/1735 1788/1788 1681/1681
f 1734/1734 1681/1681 1788/1788
f 1735/1735 1682/1682 1789/1789
f 1736/1736 1789/1789 1682/1682
f 1736/1736 1683/1683 1790/1790
f 1737/1737 1790/1790 1683/1683
f 1737/1737 1738/1738 1791/1791
f 1792/1792 1791/1791 1738/1738
f 1724/1724 1685/1685 1778/1778
f 1739/1739 1778/1778 1685/1685
f 1725/1725 1779/1779 1686/1686
f 1740/1740 1686/1686 1779/1779
f 1793/1793 1794/1794 1741/1741
f 1742/1742 1741/1741 1794/1794
f 1795/1795 1796/1796 1743/1743
f 1744/1744 1743/1743 1796/1796
f 1797/1797 1745/1745 1798/1798
f 1746/1746 1798/1798 1745/1745
f 1744/1744 1799/1799 1692/1692
f 1747/1747 1692/1692 1799/1799
f 1746/1746 1694/1694 1800/1800
f 1748/1748 1800/1800 1694/1694
f 1747/1747 1801/1801 1695/1695
f 1749/1749 1695/1695 1801/1801
f 1748/1748 1696/1696 1802/1802
f 1750/1750 1802/1802 1696/1696
f 1749/1749 1803/1803 1697/1697
f 1751/1751 1697/1697 1803/1803
f 1750/1750 1698/1698 1804/1804
f 1752/1752 1804/1804 1698/1698
f 1805/1805 1753/1753 1751/1751
f 1699/1699 1751/1751 1753/1753
f 1752/1752 1700/1700 1806/1806
f 1754/1754 1806/1806 1700/1700
f 1807/1807 1755/1755 1753/1753
f 1701/1701 1753/1753 1755/1755
f 1754/1754 1702/1702 1808/1808
f 1756/1756 1808/1808 1702/1702
f 1809/1809 1757/1757 1755/1755
f 1703/1703 1755/1755 1757/1757
f 1810/1810 1756/1756 1758/1758
f 1704/1704 1758/1758 1756/1756
f 1811/1811 1759/1759 1757/1757
f 1705/1705 1757/1757 1759/1759
f 1812/1812 1758/1758 1760/1760
f 1706/1706 1760/1760 1758/1758
f 1761/1761 1707/1707 1813/1813
f 1759/1759 1813/1813 1707/1707
f 1814/1814 1760/1760 1762/1762
f 1708/1708 1762/1762 1760/1760
f 1763/1763 1709/1709 1815/1815
f 1761/1761 1815/1815 1709/1709
f 1816/1816 1762/1762 1765/1765
f 1711/1711 1765/1765 1762/1762
f 1792/1792 1738/1738 1817/1817
f 1763/1763 1817/1817 1738/1738
f 1818/1818 1819/1819 1764/1764
f 1765/1765 1764/1764 1819/1819
f 1820/1820 1764/1764 1766/1766
f 1710/1710 1766/1766 1764/1764
f 1821/1821 1766/1766 1767/1767
f 1712/1712 1767/1767 1766/1766
f 1822/1822 1767/1767 1768/1768
f 1713/1713 1768/1768 1767/1767
f 1714/1714 1769/1769 1768/1768
f 1823/1823 1768/1768 1769/1769
f 1715/1715 1770/1770 1769/1769
f 1824/1824 1769/1769 1770/1770
f 1716/1716 1771/1771 1770/1770
f 1825/1825 1770/1770 1771/1771
f 1717/1717 1772/1772 1771/1771
f 1826/1826 1771/1771 1772/1772
f 1718/1718 1773/1773 1772/1772
f 1827/1827 1772/1772 1773/1773
f 1720/1720 1774/1774 1773/1773
f 1828/1828 1773/1773 1774/1774
f 1774/1774 1775/1775 1829/1829
f 1830/1830 1829/1829 1775/1775
f 1776/1776 1777/1777 1831/1831
f 1832/1832 1831/1831 1777/1777
f 1833/1833 1780/1780 1834/1834
f 1781/1781 1834/1834 1780/1780
f 1781/1781 1728/1728 1835/1835
f 1782/1782 1835/1835 1728/1728
f 1782/1782 1729/1729 1836/1836
f 1783/1783 1836/1836 1729/1729
f 1783/1783 1730/1730 1837/1837
f 1784/1784 1837/1837 1730/1730
f 1785/1785 1838/1838 1731/1731
f 1784/1784 1731/1731 1838/1838
f 1786/1786 1839/1839 1732/1732
f 1785/1785 1732/1732 1839/1839
f 1787/1787 1840/1840 1733/1733
f 1786/1786 1733/1733 1840/1840
f 1788/1788 1841/1841 1734/1734
f 1787/1787 1734/1734 1841/1841
f 1789/1789 1842/1842 1735/1735
f 1788/1788 1735/1735 1842/1842
f 1789/1789 1736/1736 1843/1843
f 1790/1790 1843/1843 1736/1736
f 1790/1790 1737/1737 1844/1844
f 1791/1791 1844/1844 1737/1737
f 1845/1845 1791/1791 1846/1846
f 1792/1792 1846/1846 1791/1791
f 1831/1831 1832/1832 1793/1793
f 1794/1794 1793/1793 1832/1832
f 1833/1833 1834/1834 1795/1795
f 1796/1796 1795/1795 1834/1834
f 1847/1847 1797/1797 1848/1848
f 1798/1798 1848/1848 1797/1797
f 1796/1796 1849/1849 1744/1744
f 1799/1799 1744/1744 1849/1849
f 1850/1850 1798/1798 1800/1800
f 1746/1746 1800/1800 1798/1798
f 1799/1799 1851/1851 1747/1747
f 1801/1801 1747/1747 1851/1851
f 1800/1800 1748/1748 1852/1852
f 1802/1802 1852/1852 1748/1748
f 1801/1801 1853/1853 1749/1749
f 1803/1803 1749/1749 1853/1853
f 1802/1802 1750/1750 1854/1854
f 1804/1804 1854/1854 1750/1750
f 1855/1855 1805/1805 1803/1803
f 1751/1751 1803/1803 1805/1805
f 1804/1804 1752/1752 1856/1856
f 1806/1806 1856/1856 1752/1752
f 1857/1857 1807/1807 1805/1805
f 1753/1753 1805/1805 1807/1807
f 1806/1806 1754/1754 1858/1858
f 1808/1808 1858/1858 1754/1754
f 1859/1859 1809/1809 1807/1807
f 1755/1755 1807/1807 1809/1809
f 1808/1808 1756/1756 1860/1860
f 1810/1810 1860/1860 1756/1756
f 1861/1861 1811/1811 1809/1809
f 1757/1757 1809/1809 1811/1811
f 1862/1862 1810/1810 1812/1812
f 1758/1758 1812/1812 1810/1810
f 1863/1863 1813/1813 1811/1811
f 1759/1759 1811/1811 1813/1813
f 1864/1864 1812/1812 1814/1814
f 1760/1760 1814/1814 1812/1812
f 1815/1815 1761/1761 1865/1865
f 1813/1813 1865/1865 1761/1761
f 1866/1866 1814/1814 1816/1816
f 1762/1762 1816/1816 1814/1814
f 1817/1817 1763/1763 1867/1867
f 1815/1815 1867/1867 1763/1763
f 1868/1868 1816/1816 1819/1819
f 1765/1765 1819/1819 1816/1816
f 1846/1846 1792/1792 1869/1869
f 1817/1817 1869/1869 1792/1792
f 1870/1870 1871/1871 1818/1818
f 1819/1819 1818/1818 1871/1871
f 1872/1872 1818/1818 1820/1820
f 1764/1764 1820/1820 1818/1818
f 1873/1873 1820/1820 1821/1821
f 1766/1766 1821/1821 1820/1820
f 1874/1874 1821/1821 1822/1822
f 1767/1767 1822/1822 1821/1821
f 1875/1875 1822/1822 1823/1823
f 1768/1768 1823/1823 1822/1822
f 1769/1769 1824/1824 1823/1823
f 1876/1876 1823/1823 1824/1824
f 1770/1770 1825/1825 1824/1824
f 1877/1877 1824/1824 1825/1825
f 1771/1771 1826/1826 1825/1825
f 1878/1878 1825/1825 1826/1826
f 1772/1772 1827/1827 1826/1826
f 1879/1879 1826/1826 1827/1827
f 1773/1773 1828/1828 1827/1827
f 1880/1880 1827/1827 1828/1828
f 1774/1774 1829/1829 1828/1828
f 1881/1881 1828/1828 1829/1829
f 1829/1829 1830/1830 1882/1882
f 1883/1883 1882/1882 1830/1830
f 1834/1834 1781/1781 1884/1884
f 1835/1835 1884/1884 1781/1781
f 1835/1835 1782/1782 1885/1885
f 1836/1836 1885/1885 1782/1782
f 1836/1836 1783/1783 1886/1886
f 1837/1837 1886/1886 1783/1783
f 1837/1837 1784/1784 1887/1887
f 1838/1838 1887/1887 1784/1784
f 1839/1839 1888/1888 1785/1785
f 1838/1838 1785/1785 1888/1888
f 1840/1840 1889/1889 1786/1786
f 1839/1839 1786/1786 1889/1889
f 1841/1841 1890/1890 1787/1787
f 1840/1840 1787/1787 1890/1890
f 1842/1842 1891/1891 1788/1788
f 1841/1841 1788/1788 1891/1891
f 1843/1843 1892/1892 1789/1789
f 1842/1842 1789/1789 1892/1892
f 1843/1843 1790/1790 1893/1893
f 1844/1844 1893/1893 1790/1790
f 1844/1844 1791/1791 1894/1894
f 1845/1845 1894/1894 1791/1791
f 1895/1895 1896/1896 1897/1897
f 1897/1897 1896/1896 1898/1898
f 1896/1896 1899/1899 1898/1898
f 1899/1899 1900/1900 1898/1898
f 1898/1898 1900/1900 1901/1901
f 1900/1900 1902/1902 1901/1901
f 1901/1901 1902/1902 1903/1903
f 1902/1902 1904/1904 1903/1903
f 1903/1903 1904/1904 1905/1905
f 1904/1904 1906/1906 1905/1905
f 1906/1906 1907/1907 1905/1905
f 1905/1905 1907/1907 1908/1908
f 1907/1907 1909/1909 1908/1908
f 1908/1908 1909/1909 1910/1910
f 1909/1909 1911/1911 1910/1910
f 1911/1911 1912/1912 1910/1910
f 1910/1910 1912/1912 1913/1913
f 1912/1912 1914/1914 1913/1913
f 1914/1914 1915/1915 1913/1913
f 1915/1915 1916/1916 1913/1913
f 1913/1913 1916/1916 1917/1917
f 1917/1917 1916/1916 1918/1918
f 1916/1916 1919/1919 1918/1918
f 1920/1920 1918/1918 1919/1919
f 1921/1921 1922/1922 1923/1923
f 1922/1922 1924/1924 1923/1923
f 1923/1923 1924/1924 1897/1897
f 1897/1897 1924/1924 1895/1895
f 1895/1895 1924/1924 1925/1925
f 1924/1924 1926/1926 1925/1925
f 1925/1925 1926/1926 1927/1927
f 1927/1927 1926/1926 1928/1928
f 1926/1926 1929/1929 1928/1928
f 1928/1928 1929/1929 1930/1930
f 1929/1929 1931/1931 1930/1930
f 1930/1930 1931/1931 1932/1932
f 1932/1932 1931/1931 1933/1933
f 1931/1931 1934/1934 1933/1933
f 1933/1933 1934/1934 1935/1935
f 1934/1934 1936/1936 1935/1935
f 1935/1935 1936/1936 1937/1937
f 1936/1936 1938/1938 1937/1937
f 1937/1937 1938/1938 1939/1939
f 1939/1939 1938/1938 1940/1940
f 1938/1938 1941/1941 1940/1940
f 1940/1940 1941/1941 1942/1942
f 1942/1942 1941/1941 1915/1915
f 1916/1916 1915/1915 1941/1941
f 1883/1883 1847/1847 1882/1882
f 1848/1848 1882/1882 1847/1847
f 1834/1834 1884/1884 1796/1796
f 1849/1849 1796/1796 1884/1884
f 1943/1943 1848/1848 1850/1850
f 1798/1798 1850/1850 1848/1848
f 1849/1849 1944/1944 1799/1799
f 1851/1851 1799/1799 1944/1944
f 1945/1945 1850/1850 1852/1852
f 1800/1800 1852/1852 1850/1850
f 1851/1851 1946/1946 1801/1801
f 1853/1853 1801/1801 1946/1946
f 1852/1852 1802/1802 1947/1947
f 1854/1854 1947/1947 1802/1802
f 1853/1853 1948/1948 1803/1803
f 1855/1855 1803/1803 1948/1948
f 1854/1854 1804/1804 1949/1949
f 1856/1856 1949/1949 1804/1804
f 1950/1950 1857/1857 1855/1855
f 1805/1805 1855/1855 1857/1857
f 1856/1856 1806/1806 1951/1951
f 1858/1858 1951/1951 1806/1806
f 1952/1952 1859/1859 1857/1857
f 1807/1807 1857/1857 1859/1859
f 1858/1858 1808/1808 1953/1953
f 1860/1860 1953/1953 1808/1808
f 1954/1954 1861/1861 1859/1859
f 1809/1809 1859/1859 1861/1861
f 1955/1955 1860/1860 1862/1862
f 1810/1810 1862/1862 1860/1860
f 1956/1956 1863/1863 1861/1861
f 1811/1811 1861/1861 1863/1863
f 1957/1957 1862/1862 1864/1864
f 1812/1812 1864/1864 1862/1862
f 1958/1958 1865/1865 1863/1863
f 1813/1813 1863/1863 1865/1865
f 1959/1959 1864/1864 1866/1866
f 1814/1814 1866/1866 1864/1864
f 1867/1867 1815/1815 1960/1960
f 1865/1865 1960/1960 1815/1815
f 1961/1961 1866/1866 1868/1868
f 1816/1816 1868/1868 1866/1866
f 1869/1869 1817/1817 1962/1962
f 1867/1867 1962/1962 1817/1817
f 1963/1963 1868/1868 1871/1871
f 1819/1819 1871/1871 1868/1868
f 1964/1964 1965/1965 1966/1966
f 1967/1967 1966/1966 1965/1965
f 1968/1968 1870/1870 1872/1872
f 1818/1818 1872/1872 1870/1870
f 1969/1969 1872/1872 1873/1873
f 1820/1820 1873/1873 1872/1872
f 1970/1970 1873/1873 1874/1874
f 1821/1821 1874/1874 1873/1873
f 1971/1971 1874/1874 1875/1875
f 1822/1822 1875/1875 1874/1874
f 1972/1972 1875/1875 1876/1876
f 1823/1823 1876/1876 1875/1875
f 1824/1824 1877/1877 1876/1876
f 1973/1973 1876/1876 1877/1877
f 1825/1825 1878/1878 1877/1877
f 1974/1974 1877/1877 1878/1878
f 1826/1826 1879/1879 1878/1878
f 1975/1975 1878/1878 1879/1879
f 1827/1827 1880/1880 1879/1879
f 1976/1976 1879/1879 1880/1880
f 1828/1828 1881/1881 1880/1880
f 1977/1977 1880/1880 1881/1881
f 1829/1829 1882/1882 1881/1881
f 1978/1978 1881/1881 1882/1882
f 1884/1884 1835/1835 1979/1979
f 1885/1885 1979/1979 1835/1835
f 1885/1885 1836/1836 1980/1980
f 1886/1886 1980/1980 1836/1836
f 1886/1886 1837/1837 1981/1981
f 1887/1887 1981/1981 1837/1837
f 1888/1888 1982/1982 1838/1838
f 1887/1887 1838/1838 1982/1982
f 1889/1889 1983/1983 1839/1839
f 1888/1888 1839/1839 1983/1983
f 1890/1890 1984/1984 1840/1840
f 1889/1889 1840/1840 1984/1984
f 1891/1891 1985/1985 1841/1841
f 1890/1890 1841/1841 1985/1985
f 1892/1892 1986/1986 1842/1842
f 1891/1891 1842/1842 1986/1986
f 1893/1893 1987/1987 1843/1843
f 1892/1892 1843/1843 1987/1987
f 1893/1893 1844/1844 1988/1988
f 1894/1894 1988/1988 1844/1844
f 1989/1989 1990/1990 1991/1991
f 1992/1992 1991/1991 1990/1990
f 1990/1990 1993/1993 1992/1992
f 1994/1994 1992/1992 1993/1993
f 1993/1993 1995/1995 1994/1994
f 1996/1996 1994/1994 1995/1995
f 1995/1995 1997/1997 1996/1996
f 1998/1998 1996/1996 1997/1997
f 1997/1997 1999/1999 1998/1998
f 2000/2000 1998/1998 1999/1999
f 1999/1999 2001/2001 2000/2000
f 2002/2002 2000/2000 2001/2001
f 2001/2001 2003/2003 2002/2002
f 2004/2004 2002/2002 2003/2003
f 2003/2003 2005/2005 2004/2004
f 2006/2006 2004/2004 2005/2005
f 2005/2005 2007/2007 2006/2006
f 2008/2008 2006/2006 2007/2007
f 2007/2007 2009/2009 2008/2008
f 1960/1960 2008/2008 2009/2009
f 1962/1962 1867/1867 2009/2009
f 1960/1960 2009/2009 1867/1867
f 1988/1988 2010/2010 1893/1893
f 1987/1987 1893/1893 2010/2010
f 2010/2010 2011/2011 1987/1987
f 2012/2012 1987/1987 2011/2011
f 2011/2011 2013/2013 2012/2012
f 2014/2014 2012/2012 2013/2013
f 2013/2013 2015/2015 2014/2014
f 2016/2016 2014/2014 2015/2015
f 2015/2015 2017/2017 2016/2016
f 2018/2018 2016/2016 2017/2017
f 2017/2017 2019/2019 2018/2018
f 2020/2020 2018/2018 2019/2019
f 2020/2020 2019/2019 2021/2021
f 2022/2022 2021/2021 2019/2019
f 2021/2021 2022/2022 1991/1991
f 1989/1989 1991/1991 2022/2022
f 1978/1978 1882/1882 1943/1943
f 1848/1848 1943/1943 1882/1882
f 1884/1884 1979/1979 1849/1849
f 1944/1944 1849/1849 1979/1979
f 2023/2023 1943/1943 1945/1945
f 1850/1850 1945/1945 1943/1943
f 1944/1944 2024/2024 1851/1851
f 1946/1946 1851/1851 2024/2024
f 2025/2025 1945/1945 1947/1947
f 1852/1852 1947/1947 1945/1945
f 1946/1946 2026/2026 1853/1853
f 1948/1948 1853/1853 2026/2026
f 1947/1947 1854/1854 2027/2027
f 1949/1949 2027/2027 1854/1854
f 2028/2028 1950/1950 1948/1948
f 1855/1855 1948/1948 1950/1950
f 1949/1949 1856/1856 2029/2029
f 1951/1951 2029/2029 1856/1856
f 2030/2030 1952/1952 1950/1950
f 1857/1857 1950/1950 1952/1952
f 1951/1951 1858/1858 2031/2031
f 1953/1953 2031/2031 1858/1858
f 2032/2032 1954/1954 1952/1952
f 1859/1859 1952/1952 1954/1954
f 2033/2033 1953/1953 1955/1955
f 1860/1860 1955/1955 1953/1953
f 2034/2034 1956/1956 1954/1954
f 1861/1861 1954/1954 1956/1956
f 2035/2035 1955/1955 1957/1957
f 1862/1862 1957/1957 1955/1955
f 2036/2036 1958/1958 1956/1956
f 1863/1863 1956/1956 1958/1958
f 2037/2037 1957/1957 1959/1959
f 1864/1864 1959/1959 1957/1957
f 2008/2008 1960/1960 1958/1958
f 1865/1865 1958/1958 1960/1960
f 2038/2038 1959/1959 1961/1961
f 1866/1866 1961/1961 1959/1959
f 2039/2039 1961/1961 1963/1963
f 1868/1868 1963/1963 1961/1961
f 1967/1967 2040/2040 1966/1966
f 2041/2041 1966/1966 2040/2040
f 2042/2042 2043/2043 2044/2044
f 2045/2045 2044/2044 2043/2043
f 2046/2046 2047/2047 1964/1964
f 1965/1965 1964/1964 2047/2047
f 2048/2048 2049/2049 2050/2050
f 2050/2050 2049/2049 2051/2051
f 2049/2049 2052/2052 2051/2051
f 2051/2051 2052/2052 2053/2053
f 2052/2052 2054/2054 2053/2053
f 2053/2053 2054/2054 2055/2055
f 2054/2054 2056/2056 2055/2055
f 2056/2056 2057/2057 2055/2055
f 2055/2055 2057/2057 2058/2058
f 2057/2057 2059/2059 2058/2058
f 2058/2058 2059/2059 2060/2060
f 2059/2059 2061/2061 2060/2060
f 2060/2060 2061/2061 2062/2062
f 2061/2061 2063/2063 2062/2062
f 2062/2062 2063/2063 2064/2064
f 2063/2063 2065/2065 2064/2064
f 2064/2064 2065/2065 2066/2066
f 2065/2065 2067/2067 2066/2066
f 2066/2066 2067/2067 2068/2068
f 2067/2067 2069/2069 2068/2068
f 2068/2068 2069/2069 2070/2070
f 2071/2071 2070/2070 2069/2069
f 2072/2072 1968/1968 1969/1969
f 1872/1872 1969/1969 1968/1968
f 2073/2073 1969/1969 1970/1970
f 1873/1873 1970/1970 1969/1969
f 2074/2074 1970/1970 1971/1971
f 1874/1874 1971/1971 1970/1970
f 2075/2075 1971/1971 1972/1972
f 1875/1875 1972/1972 1971/1971
f 1973/1973 2076/2076 1876/1876
f 1972/1972 1876/1876 2076/2076
f 1877/1877 1974/1974 1973/1973
f 2077/2077 1973/1973 1974/1974
f 1878/1878 1975/1975 1974/1974
f 2078/2078 1974/1974 1975/1975
f 1879/1879 1976/1976 1975/1975
f 2079/2079 1975/1975 1976/1976
f 1880/1880 1977/1977 1976/1976
f 2080/2080 1976/1976 1977/1977
f 1977/1977 1881/1881 2081/2081
f 1978/1978 2081/2081 1881/1881
f 1979/1979 1885/1885 2082/2082
f 1980/1980 2082/2082 1885/1885
f 1886/1886 1981/1981 1980/1980
f 2083/2083 1980/1980 1981/1981
f 1887/1887 1982/1982 1981/1981
f 2084/2084 1981/1981 1982/1982
f 1983/1983 2085/2085 1888/1888
f 1982/1982 1888/1888 2085/2085
f 1984/1984 2086/2086 1889/1889
f 1983/1983 1889/1889 2086/2086
f 1985/1985 2087/2087 1890/1890
f 1984/1984 1890/1890 2087/2087
f 1986/1986 2088/2088 1891/1891
f 1985/1985 1891/1891 2088/2088
f 1987/1987 2012/2012 1892/1892
f 1986/1986 1892/1892 2012/2012
f 2089/2089 1991/1991 2090/2090
f 1992/1992 2090/2090 1991/1991
f 1992/1992 1994/1994 2090/2090
f 2091/2091 2090/2090 1994/1994
f 1994/1994 1996/1996 2091/2091
f 2092/2092 2091/2091 1996/1996
f 1996/1996 1998/1998 2092/2092
f 2093/2093 2092/2092 1998/1998
f 1998/1998 2000/2000 2093/2093
f 2094/2094 2093/2093 2000/2000
f 2000/2000 2002/2002 2094/2094
f 2095/2095 2094/2094 2002/2002
f 2002/2002 2004/2004 2095/2095
f 2096/2096 2095/2095 2004/2004
f 2004/2004 2006/2006 2096/2096
f 2036/2036 2096/2096 2006/2006
f 2006/2006 2008/2008 2036/2036
f 1958/1958 2036/2036 2008/2008
f 2012/2012 2014/2014 1986/1986
f 2088/2088 1986/1986 2014/2014
f 2014/2014 2016/2016 2088/2088
f 2097/2097 2088/2088 2016/2016
f 2016/2016 2018/2018 2097/2097
f 2098/2098 2097/2097 2018/2018
f 2018/2018 2020/2020 2098/2098
f 2099/2099 2098/2098 2020/2020
f 2099/2099 2020/2020 2100/2100
f 2021/2021 2100/2100 2020/2020
f 2100/2100 2021/2021 2089/2089
f 1991/1991 2089/2089 2021/2021
f 2081/2081 1978/1978 2023/2023
f 1943/1943 2023/2023 1978/1978
f 1979/1979 2082/2082 1944/1944
f 2024/2024 1944/1944 2082/2082
f 2101/2101 2023/2023 2025/2025
f 1945/1945 2025/2025 2023/2023
f 2102/2102 2026/2026 2024/2024
f 1946/1946 2024/2024 2026/2026
f 2103/2103 2025/2025 2027/2027
f 1947/1947 2027/2027 2025/2025
f 2104/2104 2028/2028 2026/2026
f 1948/1948 2026/2026 2028/2028
f 2027/2027 1949/1949 2105/2105
f 2029/2029 2105/2105 1949/1949
f 2106/2106 2030/2030 2028/2028
f 1950/1950 2028/2028 2030/2030
f 2029/2029 1951/1951 2107/2107
f 2031/2031 2107/2107 1951/1951
f 2108/2108 2032/2032 2030/2030
f 1952/1952 2030/2030 2032/2032
f 2109/2109 2031/2031 2033/2033
f 1953/1953 2033/2033 2031/2031
f 2110/2110 2034/2034 2032/2032
f 1954/1954 2032/2032 2034/2034
f 2111/2111 2033/2033 2035/2035
f 1955/1955 2035/2035 2033/2033
f 2096/2096 2036/2036 2034/2034
f 1956/1956 2034/2034 2036/2036
f 2112/2112 2035/2035 2037/2037
f 1957/1957 2037/2037 2035/2035
f 2113/2113 2037/2037 2038/2038
f 1959/1959 2038/2038 2037/2037
f 2114/2114 2038/2038 2039/2039
f 1961/1961 2039/2039 2038/2038
f 2040/2040 2115/2115 2041/2041
f 2116/2116 2041/2041 2115/2115
f 2045/2045 2117/2117 2044/2044
f 2118/2118 2044/2044 2117/2117
f 2119/2119 2120/2120 2121/2121
f 2122/2122 2123/2123 2042/2042
f 2043/2043 2042/2042 2123/2123
f 2124/2124 2125/2125 2046/2046
f 2047/2047 2046/2046 2125/2125
f 2126/2126 2125/2125 2127/2127
f 2124/2124 2127/2127 2125/2125
f 2128/2128 2126/2126 2129/2129
f 2127/2127 2129/2129 2126/2126
f 2130/2130 2128/2128 2131/2131
f 2129/2129 2131/2131 2128/2128
f 2132/2132 2130/2130 2133/2133
f 2131/2131 2133/2133 2130/2130
f 2134/2134 2132/2132 2135/2135
f 2133/2133 2135/2135 2132/2132
f 2136/2136 2134/2134 2137/2137
f 2135/2135 2137/2137 2134/2134
f 2137/2137 2138/2138 2136/2136
f 2139/2139 2136/2136 2138/2138
f 2138/2138 2140/2140 2139/2139
f 2141/2141 2139/2139 2140/2140
f 2140/2140 2142/2142 2141/2141
f 2143/2143 2141/2141 2142/2142
f 2143/2143 2142/2142 2144/2144
f 2145/2145 2144/2144 2142/2142
f 2144/2144 2145/2145 2146/2146
f 2147/2147 2146/2146 2145/2145
f 2146/2146 2147/2147 2148/2148
f 2149/2149 2148/2148 2147/2147
f 2150/2150 2148/2148 2151/2151
f 2149/2149 2151/2151 2148/2148
f 2152/2152 2150/2150 2153/2153
f 2151/2151 2153/2153 2150/2150
f 2154/2154 2152/2152 2155/2155
f 2153/2153 2155/2155 2152/2152
f 2156/2156 2154/2154 2157/2157
f 2155/2155 2157/2157 2154/2154
f 2158/2158 2156/2156 2159/2159
f 2157/2157 2159/2159 2156/2156
f 2160/2160 2158/2158 2161/2161
f 2159/2159 2161/2161 2158/2158
f 2115/2115 2160/2160 2116/2116
f 2161/2161 2116/2116 2160/2160
f 2162/2162 2072/2072 2073/2073
f 1969/1969 2073/2073 2072/2072
f 2163/2163 2073/2073 2074/2074
f 1970/1970 2074/2074 2073/2073
f 2164/2164 2074/2074 2075/2075
f 1971/1971 2075/2075 2074/2074
f 2076/2076 2165/2165 1972/1972
f 2075/2075 1972/1972 2165/2165
f 2077/2077 2166/2166 1973/1973
f 2076/2076 1973/1973 2166/2166
f 2078/2078 2167/2167 1974/1974
f 2077/2077 1974/1974 2167/2167
f 1975/1975 2079/2079 2078/2078
f 2168/2168 2078/2078 2079/2079
f 1976/1976 2080/2080 2079/2079
f 2169/2169 2079/2079 2080/2080
f 1977/1977 2081/2081 2080/2080
f 2170/2170 2080/2080 2081/2081
f 2083/2083 2171/2171 1980/1980
f 2082/2082 1980/1980 2171/2171
f 1981/1981 2084/2084 2083/2083
f 2172/2172 2083/2083 2084/2084
f 1982/1982 2085/2085 2084/2084
f 2173/2173 2084/2084 2085/2085
f 2086/2086 2174/2174 1983/1983
f 2085/2085 1983/1983 2174/2174
f 2087/2087 2175/2175 1984/1984
f 2086/2086 1984/1984 2175/2175
f 2088/2088 2097/2097 1985/1985
f 2087/2087 1985/1985 2097/2097
f 2089/2089 2090/2090 2176/2176
f 2177/2177 2176/2176 2090/2090
f 2090/2090 2091/2091 2177/2177
f 2178/2178 2177/2177 2091/2091
f 2091/2091 2092/2092 2178/2178
f 2179/2179 2178/2178 2092/2092
f 2092/2092 2093/2093 2179/2179
f 2180/2180 2179/2179 2093/2093
f 2093/2093 2094/2094 2180/2180
f 2181/2181 2180/2180 2094/2094
f 2094/2094 2095/2095 2181/2181
f 2110/2110 2181/2181 2095/2095
f 2095/2095 2096/2096 2110/2110
f 2034/2034 2110/2110 2096/2096
f 2097/2097 2098/2098 2087/2087
f 2175/2175 2087/2087 2098/2098
f 2098/2098 2099/2099 2175/2175
f 2182/2182 2175/2175 2099/2099
f 2182/2182 2099/2099 2183/2183
f 2100/2100 2183/2183 2099/2099
f 2183/2183 2100/2100 2176/2176
f 2089/2089 2176/2176 2100/2100
f 2170/2170 2081/2081 2101/2101
f 2023/2023 2101/2101 2081/2081
f 2171/2171 2102/2102 2082/2082
f 2024/2024 2082/2082 2102/2102
f 2184/2184 2101/2101 2103/2103
f 2025/2025 2103/2103 2101/2101
f 2185/2185 2104/2104 2102/2102
f 2026/2026 2102/2102 2104/2104
f 2186/2186 2103/2103 2105/2105
f 2027/2027 2105/2105 2103/2103
f 2187/2187 2106/2106 2104/2104
f 2028/2028 2104/2104 2106/2106
f 2105/2105 2029/2029 2188/2188
f 2107/2107 2188/2188 2029/2029
f 2189/2189 2108/2108 2106/2106
f 2030/2030 2106/2106 2108/2108
f 2107/2107 2031/2031 2190/2190
f 2109/2109 2190/2190 2031/2031
f 2181/2181 2110/2110 2108/2108
f 2032/2032 2108/2108 2110/2110
f 2109/2109 2033/2033 2191/2191
f 2111/2111 2191/2191 2033/2033
f 2192/2192 2111/2111 2112/2112
f 2035/2035 2112/2112 2111/2111
f 2193/2193 2112/2112 2113/2113
f 2037/2037 2113/2113 2112/2112
f 2194/2194 2113/2113 2114/2114
f 2038/2038 2114/2114 2113/2113
f 2117/2117 2195/2195 2118/2118
f 2196/2196 2118/2118 2195/2195
f 2197/2197 2198/2198 2120/2120
f 2199/2199 2121/2121 2200/2200
f 2201/2201 2202/2202 2122/2122
f 2123/2123 2122/2122 2202/2202
f 2203/2203 2202/2202 2204/2204
f 2201/2201 2204/2204 2202/2202
f 2205/2205 2203/2203 2206/2206
f 2204/2204 2206/2206 2203/2203
f 2207/2207 2162/2162 2163/2163
f 2073/2073 2163/2163 2162/2162
f 2208/2208 2205/2205 2209/2209
f 2206/2206 2209/2209 2205/2205
f 2210/2210 2207/2207 2211/2211
f 2163/2163 2211/2211 2207/2207
f 2212/2212 2208/2208 2213/2213
f 2209/2209 2213/2213 2208/2208
f 2214/2214 2215/2215 2211/2211
f 2210/2210 2211/2211 2215/2215
f 2216/2216 2212/2212 2217/2217
f 2213/2213 2217/2217 2212/2212
f 2218/2218 2219/2219 2214/2214
f 2215/2215 2214/2214 2219/2219
f 2220/2220 2216/2216 2221/2221
f 2217/2217 2221/2221 2216/2216
f 2222/2222 2223/2223 2218/2218
f 2219/2219 2218/2218 2223/2223
f 2221/2221 2224/2224 2220/2220
f 2225/2225 2220/2220 2224/2224
f 2226/2226 2227/2227 2222/2222
f 2223/2223 2222/2222 2227/2227
f 2224/2224 2228/2228 2225/2225
f 2229/2229 2225/2225 2228/2228
f 2230/2230 2231/2231 2226/2226
f 2227/2227 2226/2226 2231/2231
f 2229/2229 2228/2228 2232/2232
f 2233/2233 2232/2232 2228/2228
f 2234/2234 2235/2235 2230/2230
f 2231/2231 2230/2230 2235/2235
f 2232/2232 2233/2233 2236/2236
f 2237/2237 2236/2236 2233/2233
f 2234/2234 2238/2238 2235/2235
f 2239/2239 2235/2235 2238/2238
f 2236/2236 2237/2237 2240/2240
f 2241/2241 2240/2240 2237/2237
f 2238/2238 2242/2242 2239/2239
f 2243/2243 2239/2239 2242/2242
f 2240/2240 2241/2241 2244/2244
f 2245/2245 2244/2244 2241/2241
f 2242/2242 2246/2246 2243/2243
f 2247/2247 2243/2243 2246/2246
f 2248/2248 2244/2244 2249/2249
f 2245/2245 2249/2249 2244/2244
f 2246/2246 2250/2250 2247/2247
f 2251/2251 2247/2247 2250/2250
f 2252/2252 2248/2248 2253/2253
f 2249/2249 2253/2253 2248/2248
f 2250/2250 2254/2254 2251/2251
f 2255/2255 2251/2251 2254/2254
f 2256/2256 2252/2252 2257/2257
f 2253/2253 2257/2257 2252/2252
f 2255/2255 2254/2254 2258/2258
f 2259/2259 2258/2258 2254/2254
f 2260/2260 2256/2256 2261/2261
f 2257/2257 2261/2261 2256/2256
f 2258/2258 2259/2259 2262/2262
f 2193/2193 2262/2262 2259/2259
f 2263/2263 2260/2260 2264/2264
f 2261/2261 2264/2264 2260/2260
f 2262/2262 2193/2193 2194/2194
f 2113/2113 2194/2194 2193/2193
f 2265/2265 2263/2263 2266/2266
f 2264/2264 2266/2266 2263/2263
f 2195/2195 2265/2265 2196/2196
f 2266/2266 2196/2196 2265/2265
f 2211/2211 2163/2163 2164/2164
f 2074/2074 2164/2164 2163/2163
f 2267/2267 2164/2164 2165/2165
f 2075/2075 2165/2165 2164/2164
f 2166/2166 2268/2268 2076/2076
f 2165/2165 2076/2076 2268/2268
f 2167/2167 2269/2269 2077/2077
f 2166/2166 2077/2077 2269/2269
f 2168/2168 2270/2270 2078/2078
f 2167/2167 2078/2078 2270/2270
f 2079/2079 2169/2169 2168/2168
f 2271/2271 2168/2168 2169/2169
f 2169/2169 2080/2080 2272/2272
f 2170/2170 2272/2272 2080/2080
f 2083/2083 2172/2172 2171/2171
f 2273/2273 2171/2171 2172/2172
f 2084/2084 2173/2173 2172/2172
f 2274/2274 2172/2172 2173/2173
f 2085/2085 2174/2174 2173/2173
f 2275/2275 2173/2173 2174/2174
f 2175/2175 2182/2182 2086/2086
f 2174/2174 2086/2086 2182/2182
f 2276/2276 2176/2176 2277/2277
f 2177/2177 2277/2277 2176/2176
f 2177/2177 2178/2178 2277/2277
f 2278/2278 2277/2277 2178/2178
f 2178/2178 2179/2179 2278/2278
f 2279/2279 2278/2278 2179/2179
f 2179/2179 2180/2180 2279/2279
f 2189/2189 2279/2279 2180/2180
f 2180/2180 2181/2181 2189/2189
f 2108/2108 2189/2189 2181/2181
f 2174/2174 2182/2182 2275/2275
f 2183/2183 2275/2275 2182/2182
f 2275/2275 2183/2183 2276/2276
f 2176/2176 2276/2276 2183/2183
f 2272/2272 2170/2170 2184/2184
f 2101/2101 2184/2184 2170/2170
f 2273/2273 2185/2185 2171/2171
f 2102/2102 2171/2171 2185/2185
f 2280/2280 2184/2184 2186/2186
f 2103/2103 2186/2186 2184/2184
f 2281/2281 2187/2187 2185/2185
f 2104/2104 2185/2185 2187/2187
f 2186/2186 2105/2105 2282/2282
f 2188/2188 2282/2282 2105/2105
f 2279/2279 2189/2189 2187/2187
f 2106/2106 2187/2187 2189/2189
f 2188/2188 2107/2107 2283/2283
f 2190/2190 2283/2283 2107/2107
f 2190/2190 2109/2109 2284/2284
f 2191/2191 2284/2284 2109/2109
f 2285/2285 2191/2191 2192/2192
f 2111/2111 2192/2192 2191/2191
f 2259/2259 2192/2192 2193/2193
f 2112/2112 2193/2193 2192/2192
f 2286/2286 2198/2198 2287/2287
f 2288/2288 2200/2200 2289/2289
f 2289/2289 2290/2290 2291/2291
f 2290/2290 2292/2292 2293/2293
f 2292/2292 2294/2294 2295/2295
f 2294/2294 2296/2296 2297/2297
f 2214/2214 2211/2211 2267/2267
f 2164/2164 2267/2267 2211/2211
f 2296/2296 2298/2298 2299/2299
f 2300/2300 2218/2218 2267/2267
f 2214/2214 2267/2267 2218/2218
f 2298/2298 2301/2301 2302/2302
f 2303/2303 2222/2222 2300/2300
f 2218/2218 2300/2300 2222/2222
f 2304/2304 2305/2305 2301/2301
f 2306/2306 2226/2226 2303/2303
f 2222/2222 2303/2303 2226/2226
f 2307/2307 2308/2308 2304/2304
f 2309/2309 2230/2230 2306/2306
f 2226/2226 2306/2306 2230/2230
f 2310/2310 2311/2311 2307/2307
f 2312/2312 2234/2234 2309/2309
f 2230/2230 2309/2309 2234/2234
f 2310/2310 2313/2313 2314/2314
f 2312/2312 2315/2315 2234/2234
f 2238/2238 2234/2234 2315/2315
f 2313/2313 2316/2316 2317/2317
f 2315/2315 2318/2318 2238/2238
f 2242/2242 2238/2238 2318/2318
f 2316/2316 2319/2319 2320/2320
f 2318/2318 2321/2321 2242/2242
f 2246/2246 2242/2242 2321/2321
f 2319/2319 2322/2322 2323/2323
f 2321/2321 2324/2324 2246/2246
f 2250/2250 2246/2246 2324/2324
f 2322/2322 2325/2325 2326/2326
f 2324/2324 2285/2285 2250/2250
f 2254/2254 2250/2250 2285/2285
f 2325/2325 2327/2327 2328/2328
f 2254/2254 2285/2285 2259/2259
f 2192/2192 2259/2259 2285/2285
f 2327/2327 2329/2329 2330/2330
f 2329/2329 2331/2331 2332/2332
f 2331/2331 2333/2333 2334/2334
f 2333/2333 2286/2286 2335/2335
f 2268/2268 2300/2300 2165/2165
f 2267/2267 2165/2165 2300/2300
f 2269/2269 2336/2336 2166/2166
f 2268/2268 2166/2166 2336/2336
f 2270/2270 2337/2337 2167/2167
f 2269/2269 2167/2167 2337/2337
f 2168/2168 2271/2271 2270/2270
f 2338/2338 2270/2270 2271/2271
f 2169/2169 2272/2272 2271/2271
f 2339/2339 2271/2271 2272/2272
f 2172/2172 2274/2274 2273/2273
f 2340/2340 2273/2273 2274/2274
f 2173/2173 2275/2275 2274/2274
f 2276/2276 2274/2274 2275/2275
f 2274/2274 2276/2276 2340/2340
f 2277/2277 2340/2340 2276/2276
f 2277/2277 2278/2278 2340/2340
f 2281/2281 2340/2340 2278/2278
f 2278/2278 2279/2279 2281/2281
f 2187/2187 2281/2281 2279/2279
f 2339/2339 2272/2272 2280/2280
f 2184/2184 2280/2280 2272/2272
f 2340/2340 2281/2281 2273/2273
f 2185/2185 2273/2273 2281/2281
f 2341/2341 2280/2280 2282/2282
f 2186/2186 2282/2282 2280/2280
f 2282/2282 2188/2188 2342/2342
f 2283/2283 2342/2342 2188/2188
f 2283/2283 2190/2190 2343/2343
f 2284/2284 2343/2343 2190/2190
f 2284/2284 2191/2191 2324/2324
f 2285/2285 2324/2324 2191/2191
f 2336/2336 2303/2303 2268/2268
f 2300/2300 2268/2268 2303/2303
f 2344/2344 2306/2306 2336/2336
f 2303/2303 2336/2336 2306/2306
f 2345/2345 2309/2309 2344/2344
f 2306/2306 2344/2344 2309/2309
f 2346/2346 2312/2312 2345/2345
f 2309/2309 2345/2345 2312/2312
f 2346/2346 2347/2347 2312/2312
f 2315/2315 2312/2312 2347/2347
f 2347/2347 2348/2348 2315/2315
f 2318/2318 2315/2315 2348/2348
f 2348/2348 2343/2343 2318/2318
f 2321/2321 2318/2318 2343/2343
f 2343/2343 2284/2284 2321/2321
f 2324/2324 2321/2321 2284/2284
f 2337/2337 2344/2344 2269/2269
f 2336/2336 2269/2269 2344/2344
f 2338/2338 2349/2349 2270/2270
f 2337/2337 2270/2270 2349/2349
f 2338/2338 2271/2271 2350/2350
f 2339/2339 2350/2350 2271/2271
f 2350/2350 2339/2339 2341/2341
f 2280/2280 2341/2341 2339/2339
f 2341/2341 2282/2282 2351/2351
f 2342/2342 2351/2351 2282/2282
f 2342/2342 2283/2283 2348/2348
f 2343/2343 2348/2348 2283/2283
f 2349/2349 2345/2345 2337/2337
f 2344/2344 2337/2337 2345/2345
f 2352/2352 2346/2346 2349/2349
f 2345/2345 2349/2349 2346/2346
f 2352/2352 2351/2351 2346/2346
f 2347/2347 2346/2346 2351/2351
f 2351/2351 2342/2342 2347/2347
f 2348/2348 2347/2347 2342/2342
f 2350/2350 2352/2352 2338/2338
f 2349/2349 2338/2338 2352/2352
f 2350/2350 2341/2341 2352/2352
f 2351/2351 2352/2352 2341/2341
f 2353/2353 2354/2354 2355/2355
f 2354/2354 2353/2353 2356/2356
f 2356/2356 2357/2357 2354/2354
f 2357/2357 2356/2356 2358/2358
f 2359/2359 2360/2360 2361/2361
f 2360/2360 2359/2359 2362/2362
f 2360/2360 2362/2362 2363/2363
f 2363/2363 2362/2362 2364/2364
f 2363/2363 2364/2364 2365/2365
f 2365/2365 2364/2364 2366/2366
f 2366/2366 2364/2364 2367/2367
f 2367/2367 2364/2364 2368/2368
f 2367/2367 2368/2368 2369/2369
f 2369/2369 2368/2368 2370/2370
f 2370/2370 2368/2368 2371/2371
f 2370/2370 2371/2371 2372/2372
f 2372/2372 2371/2371 2373/2373
f 2372/2372 2373/2373 2374/2374
f 2374/2374 2373/2373 2375/2375
f 2374/2374 2375/2375 2376/2376
f 2376/2376 2375/2375 2377/2377
f 2377/2377 2375/2375 2378/2378
f 2377/2377 2378/2378 2379/2379
f 2379/2379 2378/2378 2380/2380
f 2379/2379 2380/2380 2381/2381
f 2381/2381 2380/2380 2382/2382
f 2382/2382 2380/2380 2383/2383
f 2382/2382 2383/2383 2384/2384
f 2365/2365 2385/2385 2363/2363
f 2385/2385 2365/2365 2386/2386
f 2385/2385 2386/2386 2387/2387
f 2385/2385 2387/2387 2388/2388
f 2388/2388 2387/2387 2389/2389
f 2388/2388 2389/2389 2390/2390
f 2388/2388 2390/2390 2391/2391
f 2391/2391 2390/2390 2392/2392
f 2391/2391 2392/2392 2393/2393
f 2393/2393 2392/2392 2394/2394
f 2393/2393 2394/2394 2395/2395
f 2395/2395 2394/2394 2396/2396
f 2395/2395 2396/2396 2397/2397
f 2395/2395 2397/2397 2398/2398
f 2398/2398 2397/2397 2399/2399
f 2398/2398 2399/2399 2400/2400
f 2400/2400 2399/2399 2401/2401
f 2400/2400 2401/2401 2402/2402
f 2400/2400 2402/2402 2403/2403
f 2403/2403 2402/2402 2384/2384
f 2403/2403 2384/2384 2383/2383
f 2403/2403 2383/2383 2404/2404
f 2403/2403 2404/2404 2405/2405
f 2405/2405 2404/2404 2406/2406
f 2407/2407 2353/2353 2355/2355
f 2353/2353 2407/2407 2408/2408
f 2409/2409 2410/2410 2411/2411
f 2410/2410 2409/2409 2412/2412
f 2410/2410 2412/2412 2413/2413
f 2413/2413 2412/2412 2414/2414
f 2414/2414 2412/2412 2415/2415
f 2414/2414 2415/2415 2416/2416
f 2416/2416 2415/2415 2417/2417
f 2416/2416 2417/2417 2418/2418
f 2418/2418 2417/2417 2419/2419
f 2418/2418 2419/2419 2420/2420
f 2420/2420 2419/2419 2421/2421
f 2420/2420 2421/2421 2422/2422
f 2422/2422 2421/2421 2423/2423
f 2423/2423 2421/2421 2424/2424
f 2423/2423 2424/2424 2425/2425
f 2425/2425 2424/2424 2426/2426
f 2425/2425 2426/2426 2427/2427
f 2427/2427 2426/2426 2428/2428
f 2427/2427 2428/2428 2429/2429
f 2429/2429 2428/2428 2430/2430
f 2430/2430 2428/2428 2431/2431
f 2431/2431 2428/2428 2432/2432
f 2432/2432 2428/2428 2433/2433
f 2432/2432 2433/2433 2434/2434
f 2435/2435 2436/2436 2437/2437
f 2436/2436 2435/2435 2409/2409
f 2436/2436 2409/2409 2438/2438
f 2438/2438 2409/2409 2411/2411
f 2438/2438 2411/2411 2439/2439
f 2438/2438 2439/2439 2440/2440
f 2440/2440 2439/2439 2441/2441
f 2440/2440 2441/2441 2442/2442
f 2440/2440 2442/2442 2443/2443
f 2443/2443 2442/2442 2444/2444
f 2443/2443 2444/2444 2445/2445
f 2445/2445 2444/2444 2446/2446
f 2445/2445 2446/2446 2447/2447
f 2447/2447 2446/2446 2448/2448
f 2447/2447 2448/2448 2449/2449
f 2447/2447 2449/2449 2450/2450
f 2450/2450 2449/2449 2451/2451
f 2450/2450 2451/2451 2452/2452
f 2452/2452 2451/2451 2453/2453
f 2452/2452 2453/2453 2454/2454
f 2454/2454 2453/2453 2455/2455
f 2454/2454 2455/2455 2431/2431
f 2431/2431 2455/2455 2456/2456
f 2431/2431 2456/2456 2430/2430
f 2358/2358 2457/2457 2357/2357
f 2457/2457 2358/2358 2458/2458
f 2459/2459 2460/2460 2461/2461
f 2460/2460 2459/2459 2462/2462
f 2462/2462 2463/2463 2460/2460
f 2463/2463 2462/2462 2464/2464
f 2465/2465 2463/2463 2464/2464
f 2463/2463 2465/2465 2466/2466
f 2467/2467 2466/2466 2465/2465
f 2466/2466 2467/2467 2468/2468
f 2469/2469 2468/2468 2467/2467
f 2468/2468 2469/2469 2470/2470
f 2471/2471 2470/2470 2469/2469
f 2470/2470 2471/2471 2472/2472
f 2473/2473 2472/2472 2471/2471
f 2472/2472 2473/2473 2474/2474
f 2475/2475 2474/2474 2473/2473
f 2474/2474 2475/2475 2476/2476
f 2475/2475 2477/2477 2476/2476
f 2477/2477 2475/2475 2478/2478
f 2478/2478 2479/2479 2477/2477
f 2479/2479 2478/2478 2480/2480
f 2480/2480 2481/2481 2479/2479
f 2481/2481 2480/2480 2482/2482
f 2482/2482 2483/2483 2481/2481
f 2483/2483 2482/2482 2484/2484
f 2484/2484 2485/2485 2483/2483
f 2485/2485 2484/2484 2486/2486
f 2486/2486 2487/2487 2485/2485
f 2487/2487 2486/2486 2488/2488
f 2487/2487 2489/2489 2490/2490
f 2489/2489 2487/2487 2488/2488
f 2490/2490 2491/2491 2492/2492
f 2491/2491 2490/2490 2489/2489
f 2492/2492 2493/2493 2494/2494
f 2493/2493 2492/2492 2491/2491
f 2494/2494 2495/2495 2496/2496
f 2495/2495 2494/2494 2493/2493
f 2496/2496 2408/2408 2407/2407
f 2408/2408 2496/2496 2495/2495
f 2458/2458 2461/2461 2457/2457
f 2461/2461 2458/2458 2459/2459
f 2497/2497 2498/2498 2499/2499
f 2500/2500 2499/2499 2498/2498
f 2501/2501 2497/2497 2502/2502
f 2499/2499 2502/2502 2497/2497
f 2503/2503 2504/2504 2505/2505
f 2505/2505 2504/2504 2506/2506
f 2504/2504 2507/2507 2506/2506
f 2507/2507 2508/2508 2506/2506
f 2508/2508 2509/2509 2506/2506
f 2506/2506 2509/2509 2510/2510
f 2509/2509 2511/2511 2510/2510
f 2511/2511 2512/2512 2510/2510
f 2510/2510 2512/2512 2513/2513
f 2512/2512 2514/2514 2513/2513
f 2513/2513 2514/2514 2515/2515
f 2514/2514 2516/2516 2515/2515
f 2516/2516 2517/2517 2515/2515
f 2515/2515 2517/2517 2518/2518
f 2517/2517 2519/2519 2518/2518
f 2518/2518 2519/2519 2520/2520
f 2519/2519 2521/2521 2520/2520
f 2520/2520 2521/2521 2522/2522
f 2521/2521 2523/2523 2522/2522
f 2523/2523 2524/2524 2522/2522
f 2522/2522 2524/2524 2525/2525
f 2524/2524 2526/2526 2525/2525
f 2526/2526 2527/2527 2525/2525
f 2528/2528 2525/2525 2527/2527
f 2508/2508 2507/2507 2529/2529
f 2507/2507 2530/2530 2529/2529
f 2529/2529 2530/2530 2531/2531
f 2531/2531 2530/2530 2532/2532
f 2530/2530 2533/2533 2532/2532
f 2532/2532 2533/2533 2534/2534
f 2533/2533 2535/2535 2534/2534
f 2534/2534 2535/2535 2536/2536
f 2536/2536 2535/2535 2537/2537
f 2535/2535 2538/2538 2537/2537
f 2537/2537 2538/2538 2539/2539
f 2538/2538 2540/2540 2539/2539
f 2539/2539 2540/2540 2541/2541
f 2540/2540 2542/2542 2541/2541
f 2541/2541 2542/2542 2543/2543
f 2543/2543 2542/2542 2544/2544
f 2542/2542 2545/2545 2544/2544
f 2544/2544 2545/2545 2546/2546
f 2546/2546 2545/2545 2527/2527
f 2527/2527 2545/2545 2528/2528
f 2545/2545 2547/2547 2528/2528
f 2528/2528 2547/2547 2548/2548
f 2547/2547 2549/2549 2548/2548
f 2550/2550 2548/2548 2549/2549
f 2551/2551 2552/2552 2498/2498
f 2500/2500 2498/2498 2552/2552
f 2553/2553 2554/2554 2555/2555
f 2554/2554 2556/2556 2555/2555
f 2555/2555 2556/2556 2557/2557
f 2556/2556 2558/2558 2557/2557
f 2557/2557 2558/2558 2559/2559
f 2558/2558 2560/2560 2559/2559
f 2559/2559 2560/2560 2561/2561
f 2560/2560 2562/2562 2561/2561
f 2561/2561 2562/2562 2563/2563
f 2562/2562 2564/2564 2563/2563
f 2564/2564 2565/2565 2563/2563
f 2563/2563 2565/2565 2566/2566
f 2565/2565 2567/2567 2566/2566
f 2566/2566 2567/2567 2568/2568
f 2567/2567 2569/2569 2568/2568
f 2568/2568 2569/2569 2570/2570
f 2569/2569 2571/2571 2570/2570
f 2571/2571 2572/2572 2570/2570
f 2570/2570 2572/2572 2573/2573
f 2572/2572 2574/2574 2573/2573
f 2574/2574 2575/2575 2573/2573
f 2573/2573 2575/2575 2576/2576
f 2575/2575 2577/2577 2576/2576
f 2578/2578 2576/2576 2577/2577
f 2579/2579 2580/2580 2581/2581
f 2580/2580 2582/2582 2581/2581
f 2581/2581 2582/2582 2555/2555
f 2555/2555 2582/2582 2553/2553
f 2553/2553 2582/2582 2583/2583
f 2583/2583 2582/2582 2584/2584
f 2582/2582 2585/2585 2584/2584
f 2584/2584 2585/2585 2586/2586
f 2585/2585 2587/2587 2586/2586
f 2586/2586 2587/2587 2588/2588
f 2587/2587 2589/2589 2588/2588
f 2588/2588 2589/2589 2590/2590
f 2590/2590 2589/2589 2591/2591
f 2589/2589 2592/2592 2591/2591
f 2591/2591 2592/2592 2593/2593
f 2592/2592 2594/2594 2593/2593
f 2593/2593 2594/2594 2595/2595
f 2594/2594 2596/2596 2595/2595
f 2595/2595 2596/2596 2597/2597
f 2596/2596 2598/2598 2597/2597
f 2597/2597 2598/2598 2599/2599
f 2599/2599 2598/2598 2600/2600
f 2598/2598 2575/2575 2600/2600
f 2574/2574 2600/2600 2575/2575
f 2601/2601 2501/2501 2602/2602
f 2502/2502 2602/2602 2501/2501
f 2603/2603 2604/2604 2605/2605
f 2606/2606 2605/2605 2604/2604
f 2607/2607 2603/2603 2608/2608
f 2605/2605 2608/2608 2603/2603
f 2609/2609 2610/2610 2608/2608
f 2607/2607 2608/2608 2610/2610
f 2611/2611 2612/2612 2609/2609
f 2610/2610 2609/2609 2612/2612
f 2613/2613 2614/2614 2611/2611
f 2612/2612 2611/2611 2614/2614
f 2615/2615 2616/2616 2613/2613
f 2614/2614 2613/2613 2616/2616
f 2617/2617 2618/2618 2615/2615
f 2616/2616 2615/2615 2618/2618
f 2619/2619 2620/2620 2617/2617
f 2618/2618 2617/2617 2620/2620
f 2621/2621 2620/2620 2622/2622
f 2619/2619 2622/2622 2620/2620
f 2623/2623 2621/2621 2624/2624
f 2622/2622 2624/2624 2621/2621
f 2625/2625 2623/2623 2626/2626
f 2624/2624 2626/2626 2623/2623
f 2627/2627 2625/2625 2628/2628
f 2626/2626 2628/2628 2625/2625
f 2629/2629 2627/2627 2630/2630
f 2628/2628 2630/2630 2627/2627
f 2631/2631 2629/2629 2632/2632
f 2630/2630 2632/2632 2629/2629
f 2631/2631 2632/2632 2633/2633
f 2634/2634 2633/2633 2632/2632
f 2633/2633 2634/2634 2635/2635
f 2636/2636 2635/2635 2634/2634
f 2635/2635 2636/2636 2637/2637
f 2638/2638 2637/2637 2636/2636
f 2637/2637 2638/2638 2639/2639
f 2640/2640 2639/2639 2638/2638
f 2639/2639 2640/2640 2551/2551
f 2552/2552 2551/2551 2640/2640
f 2604/2604 2601/2601 2606/2606
f 2602/2602 2606/2606 2601/2601
f 2641/2641 2642/2642 2643/2643
f 2642/2642 2641/2641 2644/2644
f 2645/2645 2646/2646 2647/2647
f 2646/2646 2645/2645 2648/2648
f 2648/2648 2645/2645 2649/2649
f 2648/2648 2649/2649 2650/2650
f 2650/2650 2649/2649 2651/2651
f 2650/2650 2651/2651 2652/2652
f 2652/2652 2651/2651 2653/2653
f 2652/2652 2653/2653 2654/2654
f 2654/2654 2653/2653 2655/2655
f 2655/2655 2653/2653 2656/2656
f 2655/2655 2656/2656 2657/2657
f 2655/2655 2657/2657 2658/2658
f 2658/2658 2657/2657 2659/2659
f 2658/2658 2659/2659 2660/2660
f 2660/2660 2659/2659 2661/2661
f 2660/2660 2661/2661 2662/2662
f 2662/2662 2661/2661 2663/2663
f 2662/2662 2663/2663 2664/2664
f 2664/2664 2663/2663 2665/2665
f 2664/2664 2665/2665 2666/2666
f 2666/2666 2665/2665 2667/2667
f 2666/2666 2667/2667 2668/2668
f 2669/2669 2643/2643 2670/2670
f 2643/2643 2669/2669 2641/2641
f 2671/2671 2672/2672 2673/2673
f 2672/2672 2671/2671 2674/2674
f 2672/2672 2674/2674 2675/2675
f 2672/2672 2675/2675 2676/2676
f 2676/2676 2675/2675 2677/2677
f 2676/2676 2677/2677 2678/2678
f 2678/2678 2677/2677 2679/2679
f 2678/2678 2679/2679 2680/2680
f 2680/2680 2679/2679 2681/2681
f 2680/2680 2681/2681 2682/2682
f 2682/2682 2681/2681 2683/2683
f 2683/2683 2681/2681 2684/2684
f 2683/2683 2684/2684 2685/2685
f 2685/2685 2684/2684 2686/2686
f 2685/2685 2686/2686 2687/2687
f 2687/2687 2686/2686 2688/2688
f 2687/2687 2688/2688 2689/2689
f 2687/2687 2689/2689 2690/2690
f 2690/2690 2689/2689 2691/2691
f 2691/2691 2689/2689 2692/2692
f 2691/2691 2692/2692 2693/2693
f 2693/2693 2692/2692 2694/2694
f 2644/2644 2695/2695 2642/2642
f 2695/2695 2644/2644 2696/2696
f 2697/2697 2698/2698 2699/2699
f 2698/2698 2697/2697 2700/2700
f 2700/2700 2701/2701 2698/2698
f 2701/2701 2700/2700 2702/2702
f 2702/2702 2703/2703 2701/2701
f 2703/2703 2702/2702 2704/2704
f 2703/2703 2705/2705 2706/2706
f 2705/2705 2703/2703 2704/2704
f 2706/2706 2707/2707 2708/2708
f 2707/2707 2706/2706 2705/2705
f 2708/2708 2709/2709 2710/2710
f 2709/2709 2708/2708 2707/2707
f 2710/2710 2711/2711 2712/2712
f 2711/2711 2710/2710 2709/2709
f 2713/2713 2711/2711 2714/2714
f 2711/2711 2713/2713 2712/2712
f 2713/2713 2715/2715 2716/2716
f 2715/2715 2713/2713 2714/2714
f 2716/2716 2717/2717 2718/2718
f 2717/2717 2716/2716 2715/2715
f 2718/2718 2719/2719 2720/2720
f 2719/2719 2718/2718 2717/2717
f 2720/2720 2721/2721 2722/2722
f 2721/2721 2720/2720 2719/2719
f 2722/2722 2723/2723 2724/2724
f 2723/2723 2722/2722 2721/2721
f 2724/2724 2725/2725 2726/2726
f 2725/2725 2724/2724 2723/2723
f 2726/2726 2727/2727 2728/2728
f 2727/2727 2726/2726 2725/2725
f 2727/2727 2729/2729 2728/2728
f 2729/2729 2727/2727 2730/2730
f 2730/2730 2670/2670 2729/2729
f 2670/2670 2730/2730 2669/2669
f 2696/2696 2731/2731 2695/2695
f 2731/2731 2696/2696 2732/2732
f 2732/2732 2733/2733 2731/2731
f 2733/2733 2732/2732 2734/2734
f 2734/2734 2735/2735 2733/2733
f 2735/2735 2734/2734 2736/2736
f 2736/2736 2699/2699 2735/2735
f 2699/2699 2736/2736 2697/2697
f 2737/2737 2739/2739 2741/2741
f 2739/2739 2737/2737 2743/2743
f 2745/2745 2744/2744 2738/2738
f 2744/2744 2745/2745 2747/2747
f 2749/2749 2750/2750 2751/2751
f 2750/2750 2749/2749 2752/2752
f 2750/2750 2752/2752 2753/2753
f 2753/2753 2752/2752 2754/2754
f 2753/2753 2754/2754 2755/2755
f 2755/2755 2754/2754 2756/2756
f 2755/2755 2756/2756 2757/2757
f 2757/2757 2756/2756 2758/2758
f 2757/2757 2758/2758 2759/2759
f 2759/2759 2758/2758 2760/2760
f 2759/2759 2760/2760 2761/2761
f 2761/2761 2760/2760 2762/2762
f 2761/2761 2762/2762 2763/2763
f 2763/2763 2762/2762 2764/2764
f 2763/2763 2764/2764 2765/2765
f 2765/2765 2764/2764 2766/2766
f 2765/2765 2766/2766 2767/2767
f 2767/2767 2766/2766 2768/2768
f 2767/2767 2768/2768 2769/2769
f 2769/2769 2768/2768 2770/2770
f 2769/2769 2770/2770 2771/2771
f 2771/2771 2770/2770 2772/2772
f 2742/2742 2773/2773 2775/2775
f 2773/2773 2742/2742 2740/2740
f 2778/2778 2748/2748 2746/2746
f 2748/2748 2778/2778 2779/2779
f 2781/2781 2784/2784 2786/2786
f 2784/2784 2781/2781 2787/2787
f 2785/2785 2789/2789 2791/2791
f 2789/2789 2785/2785 2783/2783
f 2792/2792 2793/2793 2796/2796
f 2793/2793 2792/2792 2790/2790
f 2794/2794 2797/2797 2795/2795
f 2797/2797 2794/2794 2799/2799
f 2800/2800 2801/2801 2798/2798
f 2801/2801 2800/2800 2803/2803
f 2804/2804 2805/2805 2802/2802
f 2805/2805 2804/2804 2807/2807
f 2808/2808 2809/2809 2806/2806
f 2809/2809 2808/2808 2812/2812
f 2811/2811 2813/2813 2810/2810
f 2813/2813 2811/2811 2815/2815
f 2816/2816 2817/2817 2814/2814
f 2817/2817 2816/2816 2819/2819
f 2776/2776 2818/2818 2820/2820
f 2818/2818 2776/2776 2774/2774
f 2821/2821 2780/2780 2777/2777
f 2780/2780 2821/2821 2823/2823
f 2822/2822 2826/2826 2824/2824
f 2826/2826 2822/2822 2827/2827
f 2828/2828 2829/2829 2825/2825
f 2829/2829 2828/2828 2831/2831
f 2832/2832 2833/2833 2830/2830
f 2833/2833 2832/2832 2835/2835
f 2836/2836 2838/2838 2834/2834
f 2838/2838 2836/2836 2839/2839
f 2840/2840 2841/2841 2837/2837
f 2841/2841 2840/2840 2843/2843
f 2844/2844 2846/2846 2842/2842
f 2846/2846 2844/2844 2847/2847
f 2845/2845 2850/2850 2851/2851
f 2850/2850 2845/2845 2848/2848
f 2852/2852 2854/2854 2855/2855
f 2854/2854 2852/2852 2849/2849
f 2856/2856 2788/2788 2782/2782
f 2788/2788 2856/2856 2853/2853
f 2857/2857 2858/2858 2859/2859
f 2858/2858 2857/2857 2860/2860
f 2860/2860 2857/2857 2861/2861
f 2860/2860 2861/2861 2862/2862
f 2862/2862 2861/2861 2863/2863
f 2862/2862 2863/2863 2864/2864
f 2864/2864 2863/2863 2865/2865
f 2864/2864 2865/2865 2866/2866
f 2866/2866 2865/2865 2867/2867
f 2866/2866 2867/2867 2868/2868
f 2868/2868 2867/2867 2869/2869
f 2868/2868 2869/2869 2870/2870
f 2870/2870 2869/2869 2871/2871
f 2870/2870 2871/2871 2872/2872
f 2872/2872 2871/2871 2873/2873
f 2872/2872 2873/2873 2874/2874
f 2874/2874 2873/2873 2875/2875
f 2874/2874 2875/2875 2876/2876
f 2876/2876 2875/2875 2877/2877
f 2876/2876 2877/2877 2878/2878
f 2878/2878 2877/2877 2879/2879
f 2878/2878 2879/2879 2880/2880
f 2881/2881 2882/2882 2883/2883
f 2882/2882 2881/2881 2884/2884
f 2885/2885 2884/2884 2881/2881
f 2884/2884 2885/2885 2886/2886
f 2887/2887 2886/2886 2885/2885
f 2886/2886 2887/2887 2888/2888
f 2887/2887 2889/2889 2888/2888
f 2889/2889 2887/2887 2890/2890
f 2890/2890 2891/2891 2889/2889
f 2891/2891 2890/2890 2892/2892
f 2892/2892 2893/2893 2891/2891
f 2893/2893 2892/2892 2894/2894
f 2894/2894 2895/2895 2893/2893
f 2895/2895 2894/2894 2896/2896
f 2896/2896 2897/2897 2895/2895
f 2897/2897 2896/2896 2898/2898
f 2898/2898 2899/2899 2897/2897
f 2899/2899 2898/2898 2900/2900
f 2899/2899 2901/2901 2902/2902
f 2901/2901 2899/2899 2900/2900
f 2902/2902 2903/2903 2904/2904
f 2903/2903 2902/2902 2901/2901
f 2904/2904 2905/2905 2906/2906
f 2905/2905 2904/2904 2903/2903
f 2906/2906 2907/2907 2908/2908
f 2907/2907 2906/2906 2905/2905
f 2908/2908 2909/2909 2910/2910
f 2909/2909 2908/2908 2907/2907
f 2910/2910 2911/2911 2912/2912
f 2911/2911 2910/2910 2909/2909
f 2911/2911 2913/2913 2912/2912
f 2913/2913 2911/2911 2914/2914
f 2914/2914 2915/2915 2913/2913
f 2915/2915 2914/2914 2916/2916
f 2916/2916 2917/2917 2915/2915
f 2917/2917 2916/2916 2918/2918
f 2918/2918 2919/2919 2917/2917
f 2919/2919 2918/2918 2920/2920
f 2920/2920 2921/2921 2919/2919
f 2921/2921 2920/2920 2922/2922
f 2922/2922 2923/2923 2921/2921
f 2923/2923 2922/2922 2924/2924
f 2925/2925 2923/2923 2924/2924
f 2923/2923 2925/2925 2926/2926
f 2927/2927 2926/2926 2925/2925
f 2926/2926 2927/2927 2928/2928
f 2883/2883 2928/2928 2927/2927
f 2928/2928 2883/2883 2882/2882
f 2929/2929 2930/2930 2931/2931
f 2930/2930 2929/2929 2932/2932
f 2933/2933 2934/2934 2935/2935
f 2934/2934 2933/2933 2936/2936
f 2937/2937 2938/2938 2939/2939
f 2940/2940 2941/2941 2942/2942
f 2941/2941 2940/2940 2943/2943
f 2944/2944 2945/2945 2946/2946
f 2945/2945 2944/2944 2947/2947
f 2948/2948 2949/2949 2950/2950
f 2949/2949 2948/2948 2951/2951
f 2952/2952 2953/2953 2954/2954
f 2953/2953 2952/2952 2955/2955
f 2955/2955 2952/2952 2956/2956
f 2955/2955 2956/2956 2957/2957
f 2955/2955 2957/2957 2958/2958
f 2955/2955 2958/2958 2959/2959
f 2955/2955 2959/2959 2960/2960
f 2955/2955 2960/2960 2961/2961
f 2955/2955 2961/2961 2962/2962
f 2955/2955 2962/2962 2963/2963
f 2955/2955 2963/2963 2964/2964
f 2955/2955 2964/2964 2965/2965
f 2955/2955 2965/2965 2966/2966
f 2955/2955 2966/2966 2967/2967
f 2947/2947 2968/2968 2945/2945
f 2968/2968 2947/2947 2969/2969
f 2970/2970 2971/2971 2972/2972
f 2971/2971 2970/2970 2973/2973
f 2974/2974 2975/2975 2976/2976
f 2975/2975 2974/2974 2977/2977
f 2978/2978 2979/2979 2980/2980
f 2979/2979 2978/2978 2981/2981
f 2982/2982 2983/2983 2984/2984
f 2983/2983 2982/2982 2985/2985
f 2986/2986 2984/2984 2987/2987
f 2984/2984 2986/2986 2982/2982
f 2988/2988 2987/2987 2989/2989
f 2987/2987 2988/2988 2986/2986
f 2990/2990 2989/2989 2991/2991
f 2989/2989 2990/2990 2988/2988
f 2992/2992 2991/2991 2993/2993
f 2991/2991 2992/2992 2990/2990
f 2994/2994 2993/2993 2995/2995
f 2993/2993 2994/2994 2992/2992
f 2996/2996 2995/2995 2997/2997
f 2995/2995 2996/2996 2994/2994
f 2998/2998 2997/2997 2999/2999
f 2997/2997 2998/2998 2996/2996
f 3000/3000 2999/2999 3001/3001
f 2999/2999 3000/3000 2998/2998
f 2969/2969 3001/3001 2968/2968
f 3001/3001 2969/2969 3000/3000
f 3002/3002 3003/3003 3004/3004
f 3003/3003 3002/3002 3005/3005
f 3006/3006 3007/3007 3008/3008
f 3007/3007 3006/3006 3009/3009
f 3010/3010 3011/3011 3012/3012
f 3011/3011 3010/3010 3013/3013
f 3011/3011 3013/3013 3014/3014
f 3014/3014 3013/3013 3015/3015
f 3015/3015 3013/3013 3016/3016
f 3016/3016 3013/3013 3017/3017
f 3017/3017 3013/3013 3018/3018
f 3018/3018 3013/3013 3019/3019
f 3019/3019 3013/3013 3020/3020
f 3020/3020 3013/3013 3021/3021
f 3021/3021 3013/3013 3022/3022
f 3022/3022 3013/3013 3023/3023
f 3023/3023 3013/3013 3024/3024
f 3024/3024 3013/3013 3025/3025
f 3026/3026 3027/3027 3028/3028
f 3027/3027 3026/3026 3029/3029
f 3030/3030 3031/3031 3032/3032
f 3031/3031 3030/3030 3033/3033
f 3034/3034 3035/3035 3036/3036
f 3035/3035 3034/3034 3037/3037
f 3037/3037 3038/3038 3035/3035
f 3038/3038 3037/3037 3039/3039
f 3039/3039 3040/3040 3038/3038
f 3040/3040 3039/3039 3041/3041
f 3041/3041 3042/3042 3040/3040
f 3042/3042 3041/3041 3043/3043
f 3043/3043 3044/3044 3042/3042
f 3044/3044 3043/3043 3045/3045
f 3045/3045 3046/3046 3044/3044
f 3046/3046 3045/3045 3047/3047
f 3047/3047 3048/3048 3046/3046
f 3048/3048 3047/3047 3049/3049
f 3049/3049 3050/3050 3048/3048
f 3050/3050 3049/3049 3051/3051
f 3051/3051 3052/3052 3050/3050
f 3052/3052 3051/3051 3053/3053
f 3053/3053 3054/3054 3052/3052
f 3054/3054 3053/3053 3055/3055
f 3055/3055 3056/3056 3054/3054
f 3056/3056 3055/3055 3057/3057
f 3057/3057 3058/3058 3056/3056
f 3058/3058 3057/3057 3059/3059
f 3060/3060 3061/3061 3062/3062
f 3061/3061 3060/3060 3063/3063
f 3064/3064 3065/3065 3066/3066
f 3065/3065 3064/3064 3067/3067
f 3067/3067 3064/3064 3068/3068
f 3068/3068 3064/3064 3069/3069
f 3069/3069 3064/3064 3070/3070
f 3070/3070 3064/3064 3071/3071
f 3070/3070 3071/3071 3072/3072
f 3072/3072 3071/3071 3073/3073
f 3073/3073 3071/3071 3074/3074
f 3074/3074 3071/3071 3075/3075
f 3074/3074 3075/3075 3076/3076
f 3076/3076 3075/3075 3077/3077
f 3077/3077 3075/3075 3078/3078
f 3077/3077 3078/3078 3079/3079
f 3079/3079 3078/3078 3080/3080
f 3080/3080 3078/3078 3081/3081
f 3081/3081 3078/3078 3082/3082
f 3081/3081 3082/3082 3083/3083
f 3081/3081 3083/3083 3084/3084
f 3081/3081 3084/3084 3085/3085
f 3081/3081 3085/3085 3086/3086
f 3081/3081 3086/3086 3087/3087
f 3087/3087 3086/3086 3088/3088
f 3081/3081 3087/3087 3089/3089
f 3089/3089 3087/3087 3090/3090
f 3090/3090 3087/3087 3091/3091
f 3090/3090 3091/3091 3092/3092
f 3092/3092 3091/3091 3093/3093
f 3093/3093 3091/3091 3094/3094
f 3094/3094 3091/3091 3095/3095
f 3095/3095 3091/3091 3096/3096
f 3096/3096 3091/3091 3097/3097
f 3097/3097 3091/3091 3098/3098
f 3098/3098 3091/3091 3099/3099
f 3099/3099 3091/3091 3100/3100
f 3091/3091 3087/3087 3101/3101
f 3101/3101 3087/3087 3102/3102
f 3102/3102 3087/3087 3103/3103
f 3103/3103 3087/3087 3104/3104
f 3087/3087 3088/3088 3105/3105
f 3105/3105 3088/3088 3106/3106
f 3107/3107 3085/3085 3084/3084
f 3085/3085 3107/3107 3108/3108
f 3108/3108 3107/3107 3109/3109
f 3109/3109 3107/3107 3110/3110
f 3109/3109 3110/3110 3111/3111
f 3111/3111 3110/3110 3112/3112
f 3111/3111 3112/3112 3113/3113
f 3113/3113 3112/3112 3114/3114
f 3113/3113 3114/3114 3115/3115
f 3115/3115 3114/3114 3116/3116
f 3116/3116 3114/3114 3117/3117
f 3117/3117 3114/3114 3118/3118
f 3117/3117 3118/3118 3119/3119
f 3119/3119 3118/3118 3120/3120
f 3120/3120 3118/3118 3121/3121
f 3121/3121 3118/3118 3122/3122
f 3121/3121 3122/3122 3123/3123
f 3123/3123 3122/3122 3124/3124
f 3124/3124 3122/3122 3125/3125
f 3125/3125 3122/3122 3126/3126
f 3125/3125 3126/3126 3088/3088
f 3088/3088 3126/3126 3127/3127
f 3127/3127 3126/3126 3128/3128
f 3128/3128 3126/3126 3129/3129
f 3129/3129 3126/3126 3130/3130
f 3130/3130 3126/3126 3131/3131
f 3131/3131 3126/3126 3132/3132
f 3132/3132 3126/3126 3133/3133
f 3087/3087 3134/3134 3104/3104
f 3134/3134 3087/3087 3106/3106
f 3134/3134 3106/3106 3135/3135
f 3135/3135 3106/3106 3136/3136
f 3136/3136 3106/3106 3137/3137
f 3137/3137 3106/3106 3138/3138
f 3138/3138 3106/3106 3139/3139
f 3139/3139 3106/3106 3140/3140
f 3140/3140 3106/3106 3141/3141
f 3141/3141 3106/3106 3142/3142
f 3142/3142 3106/3106 3143/3143
f 3143/3143 3106/3106 3144/3144
f 3144/3144 3106/3106 3127/3127
f 3127/3127 3106/3106 3088/3088
f 3091/3091 3145/3145 3146/3146
f 3145/3145 3091/3091 3147/3147
f 3147/3147 3091/3091 3101/3101
f 3146/3146 3145/3145 3148/3148
f 3146/3146 3148/3148 3149/3149
f 3146/3146 3149/3149 3150/3150
f 3146/3146 3150/3150 3151/3151
f 3146/3146 3151/3151 3152/3152
f 3146/3146 3152/3152 3153/3153
f 3153/3153 3152/3152 3154/3154
f 3153/3153 3154/3154 3155/3155
f 3155/3155 3154/3154 3156/3156
f 3155/3155 3156/3156 3157/3157
f 3157/3157 3156/3156 3158/3158
f 3157/3157 3158/3158 3143/3143
f 3143/3143 3158/3158 3159/3159
f 3143/3143 3159/3159 3142/3142
f 3160/3160 3062/3062 3161/3161
f 3062/3062 3160/3160 3060/3060
f 3162/3162 3163/3163 3164/3164
f 3163/3163 3162/3162 3165/3165
f 3165/3165 3162/3162 3166/3166
f 3165/3165 3166/3166 3167/3167
f 3167/3167 3166/3166 3168/3168
f 3168/3168 3166/3166 3169/3169
f 3169/3169 3166/3166 3170/3170
f 3170/3170 3166/3166 3171/3171
f 3171/3171 3166/3166 3172/3172
f 3171/3171 3172/3172 3173/3173
f 3173/3173 3172/3172 3174/3174
f 3173/3173 3174/3174 3175/3175
f 3175/3175 3174/3174 3176/3176
f 3175/3175 3176/3176 3177/3177
f 3177/3177 3176/3176 3178/3178
f 3177/3177 3178/3178 3179/3179
f 3179/3179 3178/3178 3180/3180
f 3181/3181 3182/3182 3183/3183
f 3182/3182 3181/3181 3184/3184
f 3182/3182 3184/3184 3185/3185
f 3182/3182 3185/3185 3186/3186
f 3182/3182 3186/3186 3187/3187
f 3182/3182 3187/3187 3188/3188
f 3188/3188 3187/3187 3189/3189
f 3188/3188 3189/3189 3190/3190
f 3188/3188 3190/3190 3191/3191
f 3188/3188 3191/3191 3192/3192
f 3192/3192 3191/3191 3193/3193
f 3192/3192 3193/3193 3194/3194
f 3192/3192 3194/3194 3195/3195
f 3195/3195 3194/3194 3196/3196
f 3195/3195 3196/3196 3197/3197
f 3195/3195 3197/3197 3198/3198
f 3195/3195 3198/3198 3199/3199
f 3199/3199 3198/3198 3200/3200
f 3200/3200 3198/3198 3201/3201
f 3201/3201 3198/3198 3202/3202
f 3202/3202 3198/3198 3203/3203
f 3203/3203 3198/3198 3204/3204
f 3203/3203 3204/3204 3205/3205
f 3204/3204 3198/3198 3206/3206
f 3204/3204 3206/3206 3207/3207
f 3204/3204 3207/3207 3162/3162
f 3162/3162 3207/3207 3208/3208
f 3162/3162 3208/3208 3209/3209
f 3162/3162 3209/3209 3210/3210
f 3162/3162 3210/3210 3211/3211
f 3162/3162 3211/3211 3212/3212
f 3162/3162 3212/3212 3213/3213
f 3162/3162 3213/3213 3214/3214
f 3162/3162 3214/3214 3215/3215
f 3162/3162 3215/3215 3216/3216
f 3204/3204 3162/3162 3164/3164
f 3204/3204 3164/3164 3217/3217
f 3205/3205 3204/3204 3218/3218
f 3205/3205 3218/3218 3219/3219
f 3220/3220 3204/3204 3217/3217
f 3204/3204 3220/3220 3221/3221
f 3221/3221 3220/3220 3222/3222
f 3221/3221 3222/3222 3223/3223
f 3221/3221 3223/3223 3224/3224
f 3221/3221 3224/3224 3225/3225
f 3221/3221 3225/3225 3226/3226
f 3221/3221 3226/3226 3227/3227
f 3221/3221 3227/3227 3228/3228
f 3221/3221 3228/3228 3229/3229
f 3221/3221 3229/3229 3230/3230
f 3221/3221 3230/3230 3180/3180
f 3221/3221 3180/3180 3178/3178
f 3221/3221 3178/3178 3231/3231
f 3221/3221 3231/3231 3232/3232
f 3221/3221 3232/3232 3218/3218
f 3202/3202 3233/3233 3201/3201
f 3233/3233 3202/3202 3234/3234
f 3233/3233 3234/3234 3235/3235
f 3235/3235 3234/3234 3236/3236
f 3235/3235 3236/3236 3237/3237
f 3237/3237 3236/3236 3238/3238
f 3237/3237 3238/3238 3239/3239
f 3237/3237 3239/3239 3240/3240
f 3240/3240 3239/3239 3241/3241
f 3240/3240 3241/3241 3242/3242
f 3240/3240 3242/3242 3243/3243
f 3240/3240 3243/3243 3244/3244
f 3244/3244 3243/3243 3245/3245
f 3244/3244 3245/3245 3246/3246
f 3244/3244 3246/3246 3247/3247
f 3244/3244 3247/3247 3248/3248
f 3248/3248 3247/3247 3249/3249
f 3248/3248 3249/3249 3250/3250
f 3248/3248 3250/3250 3219/3219
f 3248/3248 3219/3219 3251/3251
f 3251/3251 3219/3219 3218/3218
f 3251/3251 3218/3218 3232/3232
f 3251/3251 3232/3232 3252/3252
f 3251/3251 3252/3252 3253/3253
f 3251/3251 3253/3253 3254/3254
f 3251/3251 3254/3254 3255/3255
f 3251/3251 3255/3255 3256/3256
f 3251/3251 3256/3256 3257/3257
f 3063/3063 3258/3258 3061/3061
f 3258/3258 3063/3063 3259/3259
f 3260/3260 3261/3261 3262/3262
f 3261/3261 3260/3260 3263/3263
f 3264/3264 3265/3265 3266/3266
f 3265/3265 3264/3264 3267/3267
f 3268/3268 3269/3269 3270/3270
f 3269/3269 3268/3268 3271/3271
f 3270/3270 3272/3272 3273/3273
f 3272/3272 3270/3270 3269/3269
f 3273/3273 3274/3274 3275/3275
f 3274/3274 3273/3273 3272/3272
f 3275/3275 3276/3276 3277/3277
f 3276/3276 3275/3275 3274/3274
f 3277/3277 3278/3278 3279/3279
f 3278/3278 3277/3277 3276/3276
f 3279/3279 3280/3280 3281/3281
f 3280/3280 3279/3279 3278/3278
f 3280/3280 3282/3282 3281/3281
f 3282/3282 3280/3280 3283/3283
f 3283/3283 3284/3284 3282/3282
f 3284/3284 3283/3283 3285/3285
f 3285/3285 3286/3286 3284/3284
f 3286/3286 3285/3285 3287/3287
f 3287/3287 3288/3288 3286/3286
f 3288/3288 3287/3287 3289/3289
f 3289/3289 3290/3290 3288/3288
f 3290/3290 3289/3289 3291/3291
f 3291/3291 3292/3292 3290/3290
f 3292/3292 3291/3291 3293/3293
f 3294/3294 3295/3295 3296/3296
f 3295/3295 3294/3294 3297/3297
f 3298/3298 3299/3299 3300/3300
f 3299/3299 3298/3298 3301/3301
f 3300/3300 3302/3302 3303/3303
f 3302/3302 3300/3300 3299/3299
f 3303/3303 3304/3304 3305/3305
f 3304/3304 3303/3303 3302/3302
f 3305/3305 3306/3306 3307/3307
f 3306/3306 3305/3305 3304/3304
f 3307/3307 3308/3308 3309/3309
f 3308/3308 3307/3307 3306/3306
f 3308/3308 3310/3310 3309/3309
f 3310/3310 3308/3308 3311/3311
f 3311/3311 3312/3312 3310/3310
f 3312/3312 3311/3311 3313/3313
f 3313/3313 3314/3314 3312/3312
f 3314/3314 3313/3313 3315/3315
f 3315/3315 3316/3316 3314/3314
f 3316/3316 3315/3315 3317/3317
f 3317/3317 3318/3318 3316/3316
f 3318/3318 3317/3317 3319/3319
f 3319/3319 3320/3320 3318/3318
f 3320/3320 3319/3319 3321/3321
f 3321/3321 3322/3322 3320/3320
f 3322/3322 3321/3321 3323/3323
f 3324/3324 3325/3325 3326/3326
f 3325/3325 3324/3324 3327/3327
f 3328/3328 3329/3329 3330/3330
f 3329/3329 3328/3328 3331/3331
f 3331/3331 3332/3332 3329/3329
f 3332/3332 3331/3331 3333/3333
f 3333/3333 3334/3334 3332/3332
f 3334/3334 3333/3333 3335/3335
f 3335/3335 3161/3161 3334/3334
f 3161/3161 3335/3335 3160/3160
f 3336/3336 3258/3258 3259/3259
f 3258/3258 3336/3336 3337/3337
f 3338/3338 3337/3337 3336/3336
f 3337/3337 3338/3338 3339/3339
f 3340/3340 3339/3339 3338/3338
f 3339/3339 3340/3340 3341/3341
f 3342/3342 3341/3341 3340/3340
f 3341/3341 3342/3342 3343/3343
f 3344/3344 3343/3343 3342/3342
f 3343/3343 3344/3344 3345/3345
f 3346/3346 3347/3347 3348/3348
f 3347/3347 3346/3346 3349/3349
f 3349/3349 3350/3350 3347/3347
f 3350/3350 3349/3349 3351/3351
f 3351/3351 3352/3352 3350/3350
f 3352/3352 3351/3351 3353/3353
f 3353/3353 3354/3354 3352/3352
f 3354/3354 3353/3353 3355/3355
f 3355/3355 3356/3356 3354/3354
f 3356/3356 3355/3355 3357/3357
f 3357/3357 3358/3358 3356/3356
f 3358/3358 3357/3357 3359/3359
f 3359/3359 3360/3360 3358/3358
f 3360/3360 3359/3359 3361/3361
f 3361/3361 3362/3362 3360/3360
f 3362/3362 3361/3361 3363/3363
f 3363/3363 3364/3364 3362/3362
f 3364/3364 3363/3363 3365/3365
f 3365/3365 3366/3366 3364/3364
f 3366/3366 3365/3365 3367/3367
f 3367/3367 3368/3368 3366/3366
f 3368/3368 3367/3367 3369/3369
f 3369/3369 3370/3370 3368/3368
f 3370/3370 3369/3369 3371/3371
f 3371/3371 3372/3372 3370/3370
f 3372/3372 3371/3371 3373/3373
f 3374/3374 3375/3375 3376/3376
f 3377/3377 3378/3378 3379/3379
f 3378/3378 3377/3377 3380/3380
f 3381/3381 3382/3382 3383/3383
f 3382/3382 3381/3381 3384/3384
f 3385/3385 3386/3386 3387/3387
f 3386/3386 3385/3385 3388/3388
f 3389/3389 3391/3391 3393/3393
f 3391/3391 3389/3389 3395/3395
f 3397/3397 3394/3394 3399/3399
f 3394/3394 3397/3397 3390/3390
f 3401/3401 3402/3402 3403/3403
f 3402/3402 3401/3401 3404/3404
f 3402/3402 3404/3404 3405/3405
f 3405/3405 3404/3404 3406/3406
f 3405/3405 3406/3406 3407/3407
f 3407/3407 3406/3406 3408/3408
f 3407/3407 3408/3408 3409/3409
f 3409/3409 3408/3408 3410/3410
f 3409/3409 3410/3410 3411/3411
f 3411/3411 3410/3410 3412/3412
f 3411/3411 3412/3412 3413/3413
f 3413/3413 3412/3412 3414/3414
f 3413/3413 3414/3414 3415/3415
f 3415/3415 3414/3414 3416/3416
f 3415/3415 3416/3416 3417/3417
f 3417/3417 3416/3416 3418/3418
f 3417/3417 3418/3418 3419/3419
f 3419/3419 3418/3418 3420/3420
f 3419/3419 3420/3420 3421/3421
f 3421/3421 3420/3420 3422/3422
f 3421/3421 3422/3422 3423/3423
f 3423/3423 3422/3422 3424/3424
f 3396/3396 3425/3425 3392/3392
f 3425/3425 3396/3396 3427/3427
f 3430/3430 3400/3400 3431/3431
f 3400/3400 3430/3430 3398/3398
f 3433/3433 3436/3436 3438/3438
f 3436/3436 3433/3433 3439/3439
f 3441/3441 3440/3440 3434/3434
f 3440/3440 3441/3441 3443/3443
f 3445/3445 3444/3444 3442/3442
f 3444/3444 3445/3445 3448/3448
f 3449/3449 3446/3446 3451/3451
f 3446/3446 3449/3449 3447/3447
f 3453/3453 3452/3452 3455/3455
f 3452/3452 3453/3453 3450/3450
f 3457/3457 3456/3456 3459/3459
f 3456/3456 3457/3457 3454/3454
f 3461/3461 3460/3460 3464/3464
f 3460/3460 3461/3461 3458/3458
f 3465/3465 3463/3463 3467/3467
f 3463/3463 3465/3465 3462/3462
f 3469/3469 3468/3468 3471/3471
f 3468/3468 3469/3469 3466/3466
f 3470/3470 3473/3473 3475/3475
f 3473/3473 3470/3470 3472/3472
f 3476/3476 3478/3478 3479/3479
f 3478/3478 3476/3476 3474/3474
f 3480/3480 3481/3481 3483/3483
f 3481/3481 3480/3480 3477/3477
f 3484/3484 3485/3485 3487/3487
f 3485/3485 3484/3484 3482/3482
f 3488/3488 3490/3490 3491/3491
f 3490/3490 3488/3488 3486/3486
f 3492/3492 3426/3426 3428/3428
f 3426/3426 3492/3492 3489/3489
f 3493/3493 3432/3432 3495/3495
f 3432/3432 3493/3493 3429/3429
f 3498/3498 3496/3496 3499/3499
f 3496/3496 3498/3498 3494/3494
f 3502/3502 3497/3497 3500/3500
f 3497/3497 3502/3502 3503/3503
f 3506/3506 3504/3504 3501/3501
f 3504/3504 3506/3506 3507/3507
f 3437/3437 3508/3508 3505/3505
f 3508/3508 3437/3437 3435/3435
f 3509/3509 3510/3510 3511/3511
f 3510/3510 3509/3509 3512/3512
f 3513/3513 3512/3512 3509/3509
f 3512/3512 3513/3513 3514/3514
f 3512/3512 3515/3515 3510/3510
f 3515/3515 3512/3512 3516/3516
f 3510/3510 3517/3517 3511/3511
f 3517/3517 3510/3510 3518/3518
f 3519/3519 3520/3520 3521/3521
f 3520/3520 3519/3519 3522/3522
f 3523/3523 3514/3514 3513/3513
f 3514/3514 3523/3523 3524/3524
f 3514/3514 3516/3516 3512/3512
f 3516/3516 3514/3514 3525/3525
f 3521/3521 3526/3526 3527/3527
f 3526/3526 3521/3521 3520/3520
f 3528/3528 3515/3515 3516/3516
f 3515/3515 3528/3528 3529/3529
f 3515/3515 3518/3518 3510/3510
f 3518/3518 3515/3515 3530/3530
f 3518/3518 3531/3531 3517/3517
f 3531/3531 3518/3518 3532/3532
f 3533/3533 3522/3522 3519/3519
f 3522/3522 3533/3533 3534/3534
f 3522/3522 3535/3535 3520/3520
f 3535/3535 3522/3522 3536/3536
f 3537/3537 3524/3524 3523/3523
f 3524/3524 3537/3537 3538/3538
f 3524/3524 3525/3525 3514/3514
f 3525/3525 3524/3524 3539/3539
f 3527/3527 3540/3540 3541/3541
f 3540/3540 3527/3527 3526/3526
f 3525/3525 3528/3528 3516/3516
f 3528/3528 3525/3525 3542/3542
f 3520/3520 3543/3543 3526/3526
f 3543/3543 3520/3520 3535/3535
f 3544/3544 3529/3529 3528/3528
f 3529/3529 3544/3544 3545/3545
f 3529/3529 3530/3530 3515/3515
f 3530/3530 3529/3529 3546/3546
f 3530/3530 3532/3532 3518/3518
f 3532/3532 3530/3530 3547/3547
f 3532/3532 3548/3548 3531/3531
f 3548/3548 3532/3532 3549/3549
f 3533/3533 3550/3550 3534/3534
f 3550/3550 3533/3533 3551/3551
f 3534/3534 3536/3536 3522/3522
f 3536/3536 3534/3534 3552/3552
f 3536/3536 3553/3553 3535/3535
f 3553/3553 3536/3536 3554/3554
f 3555/3555 3538/3538 3537/3537
f 3538/3538 3555/3555 3556/3556
f 3538/3538 3539/3539 3524/3524
f 3539/3539 3538/3538 3557/3557
f 3540/3540 3558/3558 3541/3541
f 3558/3558 3540/3540 3559/3559
f 3539/3539 3542/3542 3525/3525
f 3542/3542 3539/3539 3560/3560
f 3526/3526 3561/3561 3540/3540
f 3561/3561 3526/3526 3543/3543
f 3562/3562 3528/3528 3542/3542
f 3528/3528 3562/3562 3544/3544
f 3535/3535 3563/3563 3543/3543
f 3563/3563 3535/3535 3553/3553
f 3564/3564 3545/3545 3544/3544
f 3545/3545 3564/3564 3565/3565
f 3566/3566 3529/3529 3545/3545
f 3529/3529 3566/3566 3546/3546
f 3546/3546 3547/3547 3530/3530
f 3547/3547 3546/3546 3567/3567
f 3547/3547 3549/3549 3532/3532
f 3549/3549 3547/3547 3568/3568
f 3549/3549 3569/3569 3548/3548
f 3569/3569 3549/3549 3570/3570
f 3551/3551 3571/3571 3550/3550
f 3571/3571 3551/3551 3572/3572
f 3534/3534 3573/3573 3552/3552
f 3573/3573 3534/3534 3550/3550
f 3536/3536 3574/3574 3554/3554
f 3574/3574 3536/3536 3552/3552
f 3554/3554 3575/3575 3553/3553
f 3575/3575 3554/3554 3576/3576
f 3577/3577 3556/3556 3555/3555
f 3556/3556 3577/3577 3578/3578
f 3556/3556 3557/3557 3538/3538
f 3557/3557 3556/3556 3579/3579
f 3559/3559 3580/3580 3558/3558
f 3580/3580 3559/3559 3581/3581
f 3557/3557 3560/3560 3539/3539
f 3560/3560 3557/3557 3582/3582
f 3561/3561 3559/3559 3540/3540
f 3559/3559 3561/3561 3583/3583
f 3584/3584 3542/3542 3560/3560
f 3542/3542 3584/3584 3562/3562
f 3543/3543 3585/3585 3561/3561
f 3585/3585 3543/3543 3563/3563
f 3586/3586 3544/3544 3562/3562
f 3544/3544 3586/3586 3564/3564
f 3553/3553 3587/3587 3563/3563
f 3587/3587 3553/3553 3575/3575
f 3588/3588 3565/3565 3564/3564
f 3565/3565 3588/3588 3589/3589
f 3590/3590 3545/3545 3565/3565
f 3545/3545 3590/3590 3566/3566
f 3591/3591 3546/3546 3566/3566
f 3546/3546 3591/3591 3567/3567
f 3567/3567 3568/3568 3547/3547
f 3568/3568 3567/3567 3592/3592
f 3568/3568 3570/3570 3549/3549
f 3570/3570 3568/3568 3593/3593
f 3570/3570 3594/3594 3569/3569
f 3594/3594 3570/3570 3595/3595
f 3596/3596 3572/3572 3597/3597
f 3572/3572 3596/3596 3571/3571
f 3550/3550 3598/3598 3573/3573
f 3598/3598 3550/3550 3571/3571
f 3552/3552 3599/3599 3574/3574
f 3599/3599 3552/3552 3573/3573
f 3574/3574 3576/3576 3554/3554
f 3576/3576 3574/3574 3600/3600
f 3576/3576 3601/3601 3575/3575
f 3601/3601 3576/3576 3602/3602
f 3603/3603 3578/3578 3577/3577
f 3578/3578 3603/3603 3604/3604
f 3578/3578 3579/3579 3556/3556
f 3579/3579 3578/3578 3605/3605
f 3581/3581 3606/3606 3580/3580
f 3606/3606 3581/3581 3607/3607
f 3579/3579 3582/3582 3557/3557
f 3582/3582 3579/3579 3608/3608
f 3583/3583 3581/3581 3559/3559
f 3581/3581 3583/3583 3609/3609
f 3560/3560 3610/3610 3584/3584
f 3610/3610 3560/3560 3582/3582
f 3585/3585 3583/3583 3561/3561
f 3583/3583 3585/3585 3611/3611
f 3612/3612 3562/3562 3584/3584
f 3562/3562 3612/3612 3586/3586
f 3563/3563 3613/3613 3585/3585
f 3613/3613 3563/3563 3587/3587
f 3614/3614 3564/3564 3586/3586
f 3564/3564 3614/3614 3588/3588
f 3575/3575 3615/3615 3587/3587
f 3615/3615 3575/3575 3601/3601
f 3616/3616 3589/3589 3588/3588
f 3589/3589 3616/3616 3617/3617
f 3618/3618 3565/3565 3589/3589
f 3565/3565 3618/3618 3590/3590
f 3619/3619 3566/3566 3590/3590
f 3566/3566 3619/3619 3591/3591
f 3620/3620 3567/3567 3591/3591
f 3567/3567 3620/3620 3592/3592
f 3592/3592 3593/3593 3568/3568
f 3593/3593 3592/3592 3621/3621
f 3593/3593 3595/3595 3570/3570
f 3595/3595 3593/3593 3622/3622
f 3595/3595 3623/3623 3594/3594
f 3623/3623 3595/3595 3624/3624
f 3625/3625 3597/3597 3626/3626
f 3597/3597 3625/3625 3596/3596
f 3627/3627 3571/3571 3596/3596
f 3571/3571 3627/3627 3598/3598
f 3573/3573 3628/3628 3599/3599
f 3628/3628 3573/3573 3598/3598
f 3574/3574 3629/3629 3600/3600
f 3629/3629 3574/3574 3599/3599
f 3600/3600 3602/3602 3576/3576
f 3602/3602 3600/3600 3630/3630
f 3602/3602 3631/3631 3601/3601
f 3631/3631 3602/3602 3632/3632
f 3603/3603 3633/3633 3604/3604
f 3633/3633 3603/3603 3634/3634
f 3604/3604 3605/3605 3578/3578
f 3605/3605 3604/3604 3635/3635
f 3607/3607 3636/3636 3606/3606
f 3636/3636 3607/3607 3637/3637
f 3579/3579 3638/3638 3608/3608
f 3638/3638 3579/3579 3605/3605
f 3609/3609 3607/3607 3581/3581
f 3607/3607 3609/3609 3639/3639
f 3582/3582 3640/3640 3610/3610
f 3640/3640 3582/3582 3608/3608
f 3611/3611 3609/3609 3583/3583
f 3609/3609 3611/3611 3641/3641
f 3584/3584 3642/3642 3612/3612
f 3642/3642 3584/3584 3610/3610
f 3613/3613 3611/3611 3585/3585
f 3611/3611 3613/3613 3643/3643
f 3644/3644 3586/3586 3612/3612
f 3586/3586 3644/3644 3614/3614
f 3587/3587 3645/3645 3613/3613
f 3645/3645 3587/3587 3615/3615
f 3646/3646 3588/3588 3614/3614
f 3588/3588 3646/3646 3616/3616
f 3601/3601 3647/3647 3615/3615
f 3647/3647 3601/3601 3631/3631
f 3648/3648 3617/3617 3616/3616
f 3617/3617 3648/3648 3649/3649
f 3650/3650 3589/3589 3617/3617
f 3589/3589 3650/3650 3618/3618
f 3651/3651 3590/3590 3618/3618
f 3590/3590 3651/3651 3619/3619
f 3652/3652 3591/3591 3619/3619
f 3591/3591 3652/3652 3620/3620
f 3621/3621 3620/3620 3653/3653
f 3620/3620 3621/3621 3592/3592
f 3621/3621 3622/3622 3593/3593
f 3622/3622 3621/3621 3654/3654
f 3622/3622 3624/3624 3595/3595
f 3624/3624 3622/3622 3655/3655
f 3656/3656 3623/3623 3624/3624
f 3623/3623 3656/3656 3657/3657
f 3658/3658 3626/3626 3659/3659
f 3626/3626 3658/3658 3625/3625
f 3660/3660 3596/3596 3625/3625
f 3596/3596 3660/3660 3627/3627
f 3661/3661 3598/3598 3627/3627
f 3598/3598 3661/3661 3628/3628
f 3599/3599 3662/3662 3629/3629
f 3662/3662 3599/3599 3628/3628
f 3600/3600 3663/3663 3630/3630
f 3663/3663 3600/3600 3629/3629
f 3630/3630 3632/3632 3602/3602
f 3632/3632 3630/3630 3664/3664
f 3632/3632 3665/3665 3631/3631
f 3665/3665 3632/3632 3666/3666
f 3634/3634 3667/3667 3633/3633
f 3667/3667 3634/3634 3668/3668
f 3604/3604 3669/3669 3635/3635
f 3669/3669 3604/3604 3633/3633
f 3637/3637 3670/3670 3636/3636
f 3670/3670 3637/3637 3671/3671
f 3605/3605 3672/3672 3638/3638
f 3672/3672 3605/3605 3635/3635
f 3639/3639 3637/3637 3607/3607
f 3637/3637 3639/3639 3673/3673
f 3608/3608 3674/3674 3640/3640
f 3674/3674 3608/3608 3638/3638
f 3641/3641 3639/3639 3609/3609
f 3639/3639 3641/3641 3675/3675
f 3610/3610 3676/3676 3642/3642
f 3676/3676 3610/3610 3640/3640
f 3643/3643 3641/3641 3611/3611
f 3641/3641 3643/3643 3677/3677
f 3612/3612 3678/3678 3644/3644
f 3678/3678 3612/3612 3642/3642
f 3645/3645 3643/3643 3613/3613
f 3643/3643 3645/3645 3679/3679
f 3680/3680 3614/3614 3644/3644
f 3614/3614 3680/3680 3646/3646
f 3615/3615 3681/3681 3645/3645
f 3681/3681 3615/3615 3647/3647
f 3682/3682 3616/3616 3646/3646
f 3616/3616 3682/3682 3648/3648
f 3631/3631 3683/3683 3647/3647
f 3683/3683 3631/3631 3665/3665
f 3684/3684 3649/3649 3648/3648
f 3649/3649 3684/3684 3685/3685
f 3686/3686 3617/3617 3649/3649
f 3617/3617 3686/3686 3650/3650
f 3687/3687 3618/3618 3650/3650
f 3618/3618 3687/3687 3651/3651
f 3688/3688 3619/3619 3651/3651
f 3619/3619 3688/3688 3652/3652
f 3653/3653 3652/3652 3689/3689
f 3652/3652 3653/3653 3620/3620
f 3654/3654 3653/3653 3690/3690
f 3653/3653 3654/3654 3621/3621
f 3655/3655 3654/3654 3691/3691
f 3654/3654 3655/3655 3622/3622
f 3655/3655 3656/3656 3624/3624
f 3656/3656 3655/3655 3692/3692
f 3693/3693 3657/3657 3656/3656
f 3657/3657 3693/3693 3694/3694
f 3695/3695 3659/3659 3696/3696
f 3659/3659 3695/3695 3658/3658
f 3697/3697 3625/3625 3658/3658
f 3625/3625 3697/3697 3660/3660
f 3698/3698 3627/3627 3660/3660
f 3627/3627 3698/3698 3661/3661
f 3699/3699 3628/3628 3661/3661
f 3628/3628 3699/3699 3662/3662
f 3629/3629 3700/3700 3663/3663
f 3700/3700 3629/3629 3662/3662
f 3630/3630 3701/3701 3664/3664
f 3701/3701 3630/3630 3663/3663
f 3632/3632 3702/3702 3666/3666
f 3702/3702 3632/3632 3664/3664
f 3666/3666 3703/3703 3665/3665
f 3703/3703 3666/3666 3704/3704
f 3668/3668 3705/3705 3667/3667
f 3705/3705 3668/3668 3706/3706
f 3633/3633 3707/3707 3669/3669
f 3707/3707 3633/3633 3667/3667
f 3671/3671 3708/3708 3670/3670
f 3708/3708 3671/3671 3709/3709
f 3635/3635 3710/3710 3672/3672
f 3710/3710 3635/3635 3669/3669
f 3673/3673 3671/3671 3637/3637
f 3671/3671 3673/3673 3711/3711
f 3638/3638 3712/3712 3674/3674
f 3712/3712 3638/3638 3672/3672
f 3675/3675 3673/3673 3639/3639
f 3673/3673 3675/3675 3713/3713
f 3640/3640 3714/3714 3676/3676
f 3714/3714 3640/3640 3674/3674
f 3677/3677 3675/3675 3641/3641
f 3675/3675 3677/3677 3715/3715
f 3642/3642 3716/3716 3678/3678
f 3716/3716 3642/3642 3676/3676
f 3679/3679 3677/3677 3643/3643
f 3677/3677 3679/3679 3717/3717
f 3644/3644 3718/3718 3680/3680
f 3718/3718 3644/3644 3678/3678
f 3681/3681 3679/3679 3645/3645
f 3679/3679 3681/3681 3719/3719
f 3720/3720 3646/3646 3680/3680
f 3646/3646 3720/3720 3682/3682
f 3647/3647 3721/3721 3681/3681
f 3721/3721 3647/3647 3683/3683
f 3722/3722 3648/3648 3682/3682
f 3648/3648 3722/3722 3684/3684
f 3665/3665 3723/3723 3683/3683
f 3723/3723 3665/3665 3703/3703
f 3724/3724 3684/3684 3725/3725
f 3684/3684 3724/3724 3685/3685
f 3726/3726 3649/3649 3685/3685
f 3649/3649 3726/3726 3686/3686
f 3727/3727 3650/3650 3686/3686
f 3650/3650 3727/3727 3687/3687
f 3728/3728 3651/3651 3687/3687
f 3651/3651 3728/3728 3688/3688
f 3689/3689 3688/3688 3729/3729
f 3688/3688 3689/3689 3652/3652
f 3690/3690 3689/3689 3730/3730
f 3689/3689 3690/3690 3653/3653
f 3691/3691 3690/3690 3731/3731
f 3690/3690 3691/3691 3654/3654
f 3692/3692 3691/3691 3732/3732
f 3691/3691 3692/3692 3655/3655
f 3733/3733 3656/3656 3692/3692
f 3656/3656 3733/3733 3693/3693
f 3734/3734 3694/3694 3693/3693
f 3694/3694 3734/3734 3735/3735
f 3736/3736 3696/3696 3737/3737
f 3696/3696 3736/3736 3695/3695
f 3738/3738 3658/3658 3695/3695
f 3658/3658 3738/3738 3697/3697
f 3739/3739 3660/3660 3697/3697
f 3660/3660 3739/3739 3698/3698
f 3740/3740 3661/3661 3698/3698
f 3661/3661 3740/3740 3699/3699
f 3741/3741 3662/3662 3699/3699
f 3662/3662 3741/3741 3700/3700
f 3663/3663 3742/3742 3701/3701
f 3742/3742 3663/3663 3700/3700
f 3664/3664 3743/3743 3702/3702
f 3743/3743 3664/3664 3701/3701
f 3702/3702 3704/3704 3666/3666
f 3704/3704 3702/3702 3744/3744
f 3704/3704 3745/3745 3703/3703
f 3745/3745 3704/3704 3746/3746
f 3706/3706 3747/3747 3705/3705
f 3747/3747 3706/3706 3748/3748
f 3667/3667 3749/3749 3707/3707
f 3749/3749 3667/3667 3705/3705
f 3709/3709 3750/3750 3708/3708
f 3750/3750 3709/3709 3751/3751
f 3669/3669 3752/3752 3710/3710
f 3752/3752 3669/3669 3707/3707
f 3711/3711 3709/3709 3671/3671
f 3709/3709 3711/3711 3753/3753
f 3672/3672 3754/3754 3712/3712
f 3754/3754 3672/3672 3710/3710
f 3713/3713 3711/3711 3673/3673
f 3711/3711 3713/3713 3755/3755
f 3674/3674 3756/3756 3714/3714
f 3756/3756 3674/3674 3712/3712
f 3715/3715 3713/3713 3675/3675
f 3713/3713 3715/3715 3757/3757
f 3676/3676 3758/3758 3716/3716
f 3758/3758 3676/3676 3714/3714
f 3717/3717 3715/3715 3677/3677
f 3715/3715 3717/3717 3759/3759
f 3678/3678 3760/3760 3718/3718
f 3760/3760 3678/3678 3716/3716
f 3719/3719 3717/3717 3679/3679
f 3717/3717 3719/3719 3761/3761
f 3680/3680 3762/3762 3720/3720
f 3762/3762 3680/3680 3718/3718
f 3721/3721 3719/3719 3681/3681
f 3719/3719 3721/3721 3763/3763
f 3764/3764 3682/3682 3720/3720
f 3682/3682 3764/3764 3722/3722
f 3683/3683 3765/3765 3721/3721
f 3765/3765 3683/3683 3723/3723
f 3725/3725 3722/3722 3766/3766
f 3722/3722 3725/3725 3684/3684
f 3703/3703 3767/3767 3723/3723
f 3767/3767 3703/3703 3745/3745
f 3768/3768 3725/3725 3769/3769
f 3725/3725 3768/3768 3724/3724
f 3724/3724 3726/3726 3685/3685
f 3726/3726 3724/3724 3770/3770
f 3771/3771 3686/3686 3726/3726
f 3686/3686 3771/3771 3727/3727
f 3772/3772 3687/3687 3727/3727
f 3687/3687 3772/3772 3728/3728
f 3729/3729 3728/3728 3773/3773
f 3728/3728 3729/3729 3688/3688
f 3730/3730 3729/3729 3774/3774
f 3729/3729 3730/3730 3689/3689
f 3731/3731 3730/3730 3775/3775
f 3730/3730 3731/3731 3690/3690
f 3732/3732 3731/3731 3776/3776
f 3731/3731 3732/3732 3691/3691
f 3777/3777 3692/3692 3732/3732
f 3692/3692 3777/3777 3733/3733
f 3778/3778 3693/3693 3733/3733
f 3693/3693 3778/3778 3734/3734
f 3779/3779 3735/3735 3734/3734
f 3735/3735 3779/3779 3780/3780
f 3781/3781 3737/3737 3782/3782
f 3737/3737 3781/3781 3736/3736
f 3783/3783 3695/3695 3736/3736
f 3695/3695 3783/3783 3738/3738
f 3784/3784 3697/3697 3738/3738
f 3697/3697 3784/3784 3739/3739
f 3785/3785 3698/3698 3739/3739
f 3698/3698 3785/3785 3740/3740
f 3786/3786 3699/3699 3740/3740
f 3699/3699 3786/3786 3741/3741
f 3787/3787 3700/3700 3741/3741
f 3700/3700 3787/3787 3742/3742
f 3701/3701 3788/3788 3743/3743
f 3788/3788 3701/3701 3742/3742
f 3702/3702 3789/3789 3744/3744
f 3789/3789 3702/3702 3743/3743
f 3744/3744 3746/3746 3704/3704
f 3746/3746 3744/3744 3790/3790
f 3746/3746 3791/3791 3745/3745
f 3791/3791 3746/3746 3792/3792
f 3748/3748 3793/3793 3747/3747
f 3793/3793 3748/3748 3794/3794
f 3705/3705 3795/3795 3749/3749
f 3795/3795 3705/3705 3747/3747
f 3751/3751 3796/3796 3750/3750
f 3796/3796 3751/3751 3797/3797
f 3707/3707 3798/3798 3752/3752
f 3798/3798 3707/3707 3749/3749
f 3753/3753 3751/3751 3709/3709
f 3751/3751 3753/3753 3799/3799
f 3710/3710 3800/3800 3754/3754
f 3800/3800 3710/3710 3752/3752
f 3755/3755 3753/3753 3711/3711
f 3753/3753 3755/3755 3801/3801
f 3712/3712 3802/3802 3756/3756
f 3802/3802 3712/3712 3754/3754
f 3757/3757 3755/3755 3713/3713
f 3755/3755 3757/3757 3803/3803
f 3714/3714 3804/3804 3758/3758
f 3804/3804 3714/3714 3756/3756
f 3759/3759 3757/3757 3715/3715
f 3757/3757 3759/3759 3805/3805
f 3716/3716 3806/3806 3760/3760
f 3806/3806 3716/3716 3758/3758
f 3761/3761 3759/3759 3717/3717
f 3759/3759 3761/3761 3807/3807
f 3718/3718 3808/3808 3762/3762
f 3808/3808 3718/3718 3760/3760
f 3763/3763 3761/3761 3719/3719
f 3761/3761 3763/3763 3809/3809
f 3720/3720 3810/3810 3764/3764
f 3810/3810 3720/3720 3762/3762
f 3765/3765 3763/3763 3721/3721
f 3763/3763 3765/3765 3811/3811
f 3766/3766 3764/3764 3812/3812
f 3764/3764 3766/3766 3722/3722
f 3723/3723 3813/3813 3765/3765
f 3813/3813 3723/3723 3767/3767
f 3769/3769 3766/3766 3814/3814
f 3766/3766 3769/3769 3725/3725
f 3745/3745 3815/3815 3767/3767
f 3815/3815 3745/3745 3791/3791
f 3816/3816 3769/3769 3817/3817
f 3769/3769 3816/3816 3768/3768
f 3818/3818 3724/3724 3768/3768
f 3724/3724 3818/3818 3770/3770
f 3770/3770 3771/3771 3726/3726
f 3771/3771 3770/3770 3819/3819
f 3820/3820 3727/3727 3771/3771
f 3727/3727 3820/3820 3772/3772
f 3773/3773 3772/3772 3821/3821
f 3772/3772 3773/3773 3728/3728
f 3774/3774 3773/3773 3822/3822
f 3773/3773 3774/3774 3729/3729
f 3775/3775 3774/3774 3823/3823
f 3774/3774 3775/3775 3730/3730
f 3776/3776 3775/3775 3824/3824
f 3775/3775 3776/3776 3731/3731
f 3777/3777 3776/3776 3825/3825
f 3776/3776 3777/3777 3732/3732
f 3826/3826 3733/3733 3777/3777
f 3733/3733 3826/3826 3778/3778
f 3827/3827 3734/3734 3778/3778
f 3734/3734 3827/3827 3779/3779
f 3828/3828 3780/3780 3779/3779
f 3780/3780 3828/3828 3829/3829
f 3781/3781 3830/3830 3831/3831
f 3830/3830 3781/3781 3782/3782
f 3832/3832 3736/3736 3781/3781
f 3736/3736 3832/3832 3783/3783
f 3833/3833 3738/3738 3783/3783
f 3738/3738 3833/3833 3784/3784
f 3834/3834 3739/3739 3784/3784
f 3739/3739 3834/3834 3785/3785
f 3835/3835 3740/3740 3785/3785
f 3740/3740 3835/3835 3786/3786
f 3836/3836 3741/3741 3786/3786
f 3741/3741 3836/3836 3787/3787
f 3837/3837 3742/3742 3787/3787
f 3742/3742 3837/3837 3788/3788
f 3743/3743 3838/3838 3789/3789
f 3838/3838 3743/3743 3788/3788
f 3744/3744 3839/3839 3790/3790
f 3839/3839 3744/3744 3789/3789
f 3790/3790 3792/3792 3746/3746
f 3792/3792 3790/3790 3840/3840
f 3792/3792 3841/3841 3791/3791
f 3841/3841 3792/3792 3842/3842
f 3793/3793 3829/3829 3828/3828
f 3829/3829 3793/3793 3794/3794
f 3747/3747 3843/3843 3795/3795
f 3843/3843 3747/3747 3793/3793
f 3797/3797 3844/3844 3796/3796
f 3844/3844 3797/3797 3845/3845
f 3749/3749 3846/3846 3798/3798
f 3846/3846 3749/3749 3795/3795
f 3799/3799 3797/3797 3751/3751
f 3797/3797 3799/3799 3847/3847
f 3798/3798 3800/3800 3752/3752
f 3800/3800 3798/3798 3848/3848
f 3801/3801 3799/3799 3753/3753
f 3799/3799 3801/3801 3849/3849
f 3754/3754 3850/3850 3802/3802
f 3850/3850 3754/3754 3800/3800
f 3803/3803 3801/3801 3755/3755
f 3801/3801 3803/3803 3851/3851
f 3756/3756 3852/3852 3804/3804
f 3852/3852 3756/3756 3802/3802
f 3805/3805 3803/3803 3757/3757
f 3803/3803 3805/3805 3853/3853
f 3758/3758 3854/3854 3806/3806
f 3854/3854 3758/3758 3804/3804
f 3807/3807 3805/3805 3759/3759
f 3805/3805 3807/3807 3855/3855
f 3760/3760 3856/3856 3808/3808
f 3856/3856 3760/3760 3806/3806
f 3809/3809 3807/3807 3761/3761
f 3807/3807 3809/3809 3857/3857
f 3762/3762 3858/3858 3810/3810
f 3858/3858 3762/3762 3808/3808
f 3811/3811 3809/3809 3763/3763
f 3809/3809 3811/3811 3859/3859
f 3764/3764 3860/3860 3812/3812
f 3860/3860 3764/3764 3810/3810
f 3813/3813 3811/3811 3765/3765
f 3811/3811 3813/3813 3861/3861
f 3814/3814 3812/3812 3862/3862
f 3812/3812 3814/3814 3766/3766
f 3767/3767 3863/3863 3813/3813
f 3863/3863 3767/3767 3815/3815
f 3817/3817 3814/3814 3864/3864
f 3814/3814 3817/3817 3769/3769
f 3791/3791 3865/3865 3815/3815
f 3865/3865 3791/3791 3841/3841
f 3866/3866 3867/3867 3868/3868
f 3867/3867 3866/3866 3869/3869
f 3869/3869 3866/3866 3870/3870
f 3870/3870 3866/3866 3871/3871
f 3870/3870 3871/3871 3872/3872
f 3872/3872 3871/3871 3873/3873
f 3872/3872 3873/3873 3874/3874
f 3874/3874 3873/3873 3875/3875
f 3874/3874 3875/3875 3876/3876
f 3876/3876 3875/3875 3877/3877
f 3876/3876 3877/3877 3878/3878
f 3878/3878 3877/3877 3879/3879
f 3878/3878 3879/3879 3880/3880
f 3880/3880 3879/3879 3881/3881
f 3880/3880 3881/3881 3882/3882
f 3882/3882 3881/3881 3883/3883
f 3883/3883 3881/3881 3884/3884
f 3883/3883 3884/3884 3885/3885
f 3885/3885 3884/3884 3886/3886
f 3885/3885 3886/3886 3887/3887
f 3887/3887 3886/3886 3888/3888
f 3887/3887 3888/3888 3889/3889
f 3889/3889 3888/3888 3890/3890
f 3889/3889 3890/3890 3891/3891
f 3867/3867 3892/3892 3893/3893
f 3892/3892 3867/3867 3869/3869
f 3893/3893 3892/3892 3894/3894
f 3893/3893 3894/3894 3895/3895
f 3895/3895 3894/3894 3896/3896
f 3895/3895 3896/3896 3897/3897
f 3897/3897 3896/3896 3898/3898
f 3897/3897 3898/3898 3899/3899
f 3899/3899 3898/3898 3900/3900
f 3899/3899 3900/3900 3901/3901
f 3901/3901 3900/3900 3902/3902
f 3901/3901 3902/3902 3903/3903
f 3901/3901 3903/3903 3904/3904
f 3904/3904 3903/3903 3905/3905
f 3904/3904 3905/3905 3906/3906
f 3906/3906 3905/3905 3907/3907
f 3906/3906 3907/3907 3908/3908
f 3908/3908 3907/3907 3909/3909
f 3908/3908 3909/3909 3910/3910
f 3910/3910 3909/3909 3911/3911
f 3910/3910 3911/3911 3912/3912
f 3912/3912 3911/3911 3891/3891
f 3912/3912 3891/3891 3890/3890
f 3912/3912 3890/3890 3913/3913
f 3914/3914 3768/3768 3816/3816
f 3768/3768 3914/3914 3818/3818
f 3818/3818 3819/3819 3770/3770
f 3819/3819 3818/3818 3915/3915
f 3819/3819 3820/3820 3771/3771
f 3820/3820 3819/3819 3916/3916
f 3821/3821 3820/3820 3917/3917
f 3820/3820 3821/3821 3772/3772
f 3822/3822 3821/3821 3918/3918
f 3821/3821 3822/3822 3773/3773
f 3823/3823 3822/3822 3919/3919
f 3822/3822 3823/3823 3774/3774
f 3824/3824 3823/3823 3920/3920
f 3823/3823 3824/3824 3775/3775
f 3825/3825 3824/3824 3921/3921
f 3824/3824 3825/3825 3776/3776
f 3826/3826 3825/3825 3922/3922
f 3825/3825 3826/3826 3777/3777
f 3923/3923 3778/3778 3826/3826
f 3778/3778 3923/3923 3827/3827
f 3924/3924 3779/3779 3827/3827
f 3779/3779 3924/3924 3828/3828
f 3831/3831 3925/3925 3926/3926
f 3925/3925 3831/3831 3830/3830
f 3832/3832 3831/3831 3927/3927
f 3831/3831 3832/3832 3781/3781
f 3928/3928 3783/3783 3832/3832
f 3783/3783 3928/3928 3833/3833
f 3929/3929 3784/3784 3833/3833
f 3784/3784 3929/3929 3834/3834
f 3930/3930 3785/3785 3834/3834
f 3785/3785 3930/3930 3835/3835
f 3931/3931 3786/3786 3835/3835
f 3786/3786 3931/3931 3836/3836
f 3932/3932 3787/3787 3836/3836
f 3787/3787 3932/3932 3837/3837
f 3933/3933 3788/3788 3837/3837
f 3788/3788 3933/3933 3838/3838
f 3789/3789 3934/3934 3839/3839
f 3934/3934 3789/3789 3838/3838
f 3790/3790 3935/3935 3840/3840
f 3935/3935 3790/3790 3839/3839
f 3840/3840 3842/3842 3792/3792
f 3842/3842 3840/3840 3936/3936
f 3937/3937 3841/3841 3842/3842
f 3841/3841 3937/3937 3938/3938
f 3843/3843 3828/3828 3924/3924
f 3828/3828 3843/3843 3793/3793
f 3845/3845 3925/3925 3844/3844
f 3925/3925 3845/3845 3926/3926
f 3843/3843 3846/3846 3795/3795
f 3846/3846 3843/3843 3939/3939
f 3847/3847 3845/3845 3797/3797
f 3845/3845 3847/3847 3940/3940
f 3846/3846 3848/3848 3798/3798
f 3848/3848 3846/3846 3941/3941
f 3849/3849 3847/3847 3799/3799
f 3847/3847 3849/3849 3942/3942
f 3848/3848 3850/3850 3800/3800
f 3850/3850 3848/3848 3943/3943
f 3851/3851 3849/3849 3801/3801
f 3849/3849 3851/3851 3944/3944
f 3802/3802 3945/3945 3852/3852
f 3945/3945 3802/3802 3850/3850
f 3853/3853 3851/3851 3803/3803
f 3851/3851 3853/3853 3946/3946
f 3804/3804 3947/3947 3854/3854
f 3947/3947 3804/3804 3852/3852
f 3855/3855 3853/3853 3805/3805
f 3853/3853 3855/3855 3948/3948
f 3806/3806 3949/3949 3856/3856
f 3949/3949 3806/3806 3854/3854
f 3857/3857 3855/3855 3807/3807
f 3855/3855 3857/3857 3950/3950
f 3808/3808 3951/3951 3858/3858
f 3951/3951 3808/3808 3856/3856
f 3859/3859 3857/3857 3809/3809
f 3857/3857 3859/3859 3952/3952
f 3810/3810 3953/3953 3860/3860
f 3953/3953 3810/3810 3858/3858
f 3861/3861 3859/3859 3811/3811
f 3859/3859 3861/3861 3954/3954
f 3812/3812 3955/3955 3862/3862
f 3955/3955 3812/3812 3860/3860
f 3863/3863 3861/3861 3813/3813
f 3861/3861 3863/3863 3956/3956
f 3864/3864 3862/3862 3957/3957
f 3862/3862 3864/3864 3814/3814
f 3865/3865 3863/3863 3815/3815
f 3863/3863 3865/3865 3958/3958
f 3938/3938 3865/3865 3841/3841
f 3865/3865 3938/3938 3959/3959
f 3960/3960 3961/3961 3962/3962
f 3961/3961 3960/3960 3963/3963
f 3963/3963 3964/3964 3961/3961
f 3964/3964 3963/3963 3965/3965
f 3965/3965 3966/3966 3964/3964
f 3966/3966 3965/3965 3967/3967
f 3968/3968 3966/3966 3967/3967
f 3966/3966 3968/3968 3969/3969
f 3970/3970 3969/3969 3968/3968
f 3969/3969 3970/3970 3971/3971
f 3972/3972 3971/3971 3970/3970
f 3971/3971 3972/3972 3973/3973
f 3972/3972 3974/3974 3973/3973
f 3974/3974 3972/3972 3975/3975
f 3975/3975 3976/3976 3974/3974
f 3976/3976 3975/3975 3977/3977
f 3977/3977 3978/3978 3976/3976
f 3978/3978 3977/3977 3979/3979
f 3979/3979 3980/3980 3978/3978
f 3980/3980 3979/3979 3981/3981
f 3981/3981 3982/3982 3980/3980
f 3982/3982 3981/3981 3983/3983
f 3983/3983 3984/3984 3982/3982
f 3984/3984 3983/3983 3985/3985
f 3986/3986 3985/3985 3915/3915
f 3985/3985 3986/3986 3984/3984
f 3914/3914 3915/3915 3818/3818
f 3915/3915 3914/3914 3986/3986
f 3862/3862 3987/3987 3957/3957
f 3987/3987 3862/3862 3955/3955
f 3955/3955 3988/3988 3987/3987
f 3988/3988 3955/3955 3989/3989
f 3989/3989 3990/3990 3988/3988
f 3990/3990 3989/3989 3991/3991
f 3991/3991 3992/3992 3990/3990
f 3992/3992 3991/3991 3993/3993
f 3993/3993 3994/3994 3992/3992
f 3994/3994 3993/3993 3995/3995
f 3995/3995 3962/3962 3994/3994
f 3962/3962 3995/3995 3960/3960
f 3915/3915 3916/3916 3819/3819
f 3916/3916 3915/3915 3985/3985
f 3917/3917 3916/3916 3996/3996
f 3916/3916 3917/3917 3820/3820
f 3918/3918 3917/3917 3997/3997
f 3917/3917 3918/3918 3821/3821
f 3919/3919 3918/3918 3998/3998
f 3918/3918 3919/3919 3822/3822
f 3920/3920 3919/3919 3999/3999
f 3919/3919 3920/3920 3823/3823
f 3921/3921 3920/3920 4000/4000
f 3920/3920 3921/3921 3824/3824
f 3922/3922 3921/3921 4001/4001
f 3921/3921 3922/3922 3825/3825
f 3923/3923 3922/3922 4002/4002
f 3922/3922 3923/3923 3826/3826
f 4003/4003 3827/3827 3923/3923
f 3827/3827 4003/4003 3924/3924
f 3927/3927 3926/3926 4004/4004
f 3926/3926 3927/3927 3831/3831
f 3928/3928 3927/3927 4005/4005
f 3927/3927 3928/3928 3832/3832
f 4006/4006 3833/3833 3928/3928
f 3833/3833 4006/4006 3929/3929
f 4007/4007 3834/3834 3929/3929
f 3834/3834 4007/4007 3930/3930
f 4008/4008 3835/3835 3930/3930
f 3835/3835 4008/4008 3931/3931
f 4009/4009 3836/3836 3931/3931
f 3836/3836 4009/4009 3932/3932
f 4010/4010 3837/3837 3932/3932
f 3837/3837 4010/4010 3933/3933
f 4011/4011 3838/3838 3933/3933
f 3838/3838 4011/4011 3934/3934
f 3839/3839 4012/4012 3935/3935
f 4012/4012 3839/3839 3934/3934
f 3840/3840 4013/4013 3936/3936
f 4013/4013 3840/3840 3935/3935
f 3936/3936 3937/3937 3842/3842
f 3937/3937 3936/3936 4014/4014
f 4015/4015 4016/4016 4017/4017
f 4016/4016 4015/4015 4018/4018
f 4016/4016 4018/4018 4019/4019
f 4019/4019 4018/4018 4020/4020
f 4019/4019 4020/4020 4021/4021
f 4021/4021 4020/4020 4022/4022
f 4022/4022 4020/4020 4023/4023
f 4022/4022 4023/4023 4024/4024
f 4024/4024 4023/4023 4025/4025
f 4024/4024 4025/4025 4026/4026
f 4024/4024 4026/4026 4027/4027
f 4027/4027 4026/4026 4028/4028
f 4028/4028 4026/4026 4029/4029
f 4028/4028 4029/4029 4030/4030
f 4028/4028 4030/4030 4031/4031
f 4031/4031 4030/4030 4032/4032
f 4031/4031 4032/4032 4033/4033
f 4033/4033 4032/4032 4034/4034
f 4034/4034 4032/4032 4035/4035
f 4034/4034 4035/4035 4036/4036
f 4034/4034 4036/4036 4037/4037
f 4037/4037 4036/4036 4038/4038
f 3843/3843 4003/4003 3939/3939
f 4003/4003 3843/3843 3924/3924
f 4004/4004 3845/3845 3940/3940
f 3845/3845 4004/4004 3926/3926
f 3939/3939 3941/3941 3846/3846
f 3941/3941 3939/3939 4039/4039
f 3942/3942 3940/3940 3847/3847
f 3940/3940 3942/3942 4040/4040
f 3941/3941 3943/3943 3848/3848
f 3943/3943 3941/3941 4041/4041
f 3944/3944 3942/3942 3849/3849
f 3942/3942 3944/3944 4042/4042
f 3943/3943 3945/3945 3850/3850
f 3945/3945 3943/3943 4043/4043
f 3946/3946 3944/3944 3851/3851
f 3944/3944 3946/3946 4044/4044
f 3852/3852 4045/4045 3947/3947
f 4045/4045 3852/3852 3945/3945
f 3948/3948 3946/3946 3853/3853
f 3946/3946 3948/3948 4046/4046
f 3854/3854 4047/4047 3949/3949
f 4047/4047 3854/3854 3947/3947
f 3950/3950 3948/3948 3855/3855
f 3948/3948 3950/3950 4048/4048
f 3856/3856 4049/4049 3951/3951
f 4049/4049 3856/3856 3949/3949
f 3952/3952 3950/3950 3857/3857
f 3950/3950 3952/3952 4050/4050
f 3858/3858 4051/4051 3953/3953
f 4051/4051 3858/3858 3951/3951
f 3954/3954 3952/3952 3859/3859
f 3952/3952 3954/3954 4052/4052
f 3860/3860 3989/3989 3955/3955
f 3989/3989 3860/3860 3953/3953
f 3956/3956 3954/3954 3861/3861
f 3954/3954 3956/3956 4053/4053
f 3958/3958 3956/3956 3863/3863
f 3956/3956 3958/3958 4054/4054
f 3959/3959 3958/3958 3865/3865
f 3958/3958 3959/3959 4055/4055
f 4056/4056 3963/3963 3960/3960
f 3963/3963 4056/4056 4057/4057
f 4057/4057 3965/3965 3963/3963
f 3965/3965 4057/4057 4058/4058
f 4058/4058 3967/3967 3965/3965
f 3967/3967 4058/4058 4059/4059
f 4060/4060 3967/3967 4059/4059
f 3967/3967 4060/4060 3968/3968
f 4061/4061 3968/3968 4060/4060
f 3968/3968 4061/4061 3970/3970
f 4062/4062 3970/3970 4061/4061
f 3970/3970 4062/4062 3972/3972
f 4062/4062 3975/3975 3972/3972
f 3975/3975 4062/4062 4063/4063
f 4063/4063 3977/3977 3975/3975
f 3977/3977 4063/4063 4064/4064
f 4064/4064 3979/3979 3977/3977
f 3979/3979 4064/4064 4065/4065
f 4065/4065 3981/3981 3979/3979
f 3981/3981 4065/4065 4066/4066
f 4066/4066 3983/3983 3981/3981
f 3983/3983 4066/4066 3996/3996
f 3996/3996 3985/3985 3983/3983
f 3985/3985 3996/3996 3916/3916
f 3953/3953 3991/3991 3989/3989
f 3991/3991 3953/3953 4051/4051
f 4051/4051 3993/3993 3991/3991
f 3993/3993 4051/4051 4067/4067
f 4067/4067 3995/3995 3993/3993
f 3995/3995 4067/4067 4068/4068
f 4068/4068 3960/3960 3995/3995
f 3960/3960 4068/4068 4056/4056
f 3997/3997 3996/3996 4066/4066
f 3996/3996 3997/3997 3917/3917
f 3998/3998 3997/3997 4069/4069
f 3997/3997 3998/3998 3918/3918
f 3999/3999 3998/3998 4070/4070
f 3998/3998 3999/3999 3919/3919
f 4000/4000 3999/3999 4071/4071
f 3999/3999 4000/4000 3920/3920
f 4001/4001 4000/4000 4072/4072
f 4000/4000 4001/4001 3921/3921
f 4002/4002 4001/4001 4073/4073
f 4001/4001 4002/4002 3922/3922
f 4003/4003 4002/4002 4074/4074
f 4002/4002 4003/4003 3923/3923
f 4005/4005 4004/4004 4075/4075
f 4004/4004 4005/4005 3927/3927
f 4006/4006 4005/4005 4076/4076
f 4005/4005 4006/4006 3928/3928
f 4077/4077 3929/3929 4006/4006
f 3929/3929 4077/4077 4007/4007
f 4078/4078 3930/3930 4007/4007
f 3930/3930 4078/4078 4008/4008
f 4079/4079 3931/3931 4008/4008
f 3931/3931 4079/4079 4009/4009
f 4080/4080 3932/3932 4009/4009
f 3932/3932 4080/4080 4010/4010
f 4081/4081 3933/3933 4010/4010
f 3933/3933 4081/4081 4011/4011
f 4082/4082 3934/3934 4011/4011
f 3934/3934 4082/4082 4012/4012
f 4012/4012 4013/4013 3935/3935
f 4013/4013 4012/4012 4083/4083
f 4013/4013 4014/4014 3936/3936
f 4014/4014 4013/4013 4084/4084
f 4085/4085 4086/4086 4087/4087
f 4086/4086 4085/4085 4088/4088
f 4088/4088 4089/4089 4086/4086
f 4089/4089 4088/4088 4090/4090
f 4090/4090 4091/4091 4089/4089
f 4091/4091 4090/4090 4092/4092
f 4092/4092 4093/4093 4091/4091
f 4093/4093 4092/4092 4094/4094
f 4093/4093 4095/4095 4096/4096
f 4095/4095 4093/4093 4094/4094
f 4096/4096 4097/4097 4098/4098
f 4097/4097 4096/4096 4095/4095
f 4098/4098 4099/4099 4100/4100
f 4099/4099 4098/4098 4097/4097
f 4100/4100 4101/4101 4102/4102
f 4101/4101 4100/4100 4099/4099
f 4102/4102 4103/4103 4104/4104
f 4103/4103 4102/4102 4101/4101
f 4104/4104 4105/4105 4106/4106
f 4105/4105 4104/4104 4103/4103
f 4107/4107 4105/4105 4108/4108
f 4105/4105 4107/4107 4106/4106
f 4109/4109 4108/4108 4054/4054
f 4108/4108 4109/4109 4107/4107
f 4055/4055 4054/4054 3958/3958
f 4054/4054 4055/4055 4109/4109
f 4083/4083 4084/4084 4013/4013
f 4084/4084 4083/4083 4110/4110
f 4111/4111 4110/4110 4083/4083
f 4110/4110 4111/4111 4112/4112
f 4113/4113 4112/4112 4111/4111
f 4112/4112 4113/4113 4114/4114
f 4115/4115 4114/4114 4113/4113
f 4114/4114 4115/4115 4116/4116
f 4117/4117 4116/4116 4115/4115
f 4116/4116 4117/4117 4118/4118
f 4117/4117 4087/4087 4118/4118
f 4087/4087 4117/4117 4085/4085
f 4003/4003 4039/4039 3939/3939
f 4039/4039 4003/4003 4074/4074
f 4040/4040 4004/4004 3940/3940
f 4004/4004 4040/4040 4075/4075
f 4039/4039 4041/4041 3941/3941
f 4041/4041 4039/4039 4119/4119
f 4042/4042 4040/4040 3942/3942
f 4040/4040 4042/4042 4120/4120
f 4041/4041 4043/4043 3943/3943
f 4043/4043 4041/4041 4121/4121
f 4044/4044 4042/4042 3944/3944
f 4042/4042 4044/4044 4122/4122
f 4043/4043 4045/4045 3945/3945
f 4045/4045 4043/4043 4123/4123
f 4046/4046 4044/4044 3946/3946
f 4044/4044 4046/4046 4124/4124
f 3947/3947 4125/4125 4047/4047
f 4125/4125 3947/3947 4045/4045
f 4048/4048 4046/4046 3948/3948
f 4046/4046 4048/4048 4126/4126
f 3949/3949 4127/4127 4049/4049
f 4127/4127 3949/3949 4047/4047
f 4050/4050 4048/4048 3950/3950
f 4048/4048 4050/4050 4128/4128
f 3951/3951 4067/4067 4051/4051
f 4067/4067 3951/3951 4049/4049
f 4052/4052 4050/4050 3952/3952
f 4050/4050 4052/4052 4129/4129
f 4053/4053 4052/4052 3954/3954
f 4052/4052 4053/4053 4130/4130
f 4054/4054 4053/4053 3956/3956
f 4053/4053 4054/4054 4108/4108
f 4131/4131 4057/4057 4056/4056
f 4057/4057 4131/4131 4132/4132
f 4132/4132 4058/4058 4057/4057
f 4058/4058 4132/4132 4133/4133
f 4133/4133 4059/4059 4058/4058
f 4059/4059 4133/4133 4134/4134
f 4134/4134 4060/4060 4059/4059
f 4060/4060 4134/4134 4135/4135
f 4136/4136 4060/4060 4135/4135
f 4060/4060 4136/4136 4061/4061
f 4137/4137 4061/4061 4136/4136
f 4061/4061 4137/4137 4062/4062
f 4137/4137 4063/4063 4062/4062
f 4063/4063 4137/4137 4138/4138
f 4138/4138 4064/4064 4063/4063
f 4064/4064 4138/4138 4139/4139
f 4139/4139 4065/4065 4064/4064
f 4065/4065 4139/4139 4069/4069
f 4069/4069 4066/4066 4065/4065
f 4066/4066 4069/4069 3997/3997
f 4049/4049 4068/4068 4067/4067
f 4068/4068 4049/4049 4127/4127
f 4127/4127 4056/4056 4068/4068
f 4056/4056 4127/4127 4131/4131
f 4070/4070 4069/4069 4139/4139
f 4069/4069 4070/4070 3998/3998
f 4071/4071 4070/4070 4140/4140
f 4070/4070 4071/4071 3999/3999
f 4072/4072 4071/4071 4141/4141
f 4071/4071 4072/4072 4000/4000
f 4073/4073 4072/4072 4142/4142
f 4072/4072 4073/4073 4001/4001
f 4074/4074 4073/4073 4143/4143
f 4073/4073 4074/4074 4002/4002
f 4076/4076 4075/4075 4144/4144
f 4075/4075 4076/4076 4005/4005
f 4077/4077 4076/4076 4145/4145
f 4076/4076 4077/4077 4006/4006
f 4146/4146 4007/4007 4077/4077
f 4007/4007 4146/4146 4078/4078
f 4147/4147 4008/4008 4078/4078
f 4008/4008 4147/4147 4079/4079
f 4148/4148 4009/4009 4079/4079
f 4009/4009 4148/4148 4080/4080
f 4149/4149 4010/4010 4080/4080
f 4010/4010 4149/4149 4081/4081
f 4150/4150 4011/4011 4081/4081
f 4011/4011 4150/4150 4082/4082
f 4082/4082 4083/4083 4012/4012
f 4083/4083 4082/4082 4111/4111
f 4151/4151 4088/4088 4085/4085
f 4088/4088 4151/4151 4152/4152
f 4152/4152 4090/4090 4088/4088
f 4090/4090 4152/4152 4153/4153
f 4090/4090 4154/4154 4092/4092
f 4154/4154 4090/4090 4153/4153
f 4094/4094 4154/4154 4155/4155
f 4154/4154 4094/4094 4092/4092
f 4095/4095 4155/4155 4156/4156
f 4155/4155 4095/4095 4094/4094
f 4097/4097 4156/4156 4157/4157
f 4156/4156 4097/4097 4095/4095
f 4097/4097 4158/4158 4099/4099
f 4158/4158 4097/4097 4157/4157
f 4099/4099 4159/4159 4101/4101
f 4159/4159 4099/4099 4158/4158
f 4103/4103 4159/4159 4160/4160
f 4159/4159 4103/4103 4101/4101
f 4105/4105 4160/4160 4130/4130
f 4160/4160 4105/4105 4103/4103
f 4108/4108 4130/4130 4053/4053
f 4130/4130 4108/4108 4105/4105
f 4113/4113 4082/4082 4150/4150
f 4082/4082 4113/4113 4111/4111
f 4115/4115 4150/4150 4161/4161
f 4150/4150 4115/4115 4113/4113
f 4117/4117 4161/4161 4162/4162
f 4161/4161 4117/4117 4115/4115
f 4085/4085 4162/4162 4151/4151
f 4162/4162 4085/4085 4117/4117
f 4074/4074 4119/4119 4039/4039
f 4119/4119 4074/4074 4143/4143
f 4144/4144 4040/4040 4120/4120
f 4040/4040 4144/4144 4075/4075
f 4119/4119 4121/4121 4041/4041
f 4121/4121 4119/4119 4163/4163
f 4122/4122 4120/4120 4042/4042
f 4120/4120 4122/4122 4164/4164
f 4121/4121 4123/4123 4043/4043
f 4123/4123 4121/4121 4165/4165
f 4124/4124 4122/4122 4044/4044
f 4122/4122 4124/4124 4166/4166
f 4123/4123 4125/4125 4045/4045
f 4125/4125 4123/4123 4167/4167
f 4126/4126 4124/4124 4046/4046
f 4124/4124 4126/4126 4168/4168
f 4047/4047 4131/4131 4127/4127
f 4131/4131 4047/4047 4125/4125
f 4128/4128 4126/4126 4048/4048
f 4126/4126 4128/4128 4169/4169
f 4129/4129 4128/4128 4050/4050
f 4128/4128 4129/4129 4170/4170
f 4130/4130 4129/4129 4052/4052
f 4129/4129 4130/4130 4160/4160
f 4167/4167 4131/4131 4125/4125
f 4131/4131 4167/4167 4132/4132
f 4171/4171 4132/4132 4167/4167
f 4132/4132 4171/4171 4133/4133
f 4172/4172 4133/4133 4171/4171
f 4133/4133 4172/4172 4134/4134
f 4173/4173 4134/4134 4172/4172
f 4134/4134 4173/4173 4135/4135
f 4173/4173 4136/4136 4135/4135
f 4136/4136 4173/4173 4174/4174
f 4174/4174 4137/4137 4136/4136
f 4137/4137 4174/4174 4175/4175
f 4175/4175 4138/4138 4137/4137
f 4138/4138 4175/4175 4140/4140
f 4140/4140 4139/4139 4138/4138
f 4139/4139 4140/4140 4070/4070
f 4141/4141 4140/4140 4175/4175
f 4140/4140 4141/4141 4071/4071
f 4142/4142 4141/4141 4176/4176
f 4141/4141 4142/4142 4072/4072
f 4143/4143 4142/4142 4177/4177
f 4142/4142 4143/4143 4073/4073
f 4145/4145 4144/4144 4178/4178
f 4144/4144 4145/4145 4076/4076
f 4146/4146 4145/4145 4179/4179
f 4145/4145 4146/4146 4077/4077
f 4180/4180 4078/4078 4146/4146
f 4078/4078 4180/4180 4147/4147
f 4181/4181 4079/4079 4147/4147
f 4079/4079 4181/4181 4148/4148
f 4182/4182 4080/4080 4148/4148
f 4080/4080 4182/4182 4149/4149
f 4161/4161 4081/4081 4149/4149
f 4081/4081 4161/4161 4150/4150
f 4152/4152 4183/4183 4184/4184
f 4183/4183 4152/4152 4151/4151
f 4152/4152 4185/4185 4153/4153
f 4185/4185 4152/4152 4184/4184
f 4153/4153 4186/4186 4154/4154
f 4186/4186 4153/4153 4185/4185
f 4154/4154 4187/4187 4155/4155
f 4187/4187 4154/4154 4186/4186
f 4156/4156 4187/4187 4188/4188
f 4187/4187 4156/4156 4155/4155
f 4157/4157 4188/4188 4189/4189
f 4188/4188 4157/4157 4156/4156
f 4158/4158 4189/4189 4190/4190
f 4189/4189 4158/4158 4157/4157
f 4159/4159 4190/4190 4170/4170
f 4190/4190 4159/4159 4158/4158
f 4160/4160 4170/4170 4129/4129
f 4170/4170 4160/4160 4159/4159
f 4162/4162 4149/4149 4182/4182
f 4149/4149 4162/4162 4161/4161
f 4151/4151 4182/4182 4183/4183
f 4182/4182 4151/4151 4162/4162
f 4119/4119 4177/4177 4163/4163
f 4177/4177 4119/4119 4143/4143
f 4164/4164 4144/4144 4120/4120
f 4144/4144 4164/4164 4178/4178
f 4163/4163 4165/4165 4121/4121
f 4165/4165 4163/4163 4191/4191
f 4166/4166 4164/4164 4122/4122
f 4164/4164 4166/4166 4192/4192
f 4165/4165 4167/4167 4123/4123
f 4167/4167 4165/4165 4171/4171
f 4168/4168 4166/4166 4124/4124
f 4166/4166 4168/4168 4193/4193
f 4169/4169 4168/4168 4126/4126
f 4168/4168 4169/4169 4194/4194
f 4170/4170 4169/4169 4128/4128
f 4169/4169 4170/4170 4190/4190
f 4191/4191 4171/4171 4165/4165
f 4171/4171 4191/4191 4172/4172
f 4195/4195 4172/4172 4191/4191
f 4172/4172 4195/4195 4173/4173
f 4195/4195 4174/4174 4173/4173
f 4174/4174 4195/4195 4176/4176
f 4176/4176 4175/4175 4174/4174
f 4175/4175 4176/4176 4141/4141
f 4177/4177 4176/4176 4195/4195
f 4176/4176 4177/4177 4142/4142
f 4179/4179 4178/4178 4196/4196
f 4178/4178 4179/4179 4145/4145
f 4180/4180 4179/4179 4197/4197
f 4179/4179 4180/4180 4146/4146
f 4198/4198 4147/4147 4180/4180
f 4147/4147 4198/4198 4181/4181
f 4183/4183 4148/4148 4181/4181
f 4148/4148 4183/4183 4182/4182
f 4184/4184 4181/4181 4198/4198
f 4181/4181 4184/4184 4183/4183
f 4184/4184 4199/4199 4185/4185
f 4199/4199 4184/4184 4198/4198
f 4185/4185 4200/4200 4186/4186
f 4200/4200 4185/4185 4199/4199
f 4186/4186 4201/4201 4187/4187
f 4201/4201 4186/4186 4200/4200
f 4188/4188 4201/4201 4202/4202
f 4201/4201 4188/4188 4187/4187
f 4189/4189 4202/4202 4194/4194
f 4202/4202 4189/4189 4188/4188
f 4190/4190 4194/4194 4169/4169
f 4194/4194 4190/4190 4189/4189
f 4163/4163 4195/4195 4191/4191
f 4195/4195 4163/4163 4177/4177
f 4196/4196 4164/4164 4192/4192
f 4164/4164 4196/4196 4178/4178
f 4193/4193 4192/4192 4166/4166
f 4192/4192 4193/4193 4203/4203
f 4194/4194 4193/4193 4168/4168
f 4193/4193 4194/4194 4202/4202
f 4197/4197 4196/4196 4204/4204
f 4196/4196 4197/4197 4179/4179
f 4198/4198 4197/4197 4199/4199
f 4197/4197 4198/4198 4180/4180
f 4199/4199 4204/4204 4200/4200
f 4204/4204 4199/4199 4197/4197
f 4200/4200 4203/4203 4201/4201
f 4203/4203 4200/4200 4204/4204
f 4202/4202 4203/4203 4193/4193
f 4203/4203 4202/4202 4201/4201
f 4203/4203 4196/4196 4192/4192
f 4196/4196 4203/4203 4204/4204
f 4205/4205 4206/4206 4207/4207
f 4208/4208 4207/4207 4206/4206
f 4209/4209 4210/4210 4205/4205
f 4206/4206 4205/4205 4210/4210
f 4211/4211 4205/4205 4212/4212
f 4207/4207 4212/4212 4205/4205
f 4213/4213 4207/4207 4214/4214
f 4208/4208 4214/4214 4207/4207
f 4215/4215 4216/4216 4217/4217
f 4218/4218 4217/4217 4216/4216
f 4219/4219 4220/4220 4209/4209
f 4210/4210 4209/4209 4220/4220
f 4221/4221 4209/4209 4211/4211
f 4205/4205 4211/4211 4209/4209
f 4217/4217 4218/4218 4222/4222
f 4223/4223 4222/4222 4218/4218
f 4224/4224 4225/4225 4212/4212
f 4211/4211 4212/4212 4225/4225
f 4226/4226 4212/4212 4213/4213
f 4207/4207 4213/4213 4212/4212
f 4227/4227 4213/4213 4228/4228
f 4214/4214 4228/4228 4213/4213
f 4229/4229 4230/4230 4215/4215
f 4216/4216 4215/4215 4230/4230
f 4231/4231 4215/4215 4232/4232
f 4217/4217 4232/4232 4215/4215
f 4233/4233 4234/4234 4219/4219
f 4220/4220 4219/4219 4234/4234
f 4235/4235 4219/4219 4221/4221
f 4209/4209 4221/4221 4219/4219
f 4222/4222 4223/4223 4236/4236
f 4237/4237 4236/4236 4223/4223
f 4238/4238 4221/4221 4225/4225
f 4211/4211 4225/4225 4221/4221
f 4232/4232 4217/4217 4239/4239
f 4222/4222 4239/4239 4217/4217
f 4240/4240 4241/4241 4224/4224
f 4225/4225 4224/4224 4241/4241
f 4242/4242 4224/4224 4226/4226
f 4212/4212 4226/4226 4224/4224
f 4243/4243 4226/4226 4227/4227
f 4213/4213 4227/4227 4226/4226
f 4244/4244 4227/4227 4245/4245
f 4228/4228 4245/4245 4227/4227
f 4246/4246 4230/4230 4247/4247
f 4229/4229 4247/4247 4230/4230
f 4248/4248 4229/4229 4231/4231
f 4215/4215 4231/4231 4229/4229
f 4249/4249 4231/4231 4250/4250
f 4232/4232 4250/4250 4231/4231
f 4251/4251 4252/4252 4233/4233
f 4234/4234 4233/4233 4252/4252
f 4253/4253 4233/4233 4235/4235
f 4219/4219 4235/4235 4233/4233
f 4254/4254 4236/4236 4255/4255
f 4237/4237 4255/4255 4236/4236
f 4256/4256 4235/4235 4238/4238
f 4221/4221 4238/4238 4235/4235
f 4239/4239 4222/4222 4257/4257
f 4236/4236 4257/4257 4222/4222
f 4241/4241 4258/4258 4225/4225
f 4238/4238 4225/4225 4258/4258
f 4250/4250 4232/4232 4259/4259
f 4239/4239 4259/4259 4232/4232
f 4260/4260 4261/4261 4240/4240
f 4241/4241 4240/4240 4261/4261
f 4242/4242 4262/4262 4224/4224
f 4240/4240 4224/4224 4262/4262
f 4263/4263 4242/4242 4243/4243
f 4226/4226 4243/4243 4242/4242
f 4264/4264 4243/4243 4244/4244
f 4227/4227 4244/4244 4243/4243
f 4265/4265 4244/4244 4266/4266
f 4245/4245 4266/4266 4244/4244
f 4267/4267 4246/4246 4268/4268
f 4247/4247 4268/4268 4246/4246
f 4247/4247 4229/4229 4269/4269
f 4248/4248 4269/4269 4229/4229
f 4248/4248 4231/4231 4270/4270
f 4249/4249 4270/4270 4231/4231
f 4271/4271 4249/4249 4272/4272
f 4250/4250 4272/4272 4249/4249
f 4273/4273 4274/4274 4251/4251
f 4252/4252 4251/4251 4274/4274
f 4275/4275 4251/4251 4253/4253
f 4233/4233 4253/4253 4251/4251
f 4276/4276 4254/4254 4277/4277
f 4255/4255 4277/4277 4254/4254
f 4278/4278 4253/4253 4256/4256
f 4235/4235 4256/4256 4253/4253
f 4279/4279 4257/4257 4254/4254
f 4236/4236 4254/4254 4257/4257
f 4258/4258 4280/4280 4238/4238
f 4256/4256 4238/4238 4280/4280
f 4259/4259 4239/4239 4281/4281
f 4257/4257 4281/4281 4239/4239
f 4261/4261 4282/4282 4241/4241
f 4258/4258 4241/4241 4282/4282
f 4272/4272 4250/4250 4283/4283
f 4259/4259 4283/4283 4250/4250
f 4284/4284 4285/4285 4260/4260
f 4261/4261 4260/4260 4285/4285
f 4262/4262 4286/4286 4240/4240
f 4260/4260 4240/4240 4286/4286
f 4263/4263 4287/4287 4242/4242
f 4262/4262 4242/4242 4287/4287
f 4288/4288 4263/4263 4264/4264
f 4243/4243 4264/4264 4263/4263
f 4289/4289 4264/4264 4265/4265
f 4244/4244 4265/4265 4264/4264
f 4290/4290 4265/4265 4291/4291
f 4266/4266 4291/4291 4265/4265
f 4268/4268 4292/4292 4267/4267
f 4293/4293 4267/4267 4292/4292
f 4268/4268 4247/4247 4294/4294
f 4269/4269 4294/4294 4247/4247
f 4269/4269 4248/4248 4295/4295
f 4270/4270 4295/4295 4248/4248
f 4296/4296 4270/4270 4271/4271
f 4249/4249 4271/4271 4270/4270
f 4297/4297 4271/4271 4298/4298
f 4272/4272 4298/4298 4271/4271
f 4299/4299 4300/4300 4273/4273
f 4274/4274 4273/4273 4300/4300
f 4301/4301 4273/4273 4275/4275
f 4251/4251 4275/4275 4273/4273
f 4302/4302 4276/4276 4303/4303
f 4277/4277 4303/4303 4276/4276
f 4304/4304 4275/4275 4278/4278
f 4253/4253 4278/4278 4275/4275
f 4305/4305 4279/4279 4276/4276
f 4254/4254 4276/4276 4279/4279
f 4278/4278 4256/4256 4306/4306
f 4280/4280 4306/4306 4256/4256
f 4307/4307 4281/4281 4279/4279
f 4257/4257 4279/4279 4281/4281
f 4282/4282 4308/4308 4258/4258
f 4280/4280 4258/4258 4308/4308
f 4283/4283 4259/4259 4309/4309
f 4281/4281 4309/4309 4259/4259
f 4285/4285 4310/4310 4261/4261
f 4282/4282 4261/4261 4310/4310
f 4298/4298 4272/4272 4311/4311
f 4283/4283 4311/4311 4272/4272
f 4312/4312 4313/4313 4284/4284
f 4285/4285 4284/4284 4313/4313
f 4286/4286 4314/4314 4260/4260
f 4284/4284 4260/4260 4314/4314
f 4287/4287 4315/4315 4262/4262
f 4286/4286 4262/4262 4315/4315
f 4288/4288 4316/4316 4263/4263
f 4287/4287 4263/4263 4316/4316
f 4317/4317 4288/4288 4289/4289
f 4264/4264 4289/4289 4288/4288
f 4318/4318 4289/4289 4290/4290
f 4265/4265 4290/4290 4289/4289
f 4319/4319 4290/4290 4320/4320
f 4291/4291 4320/4320 4290/4290
f 4292/4292 4321/4321 4293/4293
f 4322/4322 4293/4293 4321/4321
f 4294/4294 4323/4323 4268/4268
f 4292/4292 4268/4268 4323/4323
f 4294/4294 4269/4269 4324/4324
f 4295/4295 4324/4324 4269/4269
f 4295/4295 4270/4270 4325/4325
f 4296/4296 4325/4325 4270/4270
f 4326/4326 4296/4296 4297/4297
f 4271/4271 4297/4297 4296/4296
f 4327/4327 4297/4297 4328/4328
f 4298/4298 4328/4328 4297/4297
f 4329/4329 4300/4300 4330/4330
f 4299/4299 4330/4330 4300/4300
f 4331/4331 4299/4299 4301/4301
f 4273/4273 4301/4301 4299/4299
f 4332/4332 4302/4302 4333/4333
f 4303/4303 4333/4333 4302/4302
f 4301/4301 4275/4275 4334/4334
f 4304/4304 4334/4334 4275/4275
f 4335/4335 4305/4305 4302/4302
f 4276/4276 4302/4302 4305/4305
f 4304/4304 4278/4278 4336/4336
f 4306/4306 4336/4336 4278/4278
f 4337/4337 4307/4307 4305/4305
f 4279/4279 4305/4305 4307/4307
f 4306/4306 4280/4280 4338/4338
f 4308/4308 4338/4338 4280/4280
f 4339/4339 4309/4309 4307/4307
f 4281/4281 4307/4307 4309/4309
f 4310/4310 4340/4340 4282/4282
f 4308/4308 4282/4282 4340/4340
f 4311/4311 4283/4283 4341/4341
f 4309/4309 4341/4341 4283/4283
f 4313/4313 4342/4342 4285/4285
f 4310/4310 4285/4285 4342/4342
f 4328/4328 4298/4298 4343/4343
f 4311/4311 4343/4343 4298/4298
f 4344/4344 4345/4345 4312/4312
f 4313/4313 4312/4312 4345/4345
f 4314/4314 4346/4346 4284/4284
f 4312/4312 4284/4284 4346/4346
f 4315/4315 4347/4347 4286/4286
f 4314/4314 4286/4286 4347/4347
f 4316/4316 4348/4348 4287/4287
f 4315/4315 4287/4287 4348/4348
f 4288/4288 4317/4317 4316/4316
f 4349/4349 4316/4316 4317/4317
f 4350/4350 4317/4317 4318/4318
f 4289/4289 4318/4318 4317/4317
f 4351/4351 4318/4318 4319/4319
f 4290/4290 4319/4319 4318/4318
f 4352/4352 4353/4353 4320/4320
f 4319/4319 4320/4320 4353/4353
f 4321/4321 4354/4354 4322/4322
f 4355/4355 4322/4322 4354/4354
f 4323/4323 4356/4356 4292/4292
f 4321/4321 4292/4292 4356/4356
f 4324/4324 4357/4357 4294/4294
f 4323/4323 4294/4294 4357/4357
f 4324/4324 4295/4295 4358/4358
f 4325/4325 4358/4358 4295/4295
f 4325/4325 4296/4296 4359/4359
f 4326/4326 4359/4359 4296/4296
f 4360/4360 4326/4326 4327/4327
f 4297/4297 4327/4327 4326/4326
f 4361/4361 4327/4327 4362/4362
f 4328/4328 4362/4362 4327/4327
f 4363/4363 4329/4329 4364/4364
f 4330/4330 4364/4364 4329/4329
f 4330/4330 4299/4299 4365/4365
f 4331/4331 4365/4365 4299/4299
f 4366/4366 4332/4332 4367/4367
f 4333/4333 4367/4367 4332/4332
f 4331/4331 4301/4301 4368/4368
f 4334/4334 4368/4368 4301/4301
f 4369/4369 4335/4335 4332/4332
f 4302/4302 4332/4332 4335/4335
f 4334/4334 4304/4304 4370/4370
f 4336/4336 4370/4370 4304/4304
f 4371/4371 4337/4337 4335/4335
f 4305/4305 4335/4335 4337/4337
f 4336/4336 4306/4306 4372/4372
f 4338/4338 4372/4372 4306/4306
f 4373/4373 4339/4339 4337/4337
f 4307/4307 4337/4337 4339/4339
f 4338/4338 4308/4308 4374/4374
f 4340/4340 4374/4374 4308/4308
f 4375/4375 4341/4341 4339/4339
f 4309/4309 4339/4339 4341/4341
f 4342/4342 4376/4376 4310/4310
f 4340/4340 4310/4310 4376/4376
f 4343/4343 4311/4311 4377/4377
f 4341/4341 4377/4377 4311/4311
f 4345/4345 4378/4378 4313/4313
f 4342/4342 4313/4313 4378/4378
f 4362/4362 4328/4328 4379/4379
f 4343/4343 4379/4379 4328/4328
f 4380/4380 4381/4381 4344/4344
f 4345/4345 4344/4344 4381/4381
f 4346/4346 4382/4382 4312/4312
f 4344/4344 4312/4312 4382/4382
f 4347/4347 4383/4383 4314/4314
f 4346/4346 4314/4314 4383/4383
f 4348/4348 4384/4384 4315/4315
f 4347/4347 4315/4315 4384/4384
f 4316/4316 4349/4349 4348/4348
f 4385/4385 4348/4348 4349/4349
f 4317/4317 4350/4350 4349/4349
f 4386/4386 4349/4349 4350/4350
f 4318/4318 4351/4351 4350/4350
f 4387/4387 4350/4350 4351/4351
f 4388/4388 4351/4351 4353/4353
f 4319/4319 4353/4353 4351/4351
f 4389/4389 4390/4390 4352/4352
f 4353/4353 4352/4352 4390/4390
f 4354/4354 4391/4391 4355/4355
f 4392/4392 4355/4355 4391/4391
f 4356/4356 4393/4393 4321/4321
f 4354/4354 4321/4321 4393/4393
f 4357/4357 4394/4394 4323/4323
f 4356/4356 4323/4323 4394/4394
f 4358/4358 4395/4395 4324/4324
f 4357/4357 4324/4324 4395/4395
f 4358/4358 4325/4325 4396/4396
f 4359/4359 4396/4396 4325/4325
f 4359/4359 4326/4326 4397/4397
f 4360/4360 4397/4397 4326/4326
f 4360/4360 4327/4327 4398/4398
f 4361/4361 4398/4398 4327/4327
f 4399/4399 4361/4361 4400/4400
f 4362/4362 4400/4400 4361/4361
f 4401/4401 4363/4363 4402/4402
f 4364/4364 4402/4402 4363/4363
f 4364/4364 4330/4330 4403/4403
f 4365/4365 4403/4403 4330/4330
f 4404/4404 4366/4366 4405/4405
f 4367/4367 4405/4405 4366/4366
f 4365/4365 4331/4331 4406/4406
f 4368/4368 4406/4406 4331/4331
f 4407/4407 4369/4369 4366/4366
f 4332/4332 4366/4366 4369/4369
f 4368/4368 4334/4334 4408/4408
f 4370/4370 4408/4408 4334/4334
f 4409/4409 4371/4371 4369/4369
f 4335/4335 4369/4369 4371/4371
f 4370/4370 4336/4336 4410/4410
f 4372/4372 4410/4410 4336/4336
f 4411/4411 4373/4373 4371/4371
f 4337/4337 4371/4371 4373/4373
f 4372/4372 4338/4338 4412/4412
f 4374/4374 4412/4412 4338/4338
f 4413/4413 4375/4375 4373/4373
f 4339/4339 4373/4373 4375/4375
f 4374/4374 4340/4340 4414/4414
f 4376/4376 4414/4414 4340/4340
f 4415/4415 4377/4377 4375/4375
f 4341/4341 4375/4375 4377/4377
f 4378/4378 4416/4416 4342/4342
f 4376/4376 4342/4342 4416/4416
f 4379/4379 4343/4343 4417/4417
f 4377/4377 4417/4417 4343/4343
f 4381/4381 4418/4418 4345/4345
f 4378/4378 4345/4345 4418/4418
f 4400/4400 4362/4362 4419/4419
f 4379/4379 4419/4419 4362/4362
f 4380/4380 4420/4420 4381/4381
f 4421/4421 4381/4381 4420/4420
f 4382/4382 4422/4422 4344/4344
f 4380/4380 4344/4344 4422/4422
f 4383/4383 4423/4423 4346/4346
f 4382/4382 4346/4346 4423/4423
f 4384/4384 4424/4424 4347/4347
f 4383/4383 4347/4347 4424/4424
f 4348/4348 4385/4385 4384/4384
f 4425/4425 4384/4384 4385/4385
f 4349/4349 4386/4386 4385/4385
f 4426/4426 4385/4385 4386/4386
f 4350/4350 4387/4387 4386/4386
f 4427/4427 4386/4386 4387/4387
f 4351/4351 4388/4388 4387/4387
f 4428/4428 4387/4387 4388/4388
f 4390/4390 4429/4429 4353/4353
f 4388/4388 4353/4353 4429/4429
f 4430/4430 4431/4431 4389/4389
f 4390/4390 4389/4389 4431/4431
f 4391/4391 4432/4432 4392/4392
f 4433/4433 4392/4392 4432/4432
f 4393/4393 4434/4434 4354/4354
f 4391/4391 4354/4354 4434/4434
f 4394/4394 4435/4435 4356/4356
f 4393/4393 4356/4356 4435/4435
f 4395/4395 4436/4436 4357/4357
f 4394/4394 4357/4357 4436/4436
f 4396/4396 4437/4437 4358/4358
f 4395/4395 4358/4358 4437/4437
f 4396/4396 4359/4359 4438/4438
f 4397/4397 4438/4438 4359/4359
f 4397/4397 4360/4360 4439/4439
f 4398/4398 4439/4439 4360/4360
f 4440/4440 4398/4398 4399/4399
f 4361/4361 4399/4399 4398/4398
f 4441/4441 4399/4399 4442/4442
f 4400/4400 4442/4442 4399/4399
f 4443/4443 4401/4401 4444/4444
f 4402/4402 4444/4444 4401/4401
f 4402/4402 4364/4364 4445/4445
f 4403/4403 4445/4445 4364/4364
f 4446/4446 4404/4404 4447/4447
f 4405/4405 4447/4447 4404/4404
f 4403/4403 4365/4365 4448/4448
f 4406/4406 4448/4448 4365/4365
f 4449/4449 4407/4407 4404/4404
f 4366/4366 4404/4404 4407/4407
f 4406/4406 4368/4368 4450/4450
f 4408/4408 4450/4450 4368/4368
f 4451/4451 4409/4409 4407/4407
f 4369/4369 4407/4407 4409/4409
f 4408/4408 4370/4370 4452/4452
f 4410/4410 4452/4452 4370/4370
f 4453/4453 4411/4411 4409/4409
f 4371/4371 4409/4409 4411/4411
f 4410/4410 4372/4372 4454/4454
f 4412/4412 4454/4454 4372/4372
f 4455/4455 4413/4413 4411/4411
f 4373/4373 4411/4411 4413/4413
f 4412/4412 4374/4374 4456/4456
f 4414/4414 4456/4456 4374/4374
f 4457/4457 4415/4415 4413/4413
f 4375/4375 4413/4413 4415/4415
f 4414/4414 4376/4376 4458/4458
f 4416/4416 4458/4458 4376/4376
f 4459/4459 4417/4417 4415/4415
f 4377/4377 4415/4415 4417/4417
f 4418/4418 4460/4460 4378/4378
f 4416/4416 4378/4378 4460/4460
f 4419/4419 4379/4379 4461/4461
f 4417/4417 4461/4461 4379/4379
f 4381/4381 4421/4421 4418/4418
f 4462/4462 4418/4418 4421/4421
f 4442/4442 4400/4400 4463/4463
f 4419/4419 4463/4463 4400/4400
f 4420/4420 4464/4464 4421/4421
f 4465/4465 4421/4421 4464/4464
f 4466/4466 4420/4420 4422/4422
f 4380/4380 4422/4422 4420/4420
f 4423/4423 4467/4467 4382/4382
f 4422/4422 4382/4382 4467/4467
f 4424/4424 4468/4468 4383/4383
f 4423/4423 4383/4383 4468/4468
f 4384/4384 4425/4425 4424/4424
f 4469/4469 4424/4424 4425/4425
f 4385/4385 4426/4426 4425/4425
f 4470/4470 4425/4425 4426/4426
f 4386/4386 4427/4427 4426/4426
f 4471/4471 4426/4426 4427/4427
f 4387/4387 4428/4428 4427/4427
f 4472/4472 4427/4427 4428/4428
f 4429/4429 4473/4473 4388/4388
f 4428/4428 4388/4388 4473/4473
f 4431/4431 4474/4474 4390/4390
f 4429/4429 4390/4390 4474/4474
f 4475/4475 4476/4476 4430/4430
f 4431/4431 4430/4430 4476/4476
f 4432/4432 4477/4477 4433/4433
f 4478/4478 4433/4433 4477/4477
f 4434/4434 4479/4479 4391/4391
f 4432/4432 4391/4391 4479/4479
f 4435/4435 4480/4480 4393/4393
f 4434/4434 4393/4393 4480/4480
f 4436/4436 4481/4481 4394/4394
f 4435/4435 4394/4394 4481/4481
f 4437/4437 4482/4482 4395/4395
f 4436/4436 4395/4395 4482/4482
f 4438/4438 4483/4483 4396/4396
f 4437/4437 4396/4396 4483/4483
f 4438/4438 4397/4397 4484/4484
f 4439/4439 4484/4484 4397/4397
f 4439/4439 4398/4398 4485/4485
f 4440/4440 4485/4485 4398/4398
f 4486/4486 4440/4440 4441/4441
f 4399/4399 4441/4441 4440/4440
f 4487/4487 4441/4441 4488/4488
f 4442/4442 4488/4488 4441/4441
f 4489/4489 4443/4443 4490/4490
f 4444/4444 4490/4490 4443/4443
f 4444/4444 4402/4402 4491/4491
f 4445/4445 4491/4491 4402/4402
f 4492/4492 4446/4446 4493/4493
f 4447/4447 4493/4493 4446/4446
f 4445/4445 4403/4403 4494/4494
f 4448/4448 4494/4494 4403/4403
f 4495/4495 4449/4449 4446/4446
f 4404/4404 4446/4446 4449/4449
f 4448/4448 4406/4406 4496/4496
f 4450/4450 4496/4496 4406/4406
f 4497/4497 4451/4451 4449/4449
f 4407/4407 4449/4449 4451/4451
f 4450/4450 4408/4408 4498/4498
f 4452/4452 4498/4498 4408/4408
f 4499/4499 4453/4453 4451/4451
f 4409/4409 4451/4451 4453/4453
f 4452/4452 4410/4410 4500/4500
f 4454/4454 4500/4500 4410/4410
f 4501/4501 4455/4455 4453/4453
f 4411/4411 4453/4453 4455/4455
f 4454/4454 4412/4412 4502/4502
f 4456/4456 4502/4502 4412/4412
f 4503/4503 4457/4457 4455/4455
f 4413/4413 4455/4455 4457/4457
f 4456/4456 4414/4414 4504/4504
f 4458/4458 4504/4504 4414/4414
f 4505/4505 4459/4459 4457/4457
f 4415/4415 4457/4457 4459/4459
f 4458/4458 4416/4416 4506/4506
f 4460/4460 4506/4506 4416/4416
f 4507/4507 4461/4461 4459/4459
f 4417/4417 4459/4459 4461/4461
f 4418/4418 4462/4462 4460/4460
f 4508/4508 4460/4460 4462/4462
f 4463/4463 4419/4419 4509/4509
f 4461/4461 4509/4509 4419/4419
f 4421/4421 4465/4465 4462/4462
f 4510/4510 4462/4462 4465/4465
f 4488/4488 4442/4442 4511/4511
f 4463/4463 4511/4511 4442/4442
f 4464/4464 4512/4512 4465/4465
f 4513/4513 4465/4465 4512/4512
f 4466/4466 4514/4514 4420/4420
f 4464/4464 4420/4420 4514/4514
f 4515/4515 4466/4466 4467/4467
f 4422/4422 4467/4467 4466/4466
f 4468/4468 4516/4516 4423/4423
f 4467/4467 4423/4423 4516/4516
f 4424/4424 4469/4469 4468/4468
f 4517/4517 4468/4468 4469/4469
f 4425/4425 4470/4470 4469/4469
f 4518/4518 4469/4469 4470/4470
f 4426/4426 4471/4471 4470/4470
f 4519/4519 4470/4470 4471/4471
f 4427/4427 4472/4472 4471/4471
f 4520/4520 4471/4471 4472/4472
f 4428/4428 4473/4473 4472/4472
f 4521/4521 4472/4472 4473/4473
f 4474/4474 4522/4522 4429/4429
f 4473/4473 4429/4429 4522/4522
f 4476/4476 4523/4523 4431/4431
f 4474/4474 4431/4431 4523/4523
f 4524/4524 4525/4525 4475/4475
f 4476/4476 4475/4475 4525/4525
f 4478/4478 4477/4477 4526/4526
f 4527/4527 4526/4526 4477/4477
f 4479/4479 4528/4528 4432/4432
f 4477/4477 4432/4432 4528/4528
f 4480/4480 4529/4529 4434/4434
f 4479/4479 4434/4434 4529/4529
f 4481/4481 4530/4530 4435/4435
f 4480/4480 4435/4435 4530/4530
f 4482/4482 4531/4531 4436/4436
f 4481/4481 4436/4436 4531/4531
f 4483/4483 4532/4532 4437/4437
f 4482/4482 4437/4437 4532/4532
f 4484/4484 4533/4533 4438/4438
f 4483/4483 4438/4438 4533/4533
f 4484/4484 4439/4439 4534/4534
f 4485/4485 4534/4534 4439/4439
f 4485/4485 4440/4440 4535/4535
f 4486/4486 4535/4535 4440/4440
f 4536/4536 4486/4486 4487/4487
f 4441/4441 4487/4487 4486/4486
f 4537/4537 4487/4487 4538/4538
f 4488/4488 4538/4538 4487/4487
f 4489/4489 4490/4490 4524/4524
f 4525/4525 4524/4524 4490/4490
f 4490/4490 4444/4444 4539/4539
f 4491/4491 4539/4539 4444/4444
f 4540/4540 4492/4492 4541/4541
f 4493/4493 4541/4541 4492/4492
f 4491/4491 4445/4445 4542/4542
f 4494/4494 4542/4542 4445/4445
f 4543/4543 4495/4495 4492/4492
f 4446/4446 4492/4492 4495/4495
f 4544/4544 4494/4494 4496/4496
f 4448/4448 4496/4496 4494/4494
f 4545/4545 4497/4497 4495/4495
f 4449/4449 4495/4495 4497/4497
f 4496/4496 4450/4450 4546/4546
f 4498/4498 4546/4546 4450/4450
f 4547/4547 4499/4499 4497/4497
f 4451/4451 4497/4497 4499/4499
f 4498/4498 4452/4452 4548/4548
f 4500/4500 4548/4548 4452/4452
f 4549/4549 4501/4501 4499/4499
f 4453/4453 4499/4499 4501/4501
f 4500/4500 4454/4454 4550/4550
f 4502/4502 4550/4550 4454/4454
f 4551/4551 4503/4503 4501/4501
f 4455/4455 4501/4501 4503/4503
f 4502/4502 4456/4456 4552/4552
f 4504/4504 4552/4552 4456/4456
f 4553/4553 4505/4505 4503/4503
f 4457/4457 4503/4503 4505/4505
f 4504/4504 4458/4458 4554/4554
f 4506/4506 4554/4554 4458/4458
f 4555/4555 4507/4507 4505/4505
f 4459/4459 4505/4505 4507/4507
f 4506/4506 4460/4460 4556/4556
f 4508/4508 4556/4556 4460/4460
f 4557/4557 4509/4509 4507/4507
f 4461/4461 4507/4507 4509/4509
f 4462/4462 4510/4510 4508/4508
f 4558/4558 4508/4508 4510/4510
f 4511/4511 4463/4463 4559/4559
f 4509/4509 4559/4559 4463/4463
f 4465/4465 4513/4513 4510/4510
f 4560/4560 4510/4510 4513/4513
f 4538/4538 4488/4488 4561/4561
f 4511/4511 4561/4561 4488/4488
f 4562/4562 4563/4563 4564/4564
f 4563/4563 4565/4565 4564/4564
f 4565/4565 4566/4566 4564/4564
f 4564/4564 4566/4566 4567/4567
f 4566/4566 4568/4568 4567/4567
f 4567/4567 4568/4568 4569/4569
f 4568/4568 4570/4570 4569/4569
f 4569/4569 4570/4570 4571/4571
f 4570/4570 4572/4572 4571/4571
f 4571/4571 4572/4572 4573/4573
f 4572/4572 4574/4574 4573/4573
f 4573/4573 4574/4574 4575/4575
f 4574/4574 4576/4576 4575/4575
f 4576/4576 4577/4577 4575/4575
f 4575/4575 4577/4577 4578/4578
f 4577/4577 4579/4579 4578/4578
f 4578/4578 4579/4579 4580/4580
f 4579/4579 4581/4581 4580/4580
f 4580/4580 4581/4581 4582/4582
f 4581/4581 4583/4583 4582/4582
f 4582/4582 4583/4583 4584/4584
f 4583/4583 4585/4585 4584/4584
f 4586/4586 4587/4587 4585/4585
f 4584/4584 4585/4585 4587/4587
f 4565/4565 4563/4563 4588/4588
f 4563/4563 4589/4589 4588/4588
f 4588/4588 4589/4589 4590/4590
f 4589/4589 4591/4591 4590/4590
f 4590/4590 4591/4591 4592/4592
f 4591/4591 4593/4593 4592/4592
f 4592/4592 4593/4593 4594/4594
f 4593/4593 4595/4595 4594/4594
f 4594/4594 4595/4595 4596/4596
f 4596/4596 4595/4595 4597/4597
f 4595/4595 4598/4598 4597/4597
f 4597/4597 4598/4598 4599/4599
f 4598/4598 4600/4600 4599/4599
f 4599/4599 4600/4600 4601/4601
f 4600/4600 4602/4602 4601/4601
f 4601/4601 4602/4602 4603/4603
f 4602/4602 4604/4604 4603/4603
f 4603/4603 4604/4604 4605/4605
f 4604/4604 4606/4606 4605/4605
f 4605/4605 4606/4606 4607/4607
f 4606/4606 4608/4608 4607/4607
f 4607/4607 4608/4608 4586/4586
f 4586/4586 4608/4608 4587/4587
f 4609/4609 4587/4587 4608/4608
f 4514/4514 4610/4610 4464/4464
f 4512/4512 4464/4464 4610/4610
f 4611/4611 4514/4514 4515/4515
f 4466/4466 4515/4515 4514/4514
f 4612/4612 4515/4515 4516/4516
f 4467/4467 4516/4516 4515/4515
f 4468/4468 4517/4517 4516/4516
f 4613/4613 4516/4516 4517/4517
f 4469/4469 4518/4518 4517/4517
f 4614/4614 4517/4517 4518/4518
f 4470/4470 4519/4519 4518/4518
f 4615/4615 4518/4518 4519/4519
f 4471/4471 4520/4520 4519/4519
f 4616/4616 4519/4519 4520/4520
f 4472/4472 4521/4521 4520/4520
f 4617/4617 4520/4520 4521/4521
f 4473/4473 4522/4522 4521/4521
f 4618/4618 4521/4521 4522/4522
f 4523/4523 4619/4619 4474/4474
f 4522/4522 4474/4474 4619/4619
f 4525/4525 4620/4620 4476/4476
f 4523/4523 4476/4476 4620/4620
f 4526/4526 4527/4527 4621/4621
f 4622/4622 4621/4621 4527/4527
f 4477/4477 4528/4528 4527/4527
f 4623/4623 4527/4527 4528/4528
f 4529/4529 4624/4624 4479/4479
f 4528/4528 4479/4479 4624/4624
f 4530/4530 4625/4625 4480/4480
f 4529/4529 4480/4480 4625/4625
f 4531/4531 4626/4626 4481/4481
f 4530/4530 4481/4481 4626/4626
f 4532/4532 4627/4627 4482/4482
f 4531/4531 4482/4482 4627/4627
f 4533/4533 4628/4628 4483/4483
f 4532/4532 4483/4483 4628/4628
f 4534/4534 4629/4629 4484/4484
f 4533/4533 4484/4484 4629/4629
f 4534/4534 4485/4485 4630/4630
f 4535/4535 4630/4630 4485/4485
f 4535/4535 4486/4486 4631/4631
f 4536/4536 4631/4631 4486/4486
f 4632/4632 4536/4536 4537/4537
f 4487/4487 4537/4537 4536/4536
f 4633/4633 4634/4634 4538/4538
f 4537/4537 4538/4538 4634/4634
f 4490/4490 4539/4539 4525/4525
f 4620/4620 4525/4525 4539/4539
f 4622/4622 4540/4540 4621/4621
f 4541/4541 4621/4621 4540/4540
f 4635/4635 4539/4539 4542/4542
f 4491/4491 4542/4542 4539/4539
f 4636/4636 4543/4543 4540/4540
f 4492/4492 4540/4540 4543/4543
f 4637/4637 4542/4542 4544/4544
f 4494/4494 4544/4544 4542/4542
f 4638/4638 4545/4545 4543/4543
f 4495/4495 4543/4543 4545/4545
f 4639/4639 4544/4544 4546/4546
f 4496/4496 4546/4546 4544/4544
f 4640/4640 4547/4547 4545/4545
f 4497/4497 4545/4545 4547/4547
f 4546/4546 4498/4498 4641/4641
f 4548/4548 4641/4641 4498/4498
f 4642/4642 4549/4549 4547/4547
f 4499/4499 4547/4547 4549/4549
f 4548/4548 4500/4500 4643/4643
f 4550/4550 4643/4643 4500/4500
f 4644/4644 4551/4551 4549/4549
f 4501/4501 4549/4549 4551/4551
f 4550/4550 4502/4502 4645/4645
f 4552/4552 4645/4645 4502/4502
f 4646/4646 4553/4553 4551/4551
f 4503/4503 4551/4551 4553/4553
f 4552/4552 4504/4504 4647/4647
f 4554/4554 4647/4647 4504/4504
f 4648/4648 4555/4555 4553/4553
f 4505/4505 4553/4553 4555/4555
f 4554/4554 4506/4506 4649/4649
f 4556/4556 4649/4649 4506/4506
f 4650/4650 4557/4557 4555/4555
f 4507/4507 4555/4555 4557/4557
f 4556/4556 4508/4508 4651/4651
f 4558/4558 4651/4651 4508/4508
f 4652/4652 4559/4559 4557/4557
f 4509/4509 4557/4557 4559/4559
f 4510/4510 4560/4560 4558/4558
f 4653/4653 4558/4558 4560/4560
f 4654/4654 4561/4561 4559/4559
f 4511/4511 4559/4559 4561/4561
f 4655/4655 4633/4633 4561/4561
f 4538/4538 4561/4561 4633/4633
f 4656/4656 4657/4657 4658/4658
f 4659/4659 4658/4658 4657/4657
f 4660/4660 4656/4656 4661/4661
f 4658/4658 4661/4661 4656/4656
f 4662/4662 4660/4660 4663/4663
f 4661/4661 4663/4663 4660/4660
f 4664/4664 4665/4665 4663/4663
f 4662/4662 4663/4663 4665/4665
f 4666/4666 4667/4667 4664/4664
f 4665/4665 4664/4664 4667/4667
f 4668/4668 4669/4669 4666/4666
f 4667/4667 4666/4666 4669/4669
f 4670/4670 4669/4669 4671/4671
f 4668/4668 4671/4671 4669/4669
f 4672/4672 4670/4670 4673/4673
f 4671/4671 4673/4673 4670/4670
f 4674/4674 4672/4672 4675/4675
f 4673/4673 4675/4675 4672/4672
f 4676/4676 4674/4674 4677/4677
f 4675/4675 4677/4677 4674/4674
f 4678/4678 4676/4676 4679/4679
f 4677/4677 4679/4679 4676/4676
f 4680/4680 4678/4678 4681/4681
f 4679/4679 4681/4681 4678/4678
f 4681/4681 4682/4682 4680/4680
f 4611/4611 4680/4680 4682/4682
f 4682/4682 4610/4610 4611/4611
f 4514/4514 4611/4611 4610/4610
f 4651/4651 4558/4558 4683/4683
f 4653/4653 4683/4683 4558/4558
f 4684/4684 4651/4651 4685/4685
f 4683/4683 4685/4685 4651/4651
f 4686/4686 4684/4684 4687/4687
f 4685/4685 4687/4687 4684/4684
f 4688/4688 4686/4686 4689/4689
f 4687/4687 4689/4689 4686/4686
f 4690/4690 4688/4688 4691/4691
f 4689/4689 4691/4691 4688/4688
f 4657/4657 4690/4690 4659/4659
f 4691/4691 4659/4659 4690/4690
f 4680/4680 4611/4611 4612/4612
f 4515/4515 4612/4612 4611/4611
f 4516/4516 4613/4613 4612/4612
f 4692/4692 4612/4612 4613/4613
f 4517/4517 4614/4614 4613/4613
f 4693/4693 4613/4613 4614/4614
f 4518/4518 4615/4615 4614/4614
f 4694/4694 4614/4614 4615/4615
f 4519/4519 4616/4616 4615/4615
f 4695/4695 4615/4615 4616/4616
f 4520/4520 4617/4617 4616/4616
f 4696/4696 4616/4616 4617/4617
f 4521/4521 4618/4618 4617/4617
f 4697/4697 4617/4617 4618/4618
f 4522/4522 4619/4619 4618/4618
f 4698/4698 4618/4618 4619/4619
f 4620/4620 4699/4699 4523/4523
f 4619/4619 4523/4523 4699/4699
f 4527/4527 4623/4623 4622/4622
f 4700/4700 4622/4622 4623/4623
f 4528/4528 4624/4624 4623/4623
f 4701/4701 4623/4623 4624/4624
f 4625/4625 4702/4702 4529/4529
f 4624/4624 4529/4529 4702/4702
f 4626/4626 4703/4703 4530/4530
f 4625/4625 4530/4530 4703/4703
f 4627/4627 4704/4704 4531/4531
f 4626/4626 4531/4531 4704/4704
f 4628/4628 4705/4705 4532/4532
f 4627/4627 4532/4532 4705/4705
f 4629/4629 4706/4706 4533/4533
f 4628/4628 4533/4533 4706/4706
f 4630/4630 4707/4707 4534/4534
f 4629/4629 4534/4534 4707/4707
f 4630/4630 4535/4535 4708/4708
f 4631/4631 4708/4708 4535/4535
f 4631/4631 4536/4536 4709/4709
f 4632/4632 4709/4709 4536/4536
f 4710/4710 4632/4632 4634/4634
f 4537/4537 4634/4634 4632/4632
f 4711/4711 4712/4712 4713/4713
f 4713/4713 4712/4712 4714/4714
f 4712/4712 4715/4715 4714/4714
f 4715/4715 4716/4716 4714/4714
f 4714/4714 4716/4716 4717/4717
f 4717/4717 4716/4716 4718/4718
f 4716/4716 4719/4719 4718/4718
f 4718/4718 4719/4719 4720/4720
f 4719/4719 4721/4721 4720/4720
f 4721/4721 4722/4722 4720/4720
f 4720/4720 4722/4722 4723/4723
f 4723/4723 4722/4722 4724/4724
f 4722/4722 4725/4725 4724/4724
f 4725/4725 4726/4726 4724/4724
f 4724/4724 4726/4726 4727/4727
f 4726/4726 4728/4728 4727/4727
f 4727/4727 4728/4728 4729/4729
f 4729/4729 4728/4728 4730/4730
f 4728/4728 4731/4731 4730/4730
f 4730/4730 4731/4731 4732/4732
f 4731/4731 4733/4733 4732/4732
f 4734/4734 4732/4732 4733/4733
f 4620/4620 4539/4539 4699/4699
f 4635/4635 4699/4699 4539/4539
f 4622/4622 4700/4700 4540/4540
f 4636/4636 4540/4540 4700/4700
f 4735/4735 4635/4635 4637/4637
f 4542/4542 4637/4637 4635/4635
f 4736/4736 4638/4638 4636/4636
f 4543/4543 4636/4636 4638/4638
f 4737/4737 4637/4637 4639/4639
f 4544/4544 4639/4639 4637/4637
f 4738/4738 4640/4640 4638/4638
f 4545/4545 4638/4638 4640/4640
f 4739/4739 4639/4639 4641/4641
f 4546/4546 4641/4641 4639/4639
f 4740/4740 4642/4642 4640/4640
f 4547/4547 4640/4640 4642/4642
f 4641/4641 4548/4548 4741/4741
f 4643/4643 4741/4741 4548/4548
f 4742/4742 4644/4644 4642/4642
f 4549/4549 4642/4642 4644/4644
f 4643/4643 4550/4550 4743/4743
f 4645/4645 4743/4743 4550/4550
f 4744/4744 4646/4646 4644/4644
f 4551/4551 4644/4644 4646/4646
f 4645/4645 4552/4552 4745/4745
f 4647/4647 4745/4745 4552/4552
f 4746/4746 4648/4648 4646/4646
f 4553/4553 4646/4646 4648/4648
f 4647/4647 4554/4554 4747/4747
f 4649/4649 4747/4747 4554/4554
f 4748/4748 4650/4650 4648/4648
f 4555/4555 4648/4648 4650/4650
f 4649/4649 4556/4556 4684/4684
f 4651/4651 4684/4684 4556/4556
f 4749/4749 4652/4652 4650/4650
f 4557/4557 4650/4650 4652/4652
f 4750/4750 4654/4654 4652/4652
f 4559/4559 4652/4652 4654/4654
f 4751/4751 4655/4655 4654/4654
f 4561/4561 4654/4654 4655/4655
f 4752/4752 4753/4753 4656/4656
f 4657/4657 4656/4656 4753/4753
f 4754/4754 4752/4752 4660/4660
f 4656/4656 4660/4660 4752/4752
f 4755/4755 4754/4754 4662/4662
f 4660/4660 4662/4662 4754/4754
f 4665/4665 4756/4756 4662/4662
f 4755/4755 4662/4662 4756/4756
f 4667/4667 4757/4757 4665/4665
f 4756/4756 4665/4665 4757/4757
f 4669/4669 4758/4758 4667/4667
f 4757/4757 4667/4667 4758/4758
f 4759/4759 4758/4758 4670/4670
f 4669/4669 4670/4670 4758/4758
f 4760/4760 4759/4759 4672/4672
f 4670/4670 4672/4672 4759/4759
f 4761/4761 4760/4760 4674/4674
f 4672/4672 4674/4674 4760/4760
f 4762/4762 4761/4761 4676/4676
f 4674/4674 4676/4676 4761/4761
f 4692/4692 4762/4762 4678/4678
f 4676/4676 4678/4678 4762/4762
f 4612/4612 4692/4692 4680/4680
f 4678/4678 4680/4680 4692/4692
f 4747/4747 4649/4649 4686/4686
f 4684/4684 4686/4686 4649/4649
f 4763/4763 4747/4747 4688/4688
f 4686/4686 4688/4688 4747/4747
f 4764/4764 4763/4763 4690/4690
f 4688/4688 4690/4690 4763/4763
f 4753/4753 4764/4764 4657/4657
f 4690/4690 4657/4657 4764/4764
f 4613/4613 4693/4693 4692/4692
f 4762/4762 4692/4692 4693/4693
f 4614/4614 4694/4694 4693/4693
f 4765/4765 4693/4693 4694/4694
f 4615/4615 4695/4695 4694/4694
f 4766/4766 4694/4694 4695/4695
f 4616/4616 4696/4696 4695/4695
f 4767/4767 4695/4695 4696/4696
f 4617/4617 4697/4697 4696/4696
f 4768/4768 4696/4696 4697/4697
f 4618/4618 4698/4698 4697/4697
f 4769/4769 4697/4697 4698/4698
f 4619/4619 4699/4699 4698/4698
f 4770/4770 4698/4698 4699/4699
f 4623/4623 4701/4701 4700/4700
f 4771/4771 4700/4700 4701/4701
f 4624/4624 4702/4702 4701/4701
f 4772/4772 4701/4701 4702/4702
f 4703/4703 4773/4773 4625/4625
f 4702/4702 4625/4625 4773/4773
f 4704/4704 4774/4774 4626/4626
f 4703/4703 4626/4626 4774/4774
f 4705/4705 4775/4775 4627/4627
f 4704/4704 4627/4627 4775/4775
f 4706/4706 4776/4776 4628/4628
f 4705/4705 4628/4628 4776/4776
f 4707/4707 4777/4777 4629/4629
f 4706/4706 4629/4629 4777/4777
f 4708/4708 4778/4778 4630/4630
f 4707/4707 4630/4630 4778/4778
f 4779/4779 4708/4708 4709/4709
f 4631/4631 4709/4709 4708/4708
f 4780/4780 4709/4709 4710/4710
f 4632/4632 4710/4710 4709/4709
f 4781/4781 4782/4782 4783/4783
f 4784/4784 4783/4783 4782/4782
f 4785/4785 4781/4781 4786/4786
f 4783/4783 4786/4786 4781/4781
f 4787/4787 4785/4785 4788/4788
f 4786/4786 4788/4788 4785/4785
f 4789/4789 4787/4787 4790/4790
f 4788/4788 4790/4790 4787/4787
f 4789/4789 4790/4790 4791/4791
f 4792/4792 4791/4791 4790/4790
f 4791/4791 4792/4792 4793/4793
f 4794/4794 4793/4793 4792/4792
f 4793/4793 4794/4794 4795/4795
f 4796/4796 4795/4795 4794/4794
f 4795/4795 4796/4796 4797/4797
f 4798/4798 4797/4797 4796/4796
f 4797/4797 4798/4798 4799/4799
f 4800/4800 4799/4799 4798/4798
f 4799/4799 4800/4800 4801/4801
f 4802/4802 4801/4801 4800/4800
f 4802/4802 4803/4803 4801/4801
f 4804/4804 4801/4801 4803/4803
f 4803/4803 4805/4805 4804/4804
f 4750/4750 4804/4804 4805/4805
f 4805/4805 4751/4751 4750/4750
f 4654/4654 4750/4750 4751/4751
f 4806/4806 4779/4779 4780/4780
f 4709/4709 4780/4780 4779/4779
f 4807/4807 4808/4808 4806/4806
f 4779/4779 4806/4806 4808/4808
f 4809/4809 4810/4810 4807/4807
f 4808/4808 4807/4807 4810/4810
f 4811/4811 4812/4812 4809/4809
f 4810/4810 4809/4809 4812/4812
f 4813/4813 4814/4814 4811/4811
f 4812/4812 4811/4811 4814/4814
f 4782/4782 4814/4814 4784/4784
f 4813/4813 4784/4784 4814/4814
f 4770/4770 4699/4699 4735/4735
f 4635/4635 4735/4735 4699/4699
f 4771/4771 4736/4736 4700/4700
f 4636/4636 4700/4700 4736/4736
f 4815/4815 4735/4735 4737/4737
f 4637/4637 4737/4737 4735/4735
f 4816/4816 4738/4738 4736/4736
f 4638/4638 4736/4736 4738/4738
f 4817/4817 4737/4737 4739/4739
f 4639/4639 4739/4739 4737/4737
f 4818/4818 4740/4740 4738/4738
f 4640/4640 4738/4738 4740/4740
f 4819/4819 4739/4739 4741/4741
f 4641/4641 4741/4741 4739/4739
f 4820/4820 4742/4742 4740/4740
f 4642/4642 4740/4740 4742/4742
f 4741/4741 4643/4643 4821/4821
f 4743/4743 4821/4821 4643/4643
f 4822/4822 4744/4744 4742/4742
f 4644/4644 4742/4742 4744/4744
f 4743/4743 4645/4645 4823/4823
f 4745/4745 4823/4823 4645/4645
f 4824/4824 4746/4746 4744/4744
f 4646/4646 4744/4744 4746/4746
f 4745/4745 4647/4647 4763/4763
f 4747/4747 4763/4763 4647/4647
f 4825/4825 4748/4748 4746/4746
f 4648/4648 4746/4746 4748/4748
f 4826/4826 4749/4749 4748/4748
f 4650/4650 4748/4748 4749/4749
f 4804/4804 4750/4750 4749/4749
f 4652/4652 4749/4749 4750/4750
f 4827/4827 4828/4828 4752/4752
f 4753/4753 4752/4752 4828/4828
f 4829/4829 4827/4827 4754/4754
f 4752/4752 4754/4754 4827/4827
f 4830/4830 4829/4829 4755/4755
f 4754/4754 4755/4755 4829/4829
f 4831/4831 4830/4830 4756/4756
f 4755/4755 4756/4756 4830/4830
f 4757/4757 4832/4832 4756/4756
f 4831/4831 4756/4756 4832/4832
f 4758/4758 4833/4833 4757/4757
f 4832/4832 4757/4757 4833/4833
f 4834/4834 4833/4833 4759/4759
f 4758/4758 4759/4759 4833/4833
f 4835/4835 4834/4834 4760/4760
f 4759/4759 4760/4760 4834/4834
f 4765/4765 4835/4835 4761/4761
f 4760/4760 4761/4761 4835/4835
f 4693/4693 4765/4765 4762/4762
f 4761/4761 4762/4762 4765/4765
f 4823/4823 4745/4745 4764/4764
f 4763/4763 4764/4764 4745/4745
f 4828/4828 4823/4823 4753/4753
f 4764/4764 4753/4753 4823/4823
f 4694/4694 4766/4766 4765/4765
f 4835/4835 4765/4765 4766/4766
f 4695/4695 4767/4767 4766/4766
f 4836/4836 4766/4766 4767/4767
f 4696/4696 4768/4768 4767/4767
f 4837/4837 4767/4767 4768/4768
f 4697/4697 4769/4769 4768/4768
f 4838/4838 4768/4768 4769/4769
f 4698/4698 4770/4770 4769/4769
f 4839/4839 4769/4769 4770/4770
f 4701/4701 4772/4772 4771/4771
f 4840/4840 4771/4771 4772/4772
f 4702/4702 4773/4773 4772/4772
f 4841/4841 4772/4772 4773/4773
f 4774/4774 4842/4842 4703/4703
f 4773/4773 4703/4703 4842/4842
f 4775/4775 4843/4843 4704/4704
f 4774/4774 4704/4704 4843/4843
f 4776/4776 4844/4844 4705/4705
f 4775/4775 4705/4705 4844/4844
f 4777/4777 4845/4845 4706/4706
f 4776/4776 4706/4706 4845/4845
f 4778/4778 4846/4846 4707/4707
f 4777/4777 4707/4707 4846/4846
f 4808/4808 4778/4778 4779/4779
f 4708/4708 4779/4779 4778/4778
f 4847/4847 4848/4848 4781/4781
f 4782/4782 4781/4781 4848/4848
f 4849/4849 4847/4847 4785/4785
f 4781/4781 4785/4785 4847/4847
f 4849/4849 4785/4785 4850/4850
f 4787/4787 4850/4850 4785/4785
f 4787/4787 4789/4789 4850/4850
f 4851/4851 4850/4850 4789/4789
f 4789/4789 4791/4791 4851/4851
f 4852/4852 4851/4851 4791/4791
f 4791/4791 4793/4793 4852/4852
f 4853/4853 4852/4852 4793/4793
f 4853/4853 4793/4793 4854/4854
f 4795/4795 4854/4854 4793/4793
f 4854/4854 4795/4795 4855/4855
f 4797/4797 4855/4855 4795/4795
f 4797/4797 4799/4799 4855/4855
f 4856/4856 4855/4855 4799/4799
f 4799/4799 4801/4801 4856/4856
f 4826/4826 4856/4856 4801/4801
f 4801/4801 4804/4804 4826/4826
f 4749/4749 4826/4826 4804/4804
f 4808/4808 4810/4810 4778/4778
f 4846/4846 4778/4778 4810/4810
f 4810/4810 4812/4812 4846/4846
f 4857/4857 4846/4846 4812/4812
f 4812/4812 4814/4814 4857/4857
f 4858/4858 4857/4857 4814/4814
f 4814/4814 4782/4782 4858/4858
f 4848/4848 4858/4858 4782/4782
f 4839/4839 4770/4770 4815/4815
f 4735/4735 4815/4815 4770/4770
f 4771/4771 4840/4840 4736/4736
f 4816/4816 4736/4736 4840/4840
f 4859/4859 4815/4815 4817/4817
f 4737/4737 4817/4817 4815/4815
f 4860/4860 4818/4818 4816/4816
f 4738/4738 4816/4816 4818/4818
f 4861/4861 4817/4817 4819/4819
f 4739/4739 4819/4819 4817/4817
f 4862/4862 4820/4820 4818/4818
f 4740/4740 4818/4818 4820/4820
f 4863/4863 4819/4819 4821/4821
f 4741/4741 4821/4821 4819/4819
f 4864/4864 4822/4822 4820/4820
f 4742/4742 4820/4820 4822/4822
f 4821/4821 4743/4743 4828/4828
f 4823/4823 4828/4828 4743/4743
f 4865/4865 4824/4824 4822/4822
f 4744/4744 4822/4822 4824/4824
f 4866/4866 4825/4825 4824/4824
f 4746/4746 4824/4824 4825/4825
f 4856/4856 4826/4826 4825/4825
f 4748/4748 4825/4825 4826/4826
f 4827/4827 4863/4863 4828/4828
f 4821/4821 4828/4828 4863/4863
f 4829/4829 4867/4867 4827/4827
f 4863/4863 4827/4827 4867/4867
f 4830/4830 4868/4868 4829/4829
f 4867/4867 4829/4829 4868/4868
f 4831/4831 4869/4869 4830/4830
f 4868/4868 4830/4830 4869/4869
f 4870/4870 4869/4869 4832/4832
f 4831/4831 4832/4832 4869/4869
f 4871/4871 4870/4870 4833/4833
f 4832/4832 4833/4833 4870/4870
f 4836/4836 4871/4871 4834/4834
f 4833/4833 4834/4834 4871/4871
f 4766/4766 4836/4836 4835/4835
f 4834/4834 4835/4835 4836/4836
f 4767/4767 4837/4837 4836/4836
f 4871/4871 4836/4836 4837/4837
f 4768/4768 4838/4838 4837/4837
f 4872/4872 4837/4837 4838/4838
f 4769/4769 4839/4839 4838/4838
f 4873/4873 4838/4838 4839/4839
f 4772/4772 4841/4841 4840/4840
f 4874/4874 4840/4840 4841/4841
f 4773/4773 4842/4842 4841/4841
f 4875/4875 4841/4841 4842/4842
f 4843/4843 4876/4876 4774/4774
f 4842/4842 4774/4774 4876/4876
f 4844/4844 4877/4877 4775/4775
f 4843/4843 4775/4775 4877/4877
f 4845/4845 4878/4878 4776/4776
f 4844/4844 4776/4776 4878/4878
f 4846/4846 4857/4857 4777/4777
f 4845/4845 4777/4777 4857/4857
f 4848/4848 4847/4847 4879/4879
f 4880/4880 4879/4879 4847/4847
f 4880/4880 4847/4847 4881/4881
f 4849/4849 4881/4881 4847/4847
f 4881/4881 4849/4849 4882/4882
f 4850/4850 4882/4882 4849/4849
f 4882/4882 4850/4850 4883/4883
f 4851/4851 4883/4883 4850/4850
f 4851/4851 4852/4852 4883/4883
f 4884/4884 4883/4883 4852/4852
f 4852/4852 4853/4853 4884/4884
f 4885/4885 4884/4884 4853/4853
f 4853/4853 4854/4854 4885/4885
f 4886/4886 4885/4885 4854/4854
f 4854/4854 4855/4855 4886/4886
f 4866/4866 4886/4886 4855/4855
f 4855/4855 4856/4856 4866/4866
f 4825/4825 4866/4866 4856/4856
f 4857/4857 4858/4858 4845/4845
f 4878/4878 4845/4845 4858/4858
f 4858/4858 4848/4848 4878/4878
f 4879/4879 4878/4878 4848/4848
f 4839/4839 4815/4815 4873/4873
f 4859/4859 4873/4873 4815/4815
f 4874/4874 4860/4860 4840/4840
f 4816/4816 4840/4840 4860/4860
f 4887/4887 4859/4859 4861/4861
f 4817/4817 4861/4861 4859/4859
f 4888/4888 4862/4862 4860/4860
f 4818/4818 4860/4860 4862/4862
f 4867/4867 4861/4861 4863/4863
f 4819/4819 4863/4863 4861/4861
f 4889/4889 4864/4864 4862/4862
f 4820/4820 4862/4862 4864/4864
f 4890/4890 4865/4865 4864/4864
f 4822/4822 4864/4864 4865/4865
f 4886/4886 4866/4866 4865/4865
f 4824/4824 4865/4865 4866/4866
f 4868/4868 4887/4887 4867/4867
f 4861/4861 4867/4867 4887/4887
f 4869/4869 4891/4891 4868/4868
f 4887/4887 4868/4868 4891/4891
f 4872/4872 4891/4891 4870/4870
f 4869/4869 4870/4870 4891/4891
f 4837/4837 4872/4872 4871/4871
f 4870/4870 4871/4871 4872/4872
f 4838/4838 4873/4873 4872/4872
f 4891/4891 4872/4872 4873/4873
f 4841/4841 4875/4875 4874/4874
f 4892/4892 4874/4874 4875/4875
f 4842/4842 4876/4876 4875/4875
f 4893/4893 4875/4875 4876/4876
f 4877/4877 4894/4894 4843/4843
f 4876/4876 4843/4843 4894/4894
f 4878/4878 4879/4879 4844/4844
f 4877/4877 4844/4844 4879/4879
f 4879/4879 4880/4880 4877/4877
f 4894/4894 4877/4877 4880/4880
f 4894/4894 4880/4880 4895/4895
f 4881/4881 4895/4895 4880/4880
f 4895/4895 4881/4881 4896/4896
f 4882/4882 4896/4896 4881/4881
f 4896/4896 4882/4882 4897/4897
f 4883/4883 4897/4897 4882/4882
f 4883/4883 4884/4884 4897/4897
f 4898/4898 4897/4897 4884/4884
f 4884/4884 4885/4885 4898/4898
f 4890/4890 4898/4898 4885/4885
f 4885/4885 4886/4886 4890/4890
f 4865/4865 4890/4890 4886/4886
f 4873/4873 4859/4859 4891/4891
f 4887/4887 4891/4891 4859/4859
f 4874/4874 4892/4892 4860/4860
f 4888/4888 4860/4860 4892/4892
f 4899/4899 4889/4889 4888/4888
f 4862/4862 4888/4888 4889/4889
f 4898/4898 4890/4890 4889/4889
f 4864/4864 4889/4889 4890/4890
f 4875/4875 4893/4893 4892/4892
f 4900/4900 4892/4892 4893/4893
f 4876/4876 4894/4894 4893/4893
f 4895/4895 4893/4893 4894/4894
f 4893/4893 4895/4895 4900/4900
f 4896/4896 4900/4900 4895/4895
f 4900/4900 4896/4896 4899/4899
f 4897/4897 4899/4899 4896/4896
f 4897/4897 4898/4898 4899/4899
f 4889/4889 4899/4899 4898/4898
f 4900/4900 4899/4899 4892/4892
f 4888/4888 4892/4892 4899/4899
f 4901/4901 4902/4902 4903/4903
f 4902/4902 4901/4901 4904/4904
f 4902/4902 4905/4905 4903/4903
f 4905/4905 4902/4902 4906/4906
f 4907/4907 4903/4903 4908/4908
f 4903/4903 4907/4907 4901/4901
f 4909/4909 4904/4904 4901/4901
f 4904/4904 4909/4909 4910/4910
f 4904/4904 4911/4911 4902/4902
f 4911/4911 4904/4904 4912/4912
f 4906/4906 4913/4913 4905/4905
f 4913/4913 4906/4906 4914/4914
f 4903/4903 4915/4915 4908/4908
f 4915/4915 4903/4903 4905/4905
f 4911/4911 4906/4906 4902/4902
f 4906/4906 4911/4911 4916/4916
f 4917/4917 4908/4908 4918/4918
f 4908/4908 4917/4917 4907/4907
f 4919/4919 4901/4901 4907/4907
f 4901/4901 4919/4919 4909/4909
f 4920/4920 4910/4910 4909/4909
f 4910/4910 4920/4920 4921/4921
f 4910/4910 4912/4912 4904/4904
f 4912/4912 4910/4910 4922/4922
f 4923/4923 4911/4911 4912/4912
f 4911/4911 4923/4923 4924/4924
f 4914/4914 4925/4925 4913/4913
f 4925/4925 4914/4914 4926/4926
f 4905/4905 4927/4927 4915/4915
f 4927/4927 4905/4905 4913/4913
f 4916/4916 4914/4914 4906/4906
f 4914/4914 4916/4916 4928/4928
f 4908/4908 4929/4929 4918/4918
f 4929/4929 4908/4908 4915/4915
f 4924/4924 4916/4916 4911/4911
f 4916/4916 4924/4924 4930/4930
f 4931/4931 4918/4918 4932/4932
f 4918/4918 4931/4931 4917/4917
f 4933/4933 4907/4907 4917/4917
f 4907/4907 4933/4933 4919/4919
f 4934/4934 4909/4909 4919/4919
f 4909/4909 4934/4934 4920/4920
f 4935/4935 4921/4921 4920/4920
f 4921/4921 4935/4935 4936/4936
f 4921/4921 4922/4922 4910/4910
f 4922/4922 4921/4921 4937/4937
f 4922/4922 4923/4923 4912/4912
f 4923/4923 4922/4922 4938/4938
f 4939/4939 4924/4924 4923/4923
f 4924/4924 4939/4939 4940/4940
f 4926/4926 4941/4941 4925/4925
f 4941/4941 4926/4926 4942/4942
f 4913/4913 4943/4943 4927/4927
f 4943/4943 4913/4913 4925/4925
f 4928/4928 4926/4926 4914/4914
f 4926/4926 4928/4928 4944/4944
f 4915/4915 4945/4945 4929/4929
f 4945/4945 4915/4915 4927/4927
f 4930/4930 4928/4928 4916/4916
f 4928/4928 4930/4930 4946/4946
f 4918/4918 4947/4947 4932/4932
f 4947/4947 4918/4918 4929/4929
f 4940/4940 4930/4930 4924/4924
f 4930/4930 4940/4940 4948/4948
f 4949/4949 4932/4932 4950/4950
f 4932/4932 4949/4949 4931/4931
f 4951/4951 4917/4917 4931/4931
f 4917/4917 4951/4951 4933/4933
f 4952/4952 4919/4919 4933/4933
f 4919/4919 4952/4952 4934/4934
f 4953/4953 4920/4920 4934/4934
f 4920/4920 4953/4953 4935/4935
f 4935/4935 4954/4954 4936/4936
f 4954/4954 4935/4935 4955/4955
f 4936/4936 4937/4937 4921/4921
f 4937/4937 4936/4936 4956/4956
f 4937/4937 4938/4938 4922/4922
f 4938/4938 4937/4937 4957/4957
f 4958/4958 4923/4923 4938/4938
f 4923/4923 4958/4958 4939/4939
f 4959/4959 4960/4960 4961/4961
f 4960/4960 4959/4959 4962/4962
f 4960/4960 4962/4962 4963/4963
f 4963/4963 4962/4962 4964/4964
f 4963/4963 4964/4964 4965/4965
f 4965/4965 4964/4964 4966/4966
f 4965/4965 4966/4966 4967/4967
f 4967/4967 4966/4966 4968/4968
f 4967/4967 4968/4968 4969/4969
f 4969/4969 4968/4968 4970/4970
f 4969/4969 4970/4970 4971/4971
f 4971/4971 4970/4970 4972/4972
f 4971/4971 4972/4972 4973/4973
f 4973/4973 4972/4972 4974/4974
f 4974/4974 4972/4972 4975/4975
f 4974/4974 4975/4975 4976/4976
f 4976/4976 4975/4975 4977/4977
f 4976/4976 4977/4977 4978/4978
f 4978/4978 4977/4977 4979/4979
f 4978/4978 4979/4979 4980/4980
f 4980/4980 4979/4979 4981/4981
f 4980/4980 4981/4981 4982/4982
f 4959/4959 4983/4983 4984/4984
f 4983/4983 4959/4959 4961/4961
f 4983/4983 4961/4961 4985/4985
f 4983/4983 4985/4985 4986/4986
f 4986/4986 4985/4985 4987/4987
f 4986/4986 4987/4987 4988/4988
f 4988/4988 4987/4987 4989/4989
f 4988/4988 4989/4989 4990/4990
f 4990/4990 4989/4989 4991/4991
f 4990/4990 4991/4991 4992/4992
f 4992/4992 4991/4991 4993/4993
f 4992/4992 4993/4993 4994/4994
f 4994/4994 4993/4993 4995/4995
f 4994/4994 4995/4995 4996/4996
f 4996/4996 4995/4995 4997/4997
f 4996/4996 4997/4997 4998/4998
f 4996/4996 4998/4998 4999/4999
f 4999/4999 4998/4998 5000/5000
f 4999/4999 5000/5000 5001/5001
f 5001/5001 5000/5000 5002/5002
f 5001/5001 5002/5002 5003/5003
f 5003/5003 5002/5002 5004/5004
f 5003/5003 5004/5004 5005/5005
f 5005/5005 5004/5004 4982/4982
f 5005/5005 4982/4982 4981/4981
f 5005/5005 4981/4981 5006/5006
f 4942/4942 5007/5007 4941/4941
f 5007/5007 4942/4942 5008/5008
f 4925/4925 5009/5009 4943/4943
f 5009/5009 4925/4925 4941/4941
f 4944/4944 4942/4942 4926/4926
f 4942/4942 4944/4944 5010/5010
f 4927/4927 5011/5011 4945/4945
f 5011/5011 4927/4927 4943/4943
f 4946/4946 4944/4944 4928/4928
f 4944/4944 4946/4946 5012/5012
f 4929/4929 5013/5013 4947/4947
f 5013/5013 4929/4929 4945/4945
f 4948/4948 4946/4946 4930/4930
f 4946/4946 4948/4948 5014/5014
f 4932/4932 5015/5015 4950/4950
f 5015/5015 4932/4932 4947/4947
f 5016/5016 4950/4950 5017/5017
f 4950/4950 5016/5016 4949/4949
f 5018/5018 4931/4931 4949/4949
f 4931/4931 5018/5018 4951/4951
f 5019/5019 4933/4933 4951/4951
f 4933/4933 5019/5019 4952/4952
f 5020/5020 4934/4934 4952/4952
f 4934/4934 5020/5020 4953/4953
f 4953/4953 4955/4955 4935/4935
f 4955/4955 4953/4953 5021/5021
f 4955/4955 5022/5022 4954/4954
f 5022/5022 4955/4955 5023/5023
f 4936/4936 5024/5024 4956/4956
f 5024/5024 4936/4936 4954/4954
f 4956/4956 4957/4957 4937/4937
f 4957/4957 4956/4956 5025/5025
f 5026/5026 4938/4938 4957/4957
f 4938/4938 5026/5026 4958/4958
f 5027/5027 5028/5028 5029/5029
f 5028/5028 5027/5027 5030/5030
f 5028/5028 5031/5031 5032/5032
f 5031/5031 5028/5028 5030/5030
f 5032/5032 5033/5033 5034/5034
f 5033/5033 5032/5032 5031/5031
f 5034/5034 5035/5035 5036/5036
f 5035/5035 5034/5034 5033/5033
f 5036/5036 5037/5037 5038/5038
f 5037/5037 5036/5036 5035/5035
f 5038/5038 5039/5039 5040/5040
f 5039/5039 5038/5038 5037/5037
f 5041/5041 5039/5039 5012/5012
f 5039/5039 5041/5041 5040/5040
f 5014/5014 5012/5012 4946/4946
f 5012/5012 5014/5014 5041/5041
f 5025/5025 5026/5026 4957/4957
f 5026/5026 5025/5025 5042/5042
f 5043/5043 5042/5042 5025/5025
f 5042/5042 5043/5043 5044/5044
f 5045/5045 5044/5044 5043/5043
f 5044/5044 5045/5045 5046/5046
f 5047/5047 5046/5046 5045/5045
f 5046/5046 5047/5047 5048/5048
f 5049/5049 5048/5048 5047/5047
f 5048/5048 5049/5049 5050/5050
f 5051/5051 5050/5050 5049/5049
f 5050/5050 5051/5051 5052/5052
f 5053/5053 5052/5052 5051/5051
f 5052/5052 5053/5053 5054/5054
f 5053/5053 5055/5055 5054/5054
f 5055/5055 5053/5053 5056/5056
f 5056/5056 5057/5057 5055/5055
f 5057/5057 5056/5056 5058/5058
f 5058/5058 5059/5059 5057/5057
f 5059/5059 5058/5058 5060/5060
f 5060/5060 5029/5029 5059/5059
f 5029/5029 5060/5060 5027/5027
f 5008/5008 5061/5061 5007/5007
f 5061/5061 5008/5008 5062/5062
f 4941/4941 5063/5063 5009/5009
f 5063/5063 4941/4941 5007/5007
f 5010/5010 5008/5008 4942/4942
f 5008/5008 5010/5010 5064/5064
f 4943/4943 5065/5065 5011/5011
f 5065/5065 4943/4943 5009/5009
f 5012/5012 5010/5010 4944/4944
f 5010/5010 5012/5012 5039/5039
f 4945/4945 5066/5066 5013/5013
f 5066/5066 4945/4945 5011/5011
f 4947/4947 5067/5067 5015/5015
f 5067/5067 4947/4947 5013/5013
f 4950/4950 5068/5068 5017/5017
f 5068/5068 4950/4950 5015/5015
f 5069/5069 5017/5017 5070/5070
f 5017/5017 5069/5069 5016/5016
f 5071/5071 4949/4949 5016/5016
f 4949/4949 5071/5071 5018/5018
f 5072/5072 4951/4951 5018/5018
f 4951/4951 5072/5072 5019/5019
f 5073/5073 4952/4952 5019/5019
f 4952/4952 5073/5073 5020/5020
f 5020/5020 5021/5021 4953/4953
f 5021/5021 5020/5020 5074/5074
f 5021/5021 5023/5023 4955/4955
f 5023/5023 5021/5021 5075/5075
f 5076/5076 5023/5023 5077/5077
f 5023/5023 5076/5076 5022/5022
f 4954/4954 5078/5078 5024/5024
f 5078/5078 4954/4954 5022/5022
f 4956/4956 5043/5043 5025/5025
f 5043/5043 4956/4956 5024/5024
f 5027/5027 5079/5079 5030/5030
f 5079/5079 5027/5027 5080/5080
f 5031/5031 5079/5079 5081/5081
f 5079/5079 5031/5031 5030/5030
f 5033/5033 5081/5081 5082/5082
f 5081/5081 5033/5033 5031/5031
f 5033/5033 5083/5083 5035/5035
f 5083/5083 5033/5033 5082/5082
f 5035/5035 5064/5064 5037/5037
f 5064/5064 5035/5035 5083/5083
f 5039/5039 5064/5064 5010/5010
f 5064/5064 5039/5039 5037/5037
f 5078/5078 5043/5043 5024/5024
f 5043/5043 5078/5078 5045/5045
f 5084/5084 5045/5045 5078/5078
f 5045/5045 5084/5084 5047/5047
f 5049/5049 5084/5084 5085/5085
f 5084/5084 5049/5049 5047/5047
f 5051/5051 5085/5085 5086/5086
f 5085/5085 5051/5051 5049/5049
f 5053/5053 5086/5086 5087/5087
f 5086/5086 5053/5053 5051/5051
f 5056/5056 5087/5087 5088/5088
f 5087/5087 5056/5056 5053/5053
f 5088/5088 5058/5058 5056/5056
f 5058/5058 5088/5088 5089/5089
f 5089/5089 5060/5060 5058/5058
f 5060/5060 5089/5089 5090/5090
f 5060/5060 5080/5080 5027/5027
f 5080/5080 5060/5060 5090/5090
f 5062/5062 5091/5091 5061/5061
f 5091/5091 5062/5062 5092/5092
f 5007/5007 5093/5093 5063/5063
f 5093/5093 5007/5007 5061/5061
f 5064/5064 5062/5062 5008/5008
f 5062/5062 5064/5064 5083/5083
f 5009/5009 5094/5094 5065/5065
f 5094/5094 5009/5009 5063/5063
f 5011/5011 5095/5095 5066/5066
f 5095/5095 5011/5011 5065/5065
f 5013/5013 5096/5096 5067/5067
f 5096/5096 5013/5013 5066/5066
f 5015/5015 5097/5097 5068/5068
f 5097/5097 5015/5015 5067/5067
f 5017/5017 5098/5098 5070/5070
f 5098/5098 5017/5017 5068/5068
f 5099/5099 5070/5070 5100/5100
f 5070/5070 5099/5099 5069/5069
f 5101/5101 5016/5016 5069/5069
f 5016/5016 5101/5101 5071/5071
f 5102/5102 5018/5018 5071/5071
f 5018/5018 5102/5102 5072/5072
f 5103/5103 5019/5019 5072/5072
f 5019/5019 5103/5103 5073/5073
f 5073/5073 5074/5074 5020/5020
f 5074/5074 5073/5073 5104/5104
f 5074/5074 5075/5075 5021/5021
f 5075/5075 5074/5074 5105/5105
f 5077/5077 5075/5075 5106/5106
f 5075/5075 5077/5077 5023/5023
f 5107/5107 5077/5077 5108/5108
f 5077/5077 5107/5107 5076/5076
f 5084/5084 5022/5022 5076/5076
f 5022/5022 5084/5084 5078/5078
f 5080/5080 5109/5109 5079/5079
f 5109/5109 5080/5080 5110/5110
f 5081/5081 5109/5109 5111/5111
f 5109/5109 5081/5081 5079/5079
f 5082/5082 5111/5111 5092/5092
f 5111/5111 5082/5082 5081/5081
f 5083/5083 5092/5092 5062/5062
f 5092/5092 5083/5083 5082/5082
f 5085/5085 5076/5076 5107/5107
f 5076/5076 5085/5085 5084/5084
f 5086/5086 5107/5107 5112/5112
f 5107/5107 5086/5086 5085/5085
f 5087/5087 5112/5112 5113/5113
f 5112/5112 5087/5087 5086/5086
f 5088/5088 5113/5113 5114/5114
f 5113/5113 5088/5088 5087/5087
f 5089/5089 5114/5114 5115/5115
f 5114/5114 5089/5089 5088/5088
f 5089/5089 5116/5116 5090/5090
f 5116/5116 5089/5089 5115/5115
f 5090/5090 5110/5110 5080/5080
f 5110/5110 5090/5090 5116/5116
f 5092/5092 5117/5117 5091/5091
f 5117/5117 5092/5092 5111/5111
f 5061/5061 5118/5118 5093/5093
f 5118/5118 5061/5061 5091/5091
f 5063/5063 5119/5119 5094/5094
f 5119/5119 5063/5063 5093/5093
f 5065/5065 5120/5120 5095/5095
f 5120/5120 5065/5065 5094/5094
f 5066/5066 5121/5121 5096/5096
f 5121/5121 5066/5066 5095/5095
f 5067/5067 5122/5122 5097/5097
f 5122/5122 5067/5067 5096/5096
f 5068/5068 5123/5123 5098/5098
f 5123/5123 5068/5068 5097/5097
f 5070/5070 5124/5124 5100/5100
f 5124/5124 5070/5070 5098/5098
f 5125/5125 5100/5100 5126/5126
f 5100/5100 5125/5125 5099/5099
f 5127/5127 5069/5069 5099/5099
f 5069/5069 5127/5127 5101/5101
f 5128/5128 5071/5071 5101/5101
f 5071/5071 5128/5128 5102/5102
f 5102/5102 5103/5103 5072/5072
f 5103/5103 5102/5102 5129/5129
f 5103/5103 5104/5104 5073/5073
f 5104/5104 5103/5103 5130/5130
f 5104/5104 5105/5105 5074/5074
f 5105/5105 5104/5104 5131/5131
f 5106/5106 5105/5105 5132/5132
f 5105/5105 5106/5106 5075/5075
f 5108/5108 5106/5106 5133/5133
f 5106/5106 5108/5108 5077/5077
f 5112/5112 5108/5108 5134/5134
f 5108/5108 5112/5112 5107/5107
f 5110/5110 5135/5135 5109/5109
f 5135/5135 5110/5110 5136/5136
f 5111/5111 5135/5135 5117/5117
f 5135/5135 5111/5111 5109/5109
f 5113/5113 5134/5134 5137/5137
f 5134/5134 5113/5113 5112/5112
f 5114/5114 5137/5137 5138/5138
f 5137/5137 5114/5114 5113/5113
f 5115/5115 5138/5138 5139/5139
f 5138/5138 5115/5115 5114/5114
f 5115/5115 5140/5140 5116/5116
f 5140/5140 5115/5115 5139/5139
f 5116/5116 5136/5136 5110/5110
f 5136/5136 5116/5116 5140/5140
f 5091/5091 5141/5141 5118/5118
f 5141/5141 5091/5091 5117/5117
f 5093/5093 5142/5142 5119/5119
f 5142/5142 5093/5093 5118/5118
f 5094/5094 5143/5143 5120/5120
f 5143/5143 5094/5094 5119/5119
f 5095/5095 5144/5144 5121/5121
f 5144/5144 5095/5095 5120/5120
f 5096/5096 5145/5145 5122/5122
f 5145/5145 5096/5096 5121/5121
f 5097/5097 5146/5146 5123/5123
f 5146/5146 5097/5097 5122/5122
f 5098/5098 5147/5147 5124/5124
f 5147/5147 5098/5098 5123/5123
f 5100/5100 5148/5148 5126/5126
f 5148/5148 5100/5100 5124/5124
f 5149/5149 5099/5099 5125/5125
f 5099/5099 5149/5149 5127/5127
f 5150/5150 5101/5101 5127/5127
f 5101/5101 5150/5150 5128/5128
f 5151/5151 5102/5102 5128/5128
f 5102/5102 5151/5151 5129/5129
f 5129/5129 5130/5130 5103/5103
f 5130/5130 5129/5129 5152/5152
f 5130/5130 5131/5131 5104/5104
f 5131/5131 5130/5130 5153/5153
f 5132/5132 5131/5131 5154/5154
f 5131/5131 5132/5132 5105/5105
f 5133/5133 5132/5132 5155/5155
f 5132/5132 5133/5133 5106/5106
f 5134/5134 5133/5133 5156/5156
f 5133/5133 5134/5134 5108/5108
f 5136/5136 5157/5157 5135/5135
f 5157/5157 5136/5136 5158/5158
f 5117/5117 5157/5157 5141/5141
f 5157/5157 5117/5117 5135/5135
f 5137/5137 5156/5156 5159/5159
f 5156/5156 5137/5137 5134/5134
f 5138/5138 5159/5159 5160/5160
f 5159/5159 5138/5138 5137/5137
f 5139/5139 5160/5160 5161/5161
f 5160/5160 5139/5139 5138/5138
f 5139/5139 5162/5162 5140/5140
f 5162/5162 5139/5139 5161/5161
f 5140/5140 5158/5158 5136/5136
f 5158/5158 5140/5140 5162/5162
f 5118/5118 5163/5163 5142/5142
f 5163/5163 5118/5118 5141/5141
f 5119/5119 5164/5164 5143/5143
f 5164/5164 5119/5119 5142/5142
f 5120/5120 5165/5165 5144/5144
f 5165/5165 5120/5120 5143/5143
f 5121/5121 5166/5166 5145/5145
f 5166/5166 5121/5121 5144/5144
f 5122/5122 5167/5167 5146/5146
f 5167/5167 5122/5122 5145/5145
f 5123/5123 5168/5168 5147/5147
f 5168/5168 5123/5123 5146/5146
f 5124/5124 5169/5169 5148/5148
f 5169/5169 5124/5124 5147/5147
f 5170/5170 5127/5127 5149/5149
f 5127/5127 5170/5170 5150/5150
f 5171/5171 5128/5128 5150/5150
f 5128/5128 5171/5171 5151/5151
f 5151/5151 5152/5152 5129/5129
f 5152/5152 5151/5151 5172/5172
f 5152/5152 5153/5153 5130/5130
f 5153/5153 5152/5152 5173/5173
f 5154/5154 5153/5153 5174/5174
f 5153/5153 5154/5154 5131/5131
f 5155/5155 5154/5154 5175/5175
f 5154/5154 5155/5155 5132/5132
f 5156/5156 5155/5155 5176/5176
f 5155/5155 5156/5156 5133/5133
f 5158/5158 5177/5177 5157/5157
f 5177/5177 5158/5158 5178/5178
f 5141/5141 5177/5177 5163/5163
f 5177/5177 5141/5141 5157/5157
f 5159/5159 5176/5176 5179/5179
f 5176/5176 5159/5159 5156/5156
f 5160/5160 5179/5179 5180/5180
f 5179/5179 5160/5160 5159/5159
f 5161/5161 5180/5180 5181/5181
f 5180/5180 5161/5161 5160/5160
f 5161/5161 5182/5182 5162/5162
f 5182/5182 5161/5161 5181/5181
f 5162/5162 5178/5178 5158/5158
f 5178/5178 5162/5162 5182/5182
f 5142/5142 5183/5183 5164/5164
f 5183/5183 5142/5142 5163/5163
f 5143/5143 5184/5184 5165/5165
f 5184/5184 5143/5143 5164/5164
f 5144/5144 5185/5185 5166/5166
f 5185/5185 5144/5144 5165/5165
f 5145/5145 5186/5186 5167/5167
f 5186/5186 5145/5145 5166/5166
f 5146/5146 5187/5187 5168/5168
f 5187/5187 5146/5146 5167/5167
f 5147/5147 5188/5188 5169/5169
f 5188/5188 5147/5147 5168/5168
f 5170/5170 5171/5171 5150/5150
f 5171/5171 5170/5170 5189/5189
f 5171/5171 5172/5172 5151/5151
f 5172/5172 5171/5171 5190/5190
f 5172/5172 5173/5173 5152/5152
f 5173/5173 5172/5172 5191/5191
f 5174/5174 5173/5173 5192/5192
f 5173/5173 5174/5174 5153/5153
f 5175/5175 5174/5174 5193/5193
f 5174/5174 5175/5175 5154/5154
f 5176/5176 5175/5175 5194/5194
f 5175/5175 5176/5176 5155/5155
f 5178/5178 5195/5195 5177/5177
f 5195/5195 5178/5178 5196/5196
f 5163/5163 5195/5195 5183/5183
f 5195/5195 5163/5163 5177/5177
f 5179/5179 5194/5194 5197/5197
f 5194/5194 5179/5179 5176/5176
f 5180/5180 5197/5197 5198/5198
f 5197/5197 5180/5180 5179/5179
f 5181/5181 5198/5198 5199/5199
f 5198/5198 5181/5181 5180/5180
f 5181/5181 5200/5200 5182/5182
f 5200/5200 5181/5181 5199/5199
f 5182/5182 5196/5196 5178/5178
f 5196/5196 5182/5182 5200/5200
f 5164/5164 5201/5201 5184/5184
f 5201/5201 5164/5164 5183/5183
f 5165/5165 5202/5202 5185/5185
f 5202/5202 5165/5165 5184/5184
f 5166/5166 5203/5203 5186/5186
f 5203/5203 5166/5166 5185/5185
f 5167/5167 5204/5204 5187/5187
f 5204/5204 5167/5167 5186/5186
f 5168/5168 5205/5205 5188/5188
f 5205/5205 5168/5168 5187/5187
f 5189/5189 5190/5190 5171/5171
f 5190/5190 5189/5189 5206/5206
f 5190/5190 5191/5191 5172/5172
f 5191/5191 5190/5190 5207/5207
f 5192/5192 5191/5191 5208/5208
f 5191/5191 5192/5192 5173/5173
f 5193/5193 5192/5192 5209/5209
f 5192/5192 5193/5193 5174/5174
f 5194/5194 5193/5193 5210/5210
f 5193/5193 5194/5194 5175/5175
f 5196/5196 5211/5211 5195/5195
f 5211/5211 5196/5196 5212/5212
f 5183/5183 5211/5211 5201/5201
f 5211/5211 5183/5183 5195/5195
f 5197/5197 5210/5210 5213/5213
f 5210/5210 5197/5197 5194/5194
f 5198/5198 5213/5213 5214/5214
f 5213/5213 5198/5198 5197/5197
f 5199/5199 5214/5214 5215/5215
f 5214/5214 5199/5199 5198/5198
f 5199/5199 5216/5216 5200/5200
f 5216/5216 5199/5199 5215/5215
f 5200/5200 5212/5212 5196/5196
f 5212/5212 5200/5200 5216/5216
f 5184/5184 5217/5217 5202/5202
f 5217/5217 5184/5184 5201/5201
f 5185/5185 5218/5218 5203/5203
f 5218/5218 5185/5185 5202/5202
f 5186/5186 5219/5219 5204/5204
f 5219/5219 5186/5186 5203/5203
f 5187/5187 5220/5220 5205/5205
f 5220/5220 5187/5187 5204/5204
f 5206/5206 5207/5207 5190/5190
f 5207/5207 5206/5206 5221/5221
f 5208/5208 5207/5207 5222/5222
f 5207/5207 5208/5208 5191/5191
f 5209/5209 5208/5208 5223/5223
f 5208/5208 5209/5209 5192/5192
f 5210/5210 5209/5209 5224/5224
f 5209/5209 5210/5210 5193/5193
f 5212/5212 5225/5225 5211/5211
f 5225/5225 5212/5212 5226/5226
f 5201/5201 5225/5225 5217/5217
f 5225/5225 5201/5201 5211/5211
f 5213/5213 5224/5224 5227/5227
f 5224/5224 5213/5213 5210/5210
f 5214/5214 5227/5227 5228/5228
f 5227/5227 5214/5214 5213/5213
f 5215/5215 5228/5228 5229/5229
f 5228/5228 5215/5215 5214/5214
f 5215/5215 5230/5230 5216/5216
f 5230/5230 5215/5215 5229/5229
f 5216/5216 5226/5226 5212/5212
f 5226/5226 5216/5216 5230/5230
f 5202/5202 5231/5231 5218/5218
f 5231/5231 5202/5202 5217/5217
f 5203/5203 5232/5232 5219/5219
f 5232/5232 5203/5203 5218/5218
f 5204/5204 5233/5233 5220/5220
f 5233/5233 5204/5204 5219/5219
f 5222/5222 5221/5221 5234/5234
f 5221/5221 5222/5222 5207/5207
f 5223/5223 5222/5222 5235/5235
f 5222/5222 5223/5223 5208/5208
f 5224/5224 5223/5223 5236/5236
f 5223/5223 5224/5224 5209/5209
f 5226/5226 5237/5237 5225/5225
f 5237/5237 5226/5226 5238/5238
f 5217/5217 5237/5237 5231/5231
f 5237/5237 5217/5217 5225/5225
f 5227/5227 5236/5236 5239/5239
f 5236/5236 5227/5227 5224/5224
f 5228/5228 5239/5239 5240/5240
f 5239/5239 5228/5228 5227/5227
f 5229/5229 5240/5240 5241/5241
f 5240/5240 5229/5229 5228/5228
f 5229/5229 5242/5242 5230/5230
f 5242/5242 5229/5229 5241/5241
f 5230/5230 5238/5238 5226/5226
f 5238/5238 5230/5230 5242/5242
f 5218/5218 5243/5243 5232/5232
f 5243/5243 5218/5218 5231/5231
f 5219/5219 5244/5244 5233/5233
f 5244/5244 5219/5219 5232/5232
f 5235/5235 5234/5234 5245/5245
f 5234/5234 5235/5235 5222/5222
f 5236/5236 5235/5235 5246/5246
f 5235/5235 5236/5236 5223/5223
f 5237/5237 5247/5247 5248/5248
f 5247/5247 5237/5237 5238/5238
f 5231/5231 5248/5248 5243/5243
f 5248/5248 5231/5231 5237/5237
f 5239/5239 5246/5246 5249/5249
f 5246/5246 5239/5239 5236/5236
f 5240/5240 5249/5249 5250/5250
f 5249/5249 5240/5240 5239/5239
f 5241/5241 5250/5250 5251/5251
f 5250/5250 5241/5241 5240/5240
f 5241/5241 5252/5252 5242/5242
f 5252/5252 5241/5241 5251/5251
f 5242/5242 5247/5247 5238/5238
f 5247/5247 5242/5242 5252/5252
f 5232/5232 5253/5253 5244/5244
f 5253/5253 5232/5232 5243/5243
f 5246/5246 5245/5245 5254/5254
f 5245/5245 5246/5246 5235/5235
f 5247/5247 5255/5255 5248/5248
f 5255/5255 5247/5247 5256/5256
f 5243/5243 5255/5255 5253/5253
f 5255/5255 5243/5243 5248/5248
f 5249/5249 5254/5254 5257/5257
f 5254/5254 5249/5249 5246/5246
f 5250/5250 5257/5257 5258/5258
f 5257/5257 5250/5250 5249/5249
f 5251/5251 5258/5258 5259/5259
f 5258/5258 5251/5251 5250/5250
f 5251/5251 5260/5260 5252/5252
f 5260/5260 5251/5251 5259/5259
f 5252/5252 5256/5256 5247/5247
f 5256/5256 5252/5252 5260/5260
f 5261/5261 5262/5262 5263/5263
f 5264/5264 5263/5263 5262/5262
f 5265/5265 5263/5263 5266/5266
f 5264/5264 5266/5266 5263/5263
f 5262/5262 5267/5267 5264/5264
f 5268/5268 5264/5264 5267/5267
f 5269/5269 5270/5270 5261/5261
f 5262/5262 5261/5261 5270/5270
f 5271/5271 5261/5261 5272/5272
f 5263/5263 5272/5272 5261/5261
f 5273/5273 5265/5265 5274/5274
f 5266/5266 5274/5274 5265/5265
f 5266/5266 5264/5264 5275/5275
f 5268/5268 5275/5275 5264/5264
f 5276/5276 5272/5272 5265/5265
f 5263/5263 5265/5265 5272/5272
f 5267/5267 5277/5277 5268/5268
f 5278/5278 5268/5268 5277/5277
f 5270/5270 5279/5279 5262/5262
f 5267/5267 5262/5262 5279/5279
f 5280/5280 5281/5281 5269/5269
f 5270/5270 5269/5269 5281/5281
f 5282/5282 5269/5269 5271/5271
f 5261/5261 5271/5271 5269/5269
f 5283/5283 5284/5284 5272/5272
f 5271/5271 5272/5272 5284/5284
f 5285/5285 5273/5273 5286/5286
f 5274/5274 5286/5286 5273/5273
f 5274/5274 5266/5266 5287/5287
f 5275/5275 5287/5287 5266/5266
f 5288/5288 5276/5276 5273/5273
f 5265/5265 5273/5273 5276/5276
f 5275/5275 5268/5268 5289/5289
f 5278/5278 5289/5289 5268/5268
f 5290/5290 5283/5283 5276/5276
f 5272/5272 5276/5276 5283/5283
f 5277/5277 5291/5291 5278/5278
f 5292/5292 5278/5278 5291/5291
f 5279/5279 5293/5293 5267/5267
f 5277/5277 5267/5267 5293/5293
f 5281/5281 5294/5294 5270/5270
f 5279/5279 5270/5270 5294/5294
f 5295/5295 5296/5296 5280/5280
f 5281/5281 5280/5280 5296/5296
f 5297/5297 5280/5280 5282/5282
f 5269/5269 5282/5282 5280/5280
f 5298/5298 5282/5282 5284/5284
f 5271/5271 5284/5284 5282/5282
f 5299/5299 5300/5300 5283/5283
f 5284/5284 5283/5283 5300/5300
f 5301/5301 5285/5285 5302/5302
f 5286/5286 5302/5302 5285/5285
f 5286/5286 5274/5274 5303/5303
f 5287/5287 5303/5303 5274/5274
f 5304/5304 5288/5288 5285/5285
f 5273/5273 5285/5285 5288/5288
f 5287/5287 5275/5275 5305/5305
f 5289/5289 5305/5305 5275/5275
f 5306/5306 5290/5290 5288/5288
f 5276/5276 5288/5288 5290/5290
f 5289/5289 5278/5278 5307/5307
f 5292/5292 5307/5307 5278/5278
f 5308/5308 5299/5299 5290/5290
f 5283/5283 5290/5290 5299/5299
f 5291/5291 5309/5309 5292/5292
f 5310/5310 5292/5292 5309/5309
f 5293/5293 5311/5311 5277/5277
f 5291/5291 5277/5277 5311/5311
f 5294/5294 5312/5312 5279/5279
f 5293/5293 5279/5279 5312/5312
f 5296/5296 5313/5313 5281/5281
f 5294/5294 5281/5281 5313/5313
f 5314/5314 5296/5296 5315/5315
f 5295/5295 5315/5315 5296/5296
f 5316/5316 5295/5295 5297/5297
f 5280/5280 5297/5297 5295/5295
f 5317/5317 5297/5297 5298/5298
f 5282/5282 5298/5298 5297/5297
f 5300/5300 5318/5318 5284/5284
f 5298/5298 5284/5284 5318/5318
f 5319/5319 5320/5320 5321/5321
f 5320/5320 5322/5322 5321/5321
f 5322/5322 5323/5323 5321/5321
f 5321/5321 5323/5323 5324/5324
f 5323/5323 5325/5325 5324/5324
f 5324/5324 5325/5325 5326/5326
f 5325/5325 5327/5327 5326/5326
f 5326/5326 5327/5327 5328/5328
f 5327/5327 5329/5329 5328/5328
f 5328/5328 5329/5329 5330/5330
f 5329/5329 5331/5331 5330/5330
f 5331/5331 5332/5332 5330/5330
f 5330/5330 5332/5332 5333/5333
f 5332/5332 5334/5334 5333/5333
f 5333/5333 5334/5334 5335/5335
f 5334/5334 5336/5336 5335/5335
f 5335/5335 5336/5336 5337/5337
f 5336/5336 5338/5338 5337/5337
f 5337/5337 5338/5338 5339/5339
f 5338/5338 5340/5340 5339/5339
f 5339/5339 5340/5340 5341/5341
f 5340/5340 5342/5342 5341/5341
f 5341/5341 5342/5342 5343/5343
f 5342/5342 5344/5344 5343/5343
f 5344/5344 5345/5345 5343/5343
f 5346/5346 5343/5343 5345/5345
f 5322/5322 5320/5320 5347/5347
f 5320/5320 5348/5348 5347/5347
f 5347/5347 5348/5348 5349/5349
f 5348/5348 5350/5350 5349/5349
f 5349/5349 5350/5350 5351/5351
f 5350/5350 5352/5352 5351/5351
f 5351/5351 5352/5352 5353/5353
f 5352/5352 5354/5354 5353/5353
f 5353/5353 5354/5354 5355/5355
f 5355/5355 5354/5354 5356/5356
f 5354/5354 5357/5357 5356/5356
f 5356/5356 5357/5357 5358/5358
f 5357/5357 5359/5359 5358/5358
f 5358/5358 5359/5359 5360/5360
f 5359/5359 5361/5361 5360/5360
f 5360/5360 5361/5361 5362/5362
f 5361/5361 5363/5363 5362/5362
f 5362/5362 5363/5363 5364/5364
f 5363/5363 5365/5365 5364/5364
f 5364/5364 5365/5365 5366/5366
f 5365/5365 5345/5345 5366/5366
f 5344/5344 5366/5366 5345/5345
f 5367/5367 5301/5301 5368/5368
f 5302/5302 5368/5368 5301/5301
f 5302/5302 5286/5286 5369/5369
f 5303/5303 5369/5369 5286/5286
f 5370/5370 5304/5304 5301/5301
f 5285/5285 5301/5301 5304/5304
f 5303/5303 5287/5287 5371/5371
f 5305/5305 5371/5371 5287/5287
f 5372/5372 5306/5306 5304/5304
f 5288/5288 5304/5304 5306/5306
f 5305/5305 5289/5289 5373/5373
f 5307/5307 5373/5373 5289/5289
f 5374/5374 5308/5308 5306/5306
f 5290/5290 5306/5306 5308/5308
f 5307/5307 5292/5292 5375/5375
f 5310/5310 5375/5375 5292/5292
f 5309/5309 5376/5376 5310/5310
f 5377/5377 5310/5310 5376/5376
f 5311/5311 5378/5378 5291/5291
f 5309/5309 5291/5291 5378/5378
f 5312/5312 5379/5379 5293/5293
f 5311/5311 5293/5293 5379/5379
f 5313/5313 5380/5380 5294/5294
f 5312/5312 5294/5294 5380/5380
f 5381/5381 5313/5313 5314/5314
f 5296/5296 5314/5314 5313/5313
f 5382/5382 5314/5314 5383/5383
f 5315/5315 5383/5383 5314/5314
f 5315/5315 5295/5295 5384/5384
f 5316/5316 5384/5384 5295/5295
f 5385/5385 5316/5316 5317/5317
f 5297/5297 5317/5317 5316/5316
f 5318/5318 5386/5386 5298/5298
f 5317/5317 5298/5298 5386/5386
f 5387/5387 5388/5388 5389/5389
f 5390/5390 5389/5389 5388/5388
f 5387/5387 5389/5389 5391/5391
f 5392/5392 5391/5391 5389/5389
f 5391/5391 5392/5392 5393/5393
f 5394/5394 5393/5393 5392/5392
f 5393/5393 5394/5394 5395/5395
f 5396/5396 5395/5395 5394/5394
f 5395/5395 5396/5396 5397/5397
f 5398/5398 5397/5397 5396/5396
f 5397/5397 5398/5398 5399/5399
f 5400/5400 5399/5399 5398/5398
f 5400/5400 5401/5401 5399/5399
f 5372/5372 5399/5399 5401/5401
f 5401/5401 5374/5374 5372/5372
f 5306/5306 5372/5372 5374/5374
f 5402/5402 5385/5385 5386/5386
f 5317/5317 5386/5386 5385/5385
f 5403/5403 5404/5404 5402/5402
f 5385/5385 5402/5402 5404/5404
f 5405/5405 5406/5406 5403/5403
f 5404/5404 5403/5403 5406/5406
f 5407/5407 5408/5408 5405/5405
f 5406/5406 5405/5405 5408/5408
f 5409/5409 5410/5410 5407/5407
f 5408/5408 5407/5407 5410/5410
f 5411/5411 5412/5412 5409/5409
f 5410/5410 5409/5409 5412/5412
f 5413/5413 5414/5414 5411/5411
f 5412/5412 5411/5411 5414/5414
f 5415/5415 5414/5414 5416/5416
f 5413/5413 5416/5416 5414/5414
f 5417/5417 5415/5415 5418/5418
f 5416/5416 5418/5418 5415/5415
f 5419/5419 5417/5417 5420/5420
f 5418/5418 5420/5420 5417/5417
f 5388/5388 5419/5419 5390/5390
f 5420/5420 5390/5390 5419/5419
f 5421/5421 5367/5367 5422/5422
f 5368/5368 5422/5422 5367/5367
f 5368/5368 5302/5302 5423/5423
f 5369/5369 5423/5423 5302/5302
f 5424/5424 5370/5370 5367/5367
f 5301/5301 5367/5367 5370/5370
f 5369/5369 5303/5303 5425/5425
f 5371/5371 5425/5425 5303/5303
f 5399/5399 5372/5372 5370/5370
f 5304/5304 5370/5370 5372/5372
f 5371/5371 5305/5305 5426/5426
f 5373/5373 5426/5426 5305/5305
f 5373/5373 5307/5307 5427/5427
f 5375/5375 5427/5427 5307/5307
f 5375/5375 5310/5310 5428/5428
f 5377/5377 5428/5428 5310/5310
f 5376/5376 5429/5429 5377/5377
f 5430/5430 5377/5377 5429/5429
f 5378/5378 5431/5431 5309/5309
f 5376/5376 5309/5309 5431/5431
f 5379/5379 5432/5432 5311/5311
f 5378/5378 5311/5311 5432/5432
f 5380/5380 5433/5433 5312/5312
f 5379/5379 5312/5312 5433/5433
f 5434/5434 5380/5380 5381/5381
f 5313/5313 5381/5381 5380/5380
f 5435/5435 5381/5381 5382/5382
f 5314/5314 5382/5382 5381/5381
f 5383/5383 5436/5436 5382/5382
f 5437/5437 5382/5382 5436/5436
f 5383/5383 5315/5315 5438/5438
f 5384/5384 5438/5438 5315/5315
f 5384/5384 5316/5316 5404/5404
f 5385/5385 5404/5404 5316/5316
f 5439/5439 5388/5388 5440/5440
f 5387/5387 5440/5440 5388/5388
f 5387/5387 5391/5391 5440/5440
f 5441/5441 5440/5440 5391/5391
f 5391/5391 5393/5393 5441/5441
f 5442/5442 5441/5441 5393/5393
f 5442/5442 5393/5393 5443/5443
f 5395/5395 5443/5443 5393/5393
f 5443/5443 5395/5395 5424/5424
f 5397/5397 5424/5424 5395/5395
f 5397/5397 5399/5399 5424/5424
f 5370/5370 5424/5424 5399/5399
f 5406/5406 5438/5438 5404/5404
f 5384/5384 5404/5404 5438/5438
f 5408/5408 5444/5444 5406/5406
f 5438/5438 5406/5406 5444/5444
f 5408/5408 5410/5410 5444/5444
f 5445/5445 5444/5444 5410/5410
f 5410/5410 5412/5412 5445/5445
f 5446/5446 5445/5445 5412/5412
f 5412/5412 5414/5414 5446/5446
f 5447/5447 5446/5446 5414/5414
f 5414/5414 5415/5415 5447/5447
f 5448/5448 5447/5447 5415/5415
f 5449/5449 5448/5448 5417/5417
f 5415/5415 5417/5417 5448/5448
f 5450/5450 5449/5449 5419/5419
f 5417/5417 5419/5419 5449/5449
f 5450/5450 5419/5419 5439/5439
f 5388/5388 5439/5439 5419/5419
f 5451/5451 5421/5421 5452/5452
f 5422/5422 5452/5452 5421/5421
f 5422/5422 5368/5368 5453/5453
f 5423/5423 5453/5453 5368/5368
f 5443/5443 5424/5424 5421/5421
f 5367/5367 5421/5421 5424/5424
f 5423/5423 5369/5369 5454/5454
f 5425/5425 5454/5454 5369/5369
f 5425/5425 5371/5371 5455/5455
f 5426/5426 5455/5455 5371/5371
f 5426/5426 5373/5373 5456/5456
f 5427/5427 5456/5456 5373/5373
f 5427/5427 5375/5375 5457/5457
f 5428/5428 5457/5457 5375/5375
f 5428/5428 5377/5377 5458/5458
f 5430/5430 5458/5458 5377/5377
f 5429/5429 5459/5459 5430/5430
f 5460/5460 5430/5430 5459/5459
f 5431/5431 5461/5461 5376/5376
f 5429/5429 5376/5376 5461/5461
f 5432/5432 5462/5462 5378/5378
f 5431/5431 5378/5378 5462/5462
f 5433/5433 5463/5463 5379/5379
f 5432/5432 5379/5379 5463/5463
f 5464/5464 5433/5433 5434/5434
f 5380/5380 5434/5434 5433/5433
f 5465/5465 5434/5434 5435/5435
f 5381/5381 5435/5435 5434/5434
f 5382/5382 5437/5437 5435/5435
f 5466/5466 5435/5435 5437/5437
f 5436/5436 5467/5467 5437/5437
f 5468/5468 5437/5437 5467/5467
f 5438/5438 5444/5444 5383/5383
f 5436/5436 5383/5383 5444/5444
f 5469/5469 5439/5439 5470/5470
f 5440/5440 5470/5470 5439/5439
f 5440/5440 5441/5441 5470/5470
f 5471/5471 5470/5470 5441/5441
f 5441/5441 5442/5442 5471/5471
f 5451/5451 5471/5471 5442/5442
f 5442/5442 5443/5443 5451/5451
f 5421/5421 5451/5451 5443/5443
f 5444/5444 5445/5445 5436/5436
f 5467/5467 5436/5436 5445/5445
f 5445/5445 5446/5446 5467/5467
f 5472/5472 5467/5467 5446/5446
f 5446/5446 5447/5447 5472/5472
f 5473/5473 5472/5472 5447/5447
f 5447/5447 5448/5448 5473/5473
f 5474/5474 5473/5473 5448/5448
f 5448/5448 5449/5449 5474/5474
f 5475/5475 5474/5474 5449/5449
f 5475/5475 5449/5449 5476/5476
f 5450/5450 5476/5476 5449/5449
f 5476/5476 5450/5450 5469/5469
f 5439/5439 5469/5469 5450/5450
f 5471/5471 5451/5451 5477/5477
f 5452/5452 5477/5477 5451/5451
f 5452/5452 5422/5422 5478/5478
f 5453/5453 5478/5478 5422/5422
f 5453/5453 5423/5423 5479/5479
f 5454/5454 5479/5479 5423/5423
f 5454/5454 5425/5425 5480/5480
f 5455/5455 5480/5480 5425/5425
f 5455/5455 5426/5426 5481/5481
f 5456/5456 5481/5481 5426/5426
f 5456/5456 5427/5427 5482/5482
f 5457/5457 5482/5482 5427/5427
f 5457/5457 5428/5428 5483/5483
f 5458/5458 5483/5483 5428/5428
f 5458/5458 5430/5430 5484/5484
f 5460/5460 5484/5484 5430/5430
f 5459/5459 5485/5485 5460/5460
f 5486/5486 5460/5460 5485/5485
f 5461/5461 5487/5487 5429/5429
f 5459/5459 5429/5429 5487/5487
f 5462/5462 5488/5488 5431/5431
f 5461/5461 5431/5431 5488/5488
f 5489/5489 5462/5462 5463/5463
f 5432/5432 5463/5463 5462/5462
f 5490/5490 5463/5463 5464/5464
f 5433/5433 5464/5464 5463/5463
f 5491/5491 5464/5464 5465/5465
f 5434/5434 5465/5465 5464/5464
f 5435/5435 5466/5466 5465/5465
f 5492/5492 5465/5465 5466/5466
f 5437/5437 5468/5468 5466/5466
f 5493/5493 5466/5466 5468/5468
f 5467/5467 5472/5472 5468/5468
f 5494/5494 5468/5468 5472/5472
f 5495/5495 5469/5469 5496/5496
f 5470/5470 5496/5496 5469/5469
f 5470/5470 5471/5471 5496/5496
f 5477/5477 5496/5496 5471/5471
f 5472/5472 5473/5473 5494/5494
f 5497/5497 5494/5494 5473/5473
f 5473/5473 5474/5474 5497/5497
f 5498/5498 5497/5497 5474/5474
f 5474/5474 5475/5475 5498/5498
f 5499/5499 5498/5498 5475/5475
f 5499/5499 5475/5475 5500/5500
f 5476/5476 5500/5500 5475/5475
f 5500/5500 5476/5476 5495/5495
f 5469/5469 5495/5495 5476/5476
f 5477/5477 5452/5452 5501/5501
f 5478/5478 5501/5501 5452/5452
f 5478/5478 5453/5453 5502/5502
f 5479/5479 5502/5502 5453/5453
f 5479/5479 5454/5454 5503/5503
f 5480/5480 5503/5503 5454/5454
f 5480/5480 5455/5455 5504/5504
f 5481/5481 5504/5504 5455/5455
f 5481/5481 5456/5456 5505/5505
f 5482/5482 5505/5505 5456/5456
f 5482/5482 5457/5457 5506/5506
f 5483/5483 5506/5506 5457/5457
f 5483/5483 5458/5458 5507/5507
f 5484/5484 5507/5507 5458/5458
f 5484/5484 5460/5460 5508/5508
f 5486/5486 5508/5508 5460/5460
f 5487/5487 5509/5509 5459/5459
f 5485/5485 5459/5459 5509/5509
f 5488/5488 5510/5510 5461/5461
f 5487/5487 5461/5461 5510/5510
f 5489/5489 5511/5511 5462/5462
f 5488/5488 5462/5462 5511/5511
f 5512/5512 5489/5489 5490/5490
f 5463/5463 5490/5490 5489/5489
f 5513/5513 5490/5490 5491/5491
f 5464/5464 5491/5491 5490/5490
f 5465/5465 5492/5492 5491/5491
f 5514/5514 5491/5491 5492/5492
f 5466/5466 5493/5493 5492/5492
f 5515/5515 5492/5492 5493/5493
f 5468/5468 5494/5494 5493/5493
f 5516/5516 5493/5493 5494/5494
f 5517/5517 5495/5495 5518/5518
f 5496/5496 5518/5518 5495/5495
f 5496/5496 5477/5477 5518/5518
f 5501/5501 5518/5518 5477/5477
f 5494/5494 5497/5497 5516/5516
f 5519/5519 5516/5516 5497/5497
f 5497/5497 5498/5498 5519/5519
f 5520/5520 5519/5519 5498/5498
f 5498/5498 5499/5499 5520/5520
f 5521/5521 5520/5520 5499/5499
f 5521/5521 5499/5499 5522/5522
f 5500/5500 5522/5522 5499/5499
f 5522/5522 5500/5500 5517/5517
f 5495/5495 5517/5517 5500/5500
f 5501/5501 5478/5478 5523/5523
f 5502/5502 5523/5523 5478/5478
f 5502/5502 5479/5479 5524/5524
f 5503/5503 5524/5524 5479/5479
f 5503/5503 5480/5480 5525/5525
f 5504/5504 5525/5525 5480/5480
f 5504/5504 5481/5481 5526/5526
f 5505/5505 5526/5526 5481/5481
f 5505/5505 5482/5482 5527/5527
f 5506/5506 5527/5527 5482/5482
f 5506/5506 5483/5483 5528/5528
f 5507/5507 5528/5528 5483/5483
f 5507/5507 5484/5484 5529/5529
f 5508/5508 5529/5529 5484/5484
f 5510/5510 5530/5530 5487/5487
f 5509/5509 5487/5487 5530/5530
f 5511/5511 5531/5531 5488/5488
f 5510/5510 5488/5488 5531/5531
f 5532/5532 5511/5511 5512/5512
f 5489/5489 5512/5512 5511/5511
f 5533/5533 5512/5512 5513/5513
f 5490/5490 5513/5513 5512/5512
f 5491/5491 5514/5514 5513/5513
f 5534/5534 5513/5513 5514/5514
f 5492/5492 5515/5515 5514/5514
f 5535/5535 5514/5514 5515/5515
f 5493/5493 5516/5516 5515/5515
f 5536/5536 5515/5515 5516/5516
f 5537/5537 5517/5517 5538/5538
f 5518/5518 5538/5538 5517/5517
f 5518/5518 5501/5501 5538/5538
f 5523/5523 5538/5538 5501/5501
f 5516/5516 5519/5519 5536/5536
f 5539/5539 5536/5536 5519/5519
f 5519/5519 5520/5520 5539/5539
f 5540/5540 5539/5539 5520/5520
f 5520/5520 5521/5521 5540/5540
f 5541/5541 5540/5540 5521/5521
f 5541/5541 5521/5521 5542/5542
f 5522/5522 5542/5542 5521/5521
f 5542/5542 5522/5522 5537/5537
f 5517/5517 5537/5537 5522/5522
f 5523/5523 5502/5502 5543/5543
f 5524/5524 5543/5543 5502/5502
f 5524/5524 5503/5503 5544/5544
f 5525/5525 5544/5544 5503/5503
f 5525/5525 5504/5504 5545/5545
f 5526/5526 5545/5545 5504/5504
f 5526/5526 5505/5505 5546/5546
f 5527/5527 5546/5546 5505/5505
f 5527/5527 5506/5506 5547/5547
f 5528/5528 5547/5547 5506/5506
f 5528/5528 5507/5507 5548/5548
f 5529/5529 5548/5548 5507/5507
f 5549/5549 5530/5530 5531/5531
f 5510/5510 5531/5531 5530/5530
f 5550/5550 5531/5531 5532/5532
f 5511/5511 5532/5532 5531/5531
f 5551/5551 5532/5532 5533/5533
f 5512/5512 5533/5533 5532/5532
f 5513/5513 5534/5534 5533/5533
f 5552/5552 5533/5533 5534/5534
f 5514/5514 5535/5535 5534/5534
f 5553/5553 5534/5534 5535/5535
f 5515/5515 5536/5536 5535/5535
f 5554/5554 5535/5535 5536/5536
f 5555/5555 5537/5537 5556/5556
f 5538/5538 5556/5556 5537/5537
f 5538/5538 5523/5523 5556/5556
f 5543/5543 5556/5556 5523/5523
f 5536/5536 5539/5539 5554/5554
f 5557/5557 5554/5554 5539/5539
f 5539/5539 5540/5540 5557/5557
f 5558/5558 5557/5557 5540/5540
f 5540/5540 5541/5541 5558/5558
f 5559/5559 5558/5558 5541/5541
f 5559/5559 5541/5541 5560/5560
f 5542/5542 5560/5560 5541/5541
f 5560/5560 5542/5542 5555/5555
f 5537/5537 5555/5555 5542/5542
f 5543/5543 5524/5524 5561/5561
f 5544/5544 5561/5561 5524/5524
f 5544/5544 5525/5525 5562/5562
f 5545/5545 5562/5562 5525/5525
f 5545/5545 5526/5526 5563/5563
f 5546/5546 5563/5563 5526/5526
f 5546/5546 5527/5527 5564/5564
f 5547/5547 5564/5564 5527/5527
f 5547/5547 5528/5528 5565/5565
f 5548/5548 5565/5565 5528/5528
f 5566/5566 5549/5549 5550/5550
f 5531/5531 5550/5550 5549/5549
f 5567/5567 5550/5550 5551/5551
f 5532/5532 5551/5551 5550/5550
f 5533/5533 5552/5552 5551/5551
f 5568/5568 5551/5551 5552/5552
f 5534/5534 5553/5553 5552/5552
f 5569/5569 5552/5552 5553/5553
f 5535/5535 5554/5554 5553/5553
f 5570/5570 5553/5553 5554/5554
f 5571/5571 5555/5555 5572/5572
f 5556/5556 5572/5572 5555/5555
f 5556/5556 5543/5543 5572/5572
f 5561/5561 5572/5572 5543/5543
f 5554/5554 5557/5557 5570/5570
f 5573/5573 5570/5570 5557/5557
f 5557/5557 5558/5558 5573/5573
f 5574/5574 5573/5573 5558/5558
f 5558/5558 5559/5559 5574/5574
f 5575/5575 5574/5574 5559/5559
f 5575/5575 5559/5559 5576/5576
f 5560/5560 5576/5576 5559/5559
f 5576/5576 5560/5560 5571/5571
f 5555/5555 5571/5571 5560/5560
f 5561/5561 5544/5544 5577/5577
f 5562/5562 5577/5577 5544/5544
f 5562/5562 5545/5545 5578/5578
f 5563/5563 5578/5578 5545/5545
f 5563/5563 5546/5546 5579/5579
f 5564/5564 5579/5579 5546/5546
f 5564/5564 5547/5547 5580/5580
f 5565/5565 5580/5580 5547/5547
f 5581/5581 5566/5566 5567/5567
f 5550/5550 5567/5567 5566/5566
f 5551/5551 5568/5568 5567/5567
f 5582/5582 5567/5567 5568/5568
f 5552/5552 5569/5569 5568/5568
f 5583/5583 5568/5568 5569/5569
f 5553/5553 5570/5570 5569/5569
f 5584/5584 5569/5569 5570/5570
f 5585/5585 5571/5571 5586/5586
f 5572/5572 5586/5586 5571/5571
f 5572/5572 5561/5561 5586/5586
f 5577/5577 5586/5586 5561/5561
f 5570/5570 5573/5573 5584/5584
f 5587/5587 5584/5584 5573/5573
f 5573/5573 5574/5574 5587/5587
f 5588/5588 5587/5587 5574/5574
f 5574/5574 5575/5575 5588/5588
f 5589/5589 5588/5588 5575/5575
f 5589/5589 5575/5575 5590/5590
f 5576/5576 5590/5590 5575/5575
f 5590/5590 5576/5576 5585/5585
f 5571/5571 5585/5585 5576/5576
f 5577/5577 5562/5562 5591/5591
f 5578/5578 5591/5591 5562/5562
f 5578/5578 5563/5563 5592/5592
f 5579/5579 5592/5592 5563/5563
f 5579/5579 5564/5564 5593/5593
f 5580/5580 5593/5593 5564/5564
f 5567/5567 5582/5582 5581/5581
f 5594/5594 5581/5581 5582/5582
f 5568/5568 5583/5583 5582/5582
f 5595/5595 5582/5582 5583/5583
f 5569/5569 5584/5584 5583/5583
f 5596/5596 5583/5583 5584/5584
f 5597/5597 5585/5585 5598/5598
f 5586/5586 5598/5598 5585/5585
f 5586/5586 5577/5577 5598/5598
f 5591/5591 5598/5598 5577/5577
f 5584/5584 5587/5587 5596/5596
f 5599/5599 5596/5596 5587/5587
f 5587/5587 5588/5588 5599/5599
f 5600/5600 5599/5599 5588/5588
f 5588/5588 5589/5589 5600/5600
f 5601/5601 5600/5600 5589/5589
f 5601/5601 5589/5589 5602/5602
f 5590/5590 5602/5602 5589/5589
f 5602/5602 5590/5590 5597/5597
f 5585/5585 5597/5597 5590/5590
f 5591/5591 5578/5578 5603/5603
f 5592/5592 5603/5603 5578/5578
f 5592/5592 5579/5579 5604/5604
f 5593/5593 5604/5604 5579/5579
f 5582/5582 5595/5595 5594/5594
f 5605/5605 5594/5594 5595/5595
f 5583/5583 5596/5596 5595/5595
f 5606/5606 5595/5595 5596/5596
f 5597/5597 5598/5598 5607/5607
f 5608/5608 5607/5607 5598/5598
f 5598/5598 5591/5591 5608/5608
f 5603/5603 5608/5608 5591/5591
f 5596/5596 5599/5599 5606/5606
f 5609/5609 5606/5606 5599/5599
f 5599/5599 5600/5600 5609/5609
f 5610/5610 5609/5609 5600/5600
f 5600/5600 5601/5601 5610/5610
f 5611/5611 5610/5610 5601/5601
f 5611/5611 5601/5601 5612/5612
f 5602/5602 5612/5612 5601/5601
f 5612/5612 5602/5602 5607/5607
f 5597/5597 5607/5607 5602/5602
f 5603/5603 5592/5592 5613/5613
f 5604/5604 5613/5613 5592/5592
f 5595/5595 5606/5606 5605/5605
f 5614/5614 5605/5605 5606/5606
f 5615/5615 5607/5607 5616/5616
f 5608/5608 5616/5616 5607/5607
f 5608/5608 5603/5603 5616/5616
f 5613/5613 5616/5616 5603/5603
f 5606/5606 5609/5609 5614/5614
f 5617/5617 5614/5614 5609/5609
f 5609/5609 5610/5610 5617/5617
f 5618/5618 5617/5617 5610/5610
f 5610/5610 5611/5611 5618/5618
f 5619/5619 5618/5618 5611/5611
f 5619/5619 5611/5611 5620/5620
f 5612/5612 5620/5620 5611/5611
f 5620/5620 5612/5612 5615/5615
f 5607/5607 5615/5615 5612/5612
f 5621/5621 5622/5622 5623/5623
f 5622/5622 5621/5621 5624/5624
f 5623/5623 5625/5625 5626/5626
f 5625/5625 5623/5623 5622/5622
f 5627/5627 5624/5624 5621/5621
f 5624/5624 5627/5627 5628/5628
f 5625/5625 5629/5629 5626/5626
f 5629/5629 5625/5625 5630/5630
f 5631/5631 5628/5628 5627/5627
f 5628/5628 5631/5631 5632/5632
f 5630/5630 5633/5633 5629/5629
f 5633/5633 5630/5630 5634/5634
f 5635/5635 5632/5632 5631/5631
f 5632/5632 5635/5635 5636/5636
f 5634/5634 5637/5637 5633/5633
f 5637/5637 5634/5634 5638/5638
f 5639/5639 5636/5636 5635/5635
f 5636/5636 5639/5639 5640/5640
f 5638/5638 5641/5641 5637/5637
f 5641/5641 5638/5638 5642/5642
f 5643/5643 5639/5639 5644/5644
f 5639/5639 5643/5643 5640/5640
f 5642/5642 5645/5645 5641/5641
f 5645/5645 5642/5642 5646/5646
f 5647/5647 5644/5644 5648/5648
f 5644/5644 5647/5647 5643/5643
f 5646/5646 5649/5649 5645/5645
f 5649/5649 5646/5646 5650/5650
f 5651/5651 5648/5648 5652/5652
f 5648/5648 5651/5651 5647/5647
f 5653/5653 5649/5649 5650/5650
f 5649/5649 5653/5653 5654/5654
f 5655/5655 5652/5652 5656/5656
f 5652/5652 5655/5655 5651/5651
f 5657/5657 5654/5654 5653/5653
f 5654/5654 5657/5657 5658/5658
f 5659/5659 5656/5656 5660/5660
f 5656/5656 5659/5659 5655/5655
f 5661/5661 5658/5658 5657/5657
f 5658/5658 5661/5661 5662/5662
f 5663/5663 5660/5660 5664/5664
f 5660/5660 5663/5663 5659/5659
f 5665/5665 5662/5662 5661/5661
f 5662/5662 5665/5665 5666/5666
f 5663/5663 5667/5667 5668/5668
f 5667/5667 5663/5663 5664/5664
f 5668/5668 5666/5666 5665/5665
f 5666/5666 5668/5668 5667/5667
f 5669/5669 5670/5670 5671/5671
f 5672/5672 5671/5671 5670/5670
f 5671/5671 5672/5672 5673/5673
f 5674/5674 5673/5673 5672/5672
f 5675/5675 5676/5676 5669/5669
f 5670/5670 5669/5669 5676/5676
f 5677/5677 5673/5673 5678/5678
f 5674/5674 5678/5678 5673/5673
f 5679/5679 5680/5680 5675/5675
f 5676/5676 5675/5675 5680/5680
f 5681/5681 5677/5677 5682/5682
f 5678/5678 5682/5682 5677/5677
f 5683/5683 5684/5684 5679/5679
f 5680/5680 5679/5679 5684/5684
f 5685/5685 5681/5681 5686/5686
f 5682/5682 5686/5686 5681/5681
f 5687/5687 5688/5688 5683/5683
f 5684/5684 5683/5683 5688/5688
f 5689/5689 5685/5685 5690/5690
f 5686/5686 5690/5690 5685/5685
f 5687/5687 5691/5691 5688/5688
f 5692/5692 5688/5688 5691/5691
f 5693/5693 5689/5689 5694/5694
f 5690/5690 5694/5694 5689/5689
f 5691/5691 5695/5695 5692/5692
f 5696/5696 5692/5692 5695/5695
f 5697/5697 5693/5693 5698/5698
f 5694/5694 5698/5698 5693/5693
f 5695/5695 5699/5699 5696/5696
f 5700/5700 5696/5696 5699/5699
f 5701/5701 5702/5702 5698/5698
f 5697/5697 5698/5698 5702/5702
f 5699/5699 5703/5703 5700/5700
f 5704/5704 5700/5700 5703/5703
f 5705/5705 5706/5706 5701/5701
f 5702/5702 5701/5701 5706/5706
f 5703/5703 5707/5707 5704/5704
f 5708/5708 5704/5704 5707/5707
f 5709/5709 5710/5710 5705/5705
f 5706/5706 5705/5705 5710/5710
f 5707/5707 5711/5711 5708/5708
f 5712/5712 5708/5708 5711/5711
f 5713/5713 5714/5714 5709/5709
f 5710/5710 5709/5709 5714/5714
f 5712/5712 5711/5711 5715/5715
f 5716/5716 5715/5715 5711/5711
f 5715/5715 5716/5716 5713/5713
f 5714/5714 5713/5713 5716/5716
f 5717/5717 5718/5718 5719/5719
f 5718/5718 5717/5717 5720/5720
f 5721/5721 5722/5722 5723/5723
f 5722/5722 5721/5721 5724/5724
f 5722/5722 5724/5724 5725/5725
f 5725/5725 5724/5724 5726/5726
f 5725/5725 5726/5726 5727/5727
f 5727/5727 5726/5726 5728/5728
f 5727/5727 5728/5728 5729/5729
f 5729/5729 5728/5728 5730/5730
f 5729/5729 5730/5730 5731/5731
f 5731/5731 5730/5730 5732/5732
f 5731/5731 5732/5732 5733/5733
f 5731/5731 5733/5733 5734/5734
f 5731/5731 5734/5734 5735/5735
f 5731/5731 5735/5735 5736/5736
f 5731/5731 5736/5736 5737/5737
f 5731/5731 5737/5737 5738/5738
f 5739/5739 5740/5740 5741/5741
f 5740/5740 5739/5739 5742/5742
f 5742/5742 5739/5739 5743/5743
f 5743/5743 5739/5739 5744/5744
f 5744/5744 5739/5739 5745/5745
f 5745/5745 5739/5739 5746/5746
f 5746/5746 5739/5739 5747/5747
f 5747/5747 5739/5739 5748/5748
f 5748/5748 5739/5739 5749/5749
f 5749/5749 5739/5739 5738/5738
f 5738/5738 5739/5739 5731/5731
f 5731/5731 5739/5739 5750/5750
f 5750/5750 5739/5739 5751/5751
f 5751/5751 5739/5739 5752/5752
f 5752/5752 5739/5739 5753/5753
f 5753/5753 5739/5739 5754/5754
f 5754/5754 5739/5739 5755/5755
f 5755/5755 5739/5739 5756/5756
f 5755/5755 5756/5756 5757/5757
f 5757/5757 5756/5756 5758/5758
f 5757/5757 5758/5758 5759/5759
f 5757/5757 5759/5759 5760/5760
f 5757/5757 5760/5760 5761/5761
f 5761/5761 5760/5760 5762/5762
f 5761/5761 5762/5762 5763/5763
f 5763/5763 5762/5762 5764/5764
f 5763/5763 5764/5764 5765/5765
f 5765/5765 5764/5764 5766/5766
f 5765/5765 5766/5766 5767/5767
f 5750/5750 5768/5768 5731/5731
f 5768/5768 5750/5750 5769/5769
f 5768/5768 5769/5769 5770/5770
f 5768/5768 5770/5770 5771/5771
f 5768/5768 5771/5771 5772/5772
f 5768/5768 5772/5772 5773/5773
f 5768/5768 5773/5773 5774/5774
f 5768/5768 5774/5774 5775/5775
f 5768/5768 5775/5775 5776/5776
f 5776/5776 5775/5775 5777/5777
f 5776/5776 5777/5777 5778/5778
f 5778/5778 5777/5777 5779/5779
f 5779/5779 5777/5777 5780/5780
f 5779/5779 5780/5780 5781/5781
f 5781/5781 5780/5780 5782/5782
f 5781/5781 5782/5782 5783/5783
f 5783/5783 5782/5782 5784/5784
f 5783/5783 5784/5784 5785/5785
f 5785/5785 5784/5784 5786/5786
f 5785/5785 5786/5786 5787/5787
f 5787/5787 5786/5786 5788/5788
f 5787/5787 5788/5788 5789/5789
f 5789/5789 5788/5788 5790/5790
f 5789/5789 5790/5790 5791/5791
f 5791/5791 5790/5790 5792/5792
f 5791/5791 5792/5792 5793/5793
f 5793/5793 5792/5792 5794/5794
f 5793/5793 5794/5794 5795/5795
f 5795/5795 5794/5794 5796/5796
f 5795/5795 5796/5796 5797/5797
f 5797/5797 5796/5796 5798/5798
f 5797/5797 5798/5798 5799/5799
f 5799/5799 5798/5798 5800/5800
f 5800/5800 5798/5798 5801/5801
f 5801/5801 5798/5798 5802/5802
f 5802/5802 5798/5798 5803/5803
f 5803/5803 5798/5798 5804/5804
f 5804/5804 5798/5798 5805/5805
f 5805/5805 5798/5798 5806/5806
f 5806/5806 5798/5798 5807/5807
f 5807/5807 5798/5798 5808/5808
f 5808/5808 5798/5798 5809/5809
f 5719/5719 5810/5810 5811/5811
f 5810/5810 5719/5719 5718/5718
f 5812/5812 5813/5813 5814/5814
f 5813/5813 5812/5812 5815/5815
f 5815/5815 5812/5812 5816/5816
f 5815/5815 5816/5816 5817/5817
f 5817/5817 5816/5816 5818/5818
f 5817/5817 5818/5818 5819/5819
f 5819/5819 5818/5818 5820/5820
f 5819/5819 5820/5820 5821/5821
f 5821/5821 5820/5820 5822/5822
f 5821/5821 5822/5822 5823/5823
f 5823/5823 5822/5822 5824/5824
f 5824/5824 5822/5822 5825/5825
f 5825/5825 5822/5822 5826/5826
f 5826/5826 5822/5822 5827/5827
f 5827/5827 5822/5822 5828/5828
f 5828/5828 5822/5822 5829/5829
f 5830/5830 5831/5831 5822/5822
f 5831/5831 5830/5830 5832/5832
f 5832/5832 5830/5830 5833/5833
f 5833/5833 5830/5830 5834/5834
f 5834/5834 5830/5830 5835/5835
f 5835/5835 5830/5830 5836/5836
f 5836/5836 5830/5830 5837/5837
f 5837/5837 5830/5830 5838/5838
f 5838/5838 5830/5830 5839/5839
f 5838/5838 5839/5839 5840/5840
f 5840/5840 5839/5839 5841/5841
f 5840/5840 5841/5841 5842/5842
f 5840/5840 5842/5842 5843/5843
f 5843/5843 5842/5842 5844/5844
f 5843/5843 5844/5844 5845/5845
f 5845/5845 5844/5844 5846/5846
f 5845/5845 5846/5846 5847/5847
f 5847/5847 5846/5846 5848/5848
f 5847/5847 5848/5848 5849/5849
f 5849/5849 5848/5848 5850/5850
f 5849/5849 5850/5850 5851/5851
f 5851/5851 5850/5850 5852/5852
f 5851/5851 5852/5852 5853/5853
f 5853/5853 5852/5852 5854/5854
f 5853/5853 5854/5854 5855/5855
f 5855/5855 5854/5854 5856/5856
f 5855/5855 5856/5856 5857/5857
f 5857/5857 5856/5856 5858/5858
f 5857/5857 5858/5858 5859/5859
f 5859/5859 5858/5858 5860/5860
f 5859/5859 5860/5860 5861/5861
f 5861/5861 5860/5860 5862/5862
f 5861/5861 5862/5862 5863/5863
f 5861/5861 5863/5863 5864/5864
f 5861/5861 5864/5864 5865/5865
f 5861/5861 5865/5865 5866/5866
f 5861/5861 5866/5866 5867/5867
f 5861/5861 5867/5867 5868/5868
f 5861/5861 5868/5868 5869/5869
f 5861/5861 5869/5869 5870/5870
f 5861/5861 5870/5870 5871/5871
f 5861/5861 5871/5871 5872/5872
f 5873/5873 5874/5874 5875/5875
f 5874/5874 5873/5873 5876/5876
f 5876/5876 5873/5873 5877/5877
f 5876/5876 5877/5877 5878/5878
f 5876/5876 5878/5878 5879/5879
f 5876/5876 5879/5879 5880/5880
f 5876/5876 5880/5880 5881/5881
f 5876/5876 5881/5881 5882/5882
f 5876/5876 5882/5882 5883/5883
f 5876/5876 5883/5883 5829/5829
f 5876/5876 5829/5829 5822/5822
f 5876/5876 5822/5822 5831/5831
f 5876/5876 5831/5831 5884/5884
f 5876/5876 5884/5884 5885/5885
f 5876/5876 5885/5885 5886/5886
f 5876/5876 5886/5886 5887/5887
f 5876/5876 5887/5887 5888/5888
f 5876/5876 5888/5888 5889/5889
f 5876/5876 5889/5889 5890/5890
f 5890/5890 5889/5889 5891/5891
f 5891/5891 5889/5889 5892/5892
f 5892/5892 5889/5889 5893/5893
f 5893/5893 5889/5889 5894/5894
f 5893/5893 5894/5894 5895/5895
f 5895/5895 5894/5894 5896/5896
f 5895/5895 5896/5896 5897/5897
f 5897/5897 5896/5896 5898/5898
f 5897/5897 5898/5898 5899/5899
f 5899/5899 5898/5898 5900/5900
f 5901/5901 5720/5720 5717/5717
f 5720/5720 5901/5901 5902/5902
f 5903/5903 5904/5904 5905/5905
f 5904/5904 5903/5903 5906/5906
f 5905/5905 5907/5907 5908/5908
f 5907/5907 5905/5905 5904/5904
f 5908/5908 5909/5909 5910/5910
f 5909/5909 5908/5908 5907/5907
f 5910/5910 5911/5911 5912/5912
f 5911/5911 5910/5910 5909/5909
f 5911/5911 5913/5913 5912/5912
f 5913/5913 5911/5911 5914/5914
f 5914/5914 5915/5915 5913/5913
f 5915/5915 5914/5914 5916/5916
f 5916/5916 5917/5917 5915/5915
f 5917/5917 5916/5916 5918/5918
f 5918/5918 5919/5919 5917/5917
f 5919/5919 5918/5918 5920/5920
f 5920/5920 5921/5921 5919/5919
f 5921/5921 5920/5920 5922/5922
f 5922/5922 5923/5923 5921/5921
f 5923/5923 5922/5922 5924/5924
f 5924/5924 5925/5925 5923/5923
f 5925/5925 5924/5924 5926/5926
f 5926/5926 5927/5927 5925/5925
f 5927/5927 5926/5926 5928/5928
f 5929/5929 5930/5930 5931/5931
f 5930/5930 5929/5929 5932/5932
f 5932/5932 5933/5933 5930/5930
f 5933/5933 5932/5932 5934/5934
f 5934/5934 5935/5935 5933/5933
f 5935/5935 5934/5934 5936/5936
f 5936/5936 5937/5937 5935/5935
f 5937/5937 5936/5936 5938/5938
f 5938/5938 5939/5939 5937/5937
f 5939/5939 5938/5938 5940/5940
f 5940/5940 5941/5941 5939/5939
f 5941/5941 5940/5940 5942/5942
f 5942/5942 5943/5943 5941/5941
f 5943/5943 5942/5942 5944/5944
f 5944/5944 5945/5945 5943/5943
f 5945/5945 5944/5944 5946/5946
f 5946/5946 5947/5947 5945/5945
f 5947/5947 5946/5946 5948/5948
f 5948/5948 5949/5949 5947/5947
f 5949/5949 5948/5948 5950/5950
f 5950/5950 5951/5951 5949/5949
f 5951/5951 5950/5950 5952/5952
f 5952/5952 5953/5953 5951/5951
f 5953/5953 5952/5952 5954/5954
f 5955/5955 5956/5956 5957/5957
f 5956/5956 5955/5955 5958/5958
f 5959/5959 5960/5960 5961/5961
f 5960/5960 5959/5959 5962/5962
f 5963/5963 5964/5964 5965/5965
f 5964/5964 5963/5963 5966/5966
f 5967/5967 5966/5966 5963/5963
f 5966/5966 5967/5967 5968/5968
f 5969/5969 5968/5968 5967/5967
f 5968/5968 5969/5969 5970/5970
f 5971/5971 5970/5970 5969/5969
f 5970/5970 5971/5971 5972/5972
f 5973/5973 5972/5972 5971/5971
f 5972/5972 5973/5973 5974/5974
f 5975/5975 5974/5974 5973/5973
f 5974/5974 5975/5975 5976/5976
f 5977/5977 5976/5976 5975/5975
f 5976/5976 5977/5977 5978/5978
f 5979/5979 5978/5978 5977/5977
f 5978/5978 5979/5979 5980/5980
f 5981/5981 5980/5980 5979/5979
f 5980/5980 5981/5981 5982/5982
f 5983/5983 5982/5982 5981/5981
f 5982/5982 5983/5983 5984/5984
f 5983/5983 5985/5985 5984/5984
f 5985/5985 5983/5983 5986/5986
f 5986/5986 5987/5987 5985/5985
f 5987/5987 5986/5986 5988/5988
f 5989/5989 5810/5810 5990/5990
f 5810/5810 5989/5989 5811/5811
f 5991/5991 5902/5902 5901/5901
f 5902/5902 5991/5991 5992/5992
f 5993/5993 5992/5992 5991/5991
f 5992/5992 5993/5993 5994/5994
f 5995/5995 5994/5994 5993/5993
f 5994/5994 5995/5995 5996/5996
f 5997/5997 5996/5996 5995/5995
f 5996/5996 5997/5997 5998/5998
f 5997/5997 5999/5999 5998/5998
f 5999/5999 5997/5997 6000/6000
f 6000/6000 6001/6001 5999/5999
f 6001/6001 6000/6000 6002/6002
f 6002/6002 6003/6003 6001/6001
f 6003/6003 6002/6002 6004/6004
f 6004/6004 6005/6005 6003/6003
f 6005/6005 6004/6004 6006/6006
f 6007/6007 6008/6008 6009/6009
f 6008/6008 6007/6007 6010/6010
f 6011/6011 6012/6012 6013/6013
f 6012/6012 6011/6011 6014/6014
f 6015/6015 6016/6016 6017/6017
f 6016/6016 6015/6015 6018/6018
f 6019/6019 6020/6020 6021/6021
f 6020/6020 6019/6019 6022/6022
f 6022/6022 6023/6023 6020/6020
f 6023/6023 6022/6022 6024/6024
f 6024/6024 6025/6025 6023/6023
f 6025/6025 6024/6024 6026/6026
f 6026/6026 6027/6027 6025/6025
f 6027/6027 6026/6026 6028/6028
f 6027/6027 6029/6029 6030/6030
f 6029/6029 6027/6027 6028/6028
f 6030/6030 6031/6031 6032/6032
f 6031/6031 6030/6030 6029/6029
f 6032/6032 6033/6033 6034/6034
f 6033/6033 6032/6032 6031/6031
f 6034/6034 6035/6035 6036/6036
f 6035/6035 6034/6034 6033/6033
f 6036/6036 6037/6037 6038/6038
f 6037/6037 6036/6036 6035/6035
f 6038/6038 6039/6039 6040/6040
f 6039/6039 6038/6038 6037/6037
f 6040/6040 6041/6041 6042/6042
f 6041/6041 6040/6040 6039/6039
f 6042/6042 6043/6043 6044/6044
f 6043/6043 6042/6042 6041/6041
f 6045/6045 6046/6046 6047/6047
f 6046/6046 6045/6045 6048/6048
f 6049/6049 6050/6050 6051/6051
f 6050/6050 6049/6049 6052/6052
f 6053/6053 6054/6054 6055/6055
f 6054/6054 6053/6053 6056/6056
f 6057/6057 6058/6058 6059/6059
f 6058/6058 6057/6057 6060/6060
f 6061/6061 6062/6062 6063/6063
f 6062/6062 6061/6061 6064/6064
f 6065/6065 6066/6066 6067/6067
f 6066/6066 6065/6065 6068/6068
f 6069/6069 6070/6070 6071/6071
f 6070/6070 6069/6069 6072/6072
f 6073/6073 6074/6074 6075/6075
f 6074/6074 6073/6073 6076/6076
f 6077/6077 6078/6078 6079/6079
f 6078/6078 6077/6077 6080/6080
f 6081/6081 6082/6082 6083/6083
f 6082/6082 6081/6081 6084/6084
f 6085/6085 6086/6086 6087/6087
f 6086/6086 6085/6085 6088/6088
f 6089/6089 6090/6090 6091/6091
f 6090/6090 6089/6089 6092/6092
f 6093/6093 6094/6094 6095/6095
f 6094/6094 6093/6093 6096/6096
f 6096/6096 6097/6097 6094/6094
f 6097/6097 6096/6096 6098/6098
f 6098/6098 6099/6099 6097/6097
f 6099/6099 6098/6098 6100/6100
f 6100/6100 6101/6101 6099/6099
f 6101/6101 6100/6100 6102/6102
f 6102/6102 6103/6103 6101/6101
f 6103/6103 6102/6102 6104/6104
f 6104/6104 6105/6105 6103/6103
f 6105/6105 6104/6104 6106/6106
f 6106/6106 6107/6107 6105/6105
f 6107/6107 6106/6106 6108/6108
f 6108/6108 6109/6109 6107/6107
f 6109/6109 6108/6108 6110/6110
f 6110/6110 6111/6111 6109/6109
f 6111/6111 6110/6110 6112/6112
f 6112/6112 6113/6113 6111/6111
f 6113/6113 6112/6112 6114/6114
f 6114/6114 6115/6115 6113/6113
f 6115/6115 6114/6114 6116/6116
f 6116/6116 6117/6117 6115/6115
f 6117/6117 6116/6116 6118/6118
f 6119/6119 6120/6120 6121/6121
f 6120/6120 6119/6119 6122/6122
f 6120/6120 6122/6122 6123/6123
f 6123/6123 6122/6122 6124/6124
f 6123/6123 6124/6124 6125/6125
f 6125/6125 6124/6124 6126/6126
f 6126/6126 6124/6124 6127/6127
f 6126/6126 6127/6127 6128/6128
f 6128/6128 6127/6127 6129/6129
f 6129/6129 6127/6127 6130/6130
f 6129/6129 6130/6130 6131/6131
f 6131/6131 6130/6130 6132/6132
f 6132/6132 6130/6130 6133/6133
f 6132/6132 6133/6133 6134/6134
f 6134/6134 6133/6133 6135/6135
f 6134/6134 6135/6135 6136/6136
f 6136/6136 6135/6135 6137/6137
f 6136/6136 6137/6137 6138/6138
f 6138/6138 6137/6137 6139/6139
f 6139/6139 6137/6137 6140/6140
f 6139/6139 6140/6140 6141/6141
f 6141/6141 6140/6140 6142/6142
f 6142/6142 6140/6140 6143/6143
f 6142/6142 6143/6143 6144/6144
f 6123/6123 6145/6145 6146/6146
f 6145/6145 6123/6123 6125/6125
f 6146/6146 6145/6145 6147/6147
f 6146/6146 6147/6147 6148/6148
f 6148/6148 6147/6147 6149/6149
f 6148/6148 6149/6149 6150/6150
f 6148/6148 6150/6150 6151/6151
f 6151/6151 6150/6150 6152/6152
f 6151/6151 6152/6152 6153/6153
f 6151/6151 6153/6153 6154/6154
f 6154/6154 6153/6153 6155/6155
f 6154/6154 6155/6155 6156/6156
f 6156/6156 6155/6155 6157/6157
f 6156/6156 6157/6157 6158/6158
f 6158/6158 6157/6157 6159/6159
f 6158/6158 6159/6159 6160/6160
f 6158/6158 6160/6160 6161/6161
f 6161/6161 6160/6160 6162/6162
f 6161/6161 6162/6162 6144/6144
f 6161/6161 6144/6144 6163/6163
f 6163/6163 6144/6144 6143/6143
f 6163/6163 6143/6143 6164/6164
f 6163/6163 6164/6164 6165/6165
f 6165/6165 6164/6164 6166/6166
f 6167/6167 6168/6168 6169/6169
f 6168/6168 6167/6167 6170/6170
f 6169/6169 6171/6171 6172/6172
f 6171/6171 6169/6169 6168/6168
f 6172/6172 6173/6173 6174/6174
f 6173/6173 6172/6172 6171/6171
f 6174/6174 6175/6175 6176/6176
f 6175/6175 6174/6174 6173/6173
f 6175/6175 6177/6177 6176/6176
f 6177/6177 6175/6175 6178/6178
f 6178/6178 6179/6179 6177/6177
f 6179/6179 6178/6178 6180/6180
f 6180/6180 6181/6181 6179/6179
f 6181/6181 6180/6180 6182/6182
f 6182/6182 6183/6183 6181/6181
f 6183/6183 6182/6182 6184/6184
f 6184/6184 6185/6185 6183/6183
f 6185/6185 6184/6184 6186/6186
f 6186/6186 6187/6187 6185/6185
f 6187/6187 6186/6186 6188/6188
f 6188/6188 6189/6189 6187/6187
f 6189/6189 6188/6188 6190/6190
f 6190/6190 6191/6191 6189/6189
f 6191/6191 6190/6190 6192/6192
f 6192/6192 6193/6193 6191/6191
f 6193/6193 6192/6192 6194/6194
f 6194/6194 6195/6195 6193/6193
f 6195/6195 6194/6194 6196/6196
f 6197/6197 6195/6195 6196/6196
f 6195/6195 6197/6197 6198/6198
f 6199/6199 6198/6198 6197/6197
f 6198/6198 6199/6199 6200/6200
f 6199/6199 6201/6201 6200/6200
f 6201/6201 6199/6199 6202/6202
f 6202/6202 6203/6203 6201/6201
f 6203/6203 6202/6202 6204/6204
f 6204/6204 6205/6205 6203/6203
f 6205/6205 6204/6204 6206/6206
f 6206/6206 6207/6207 6205/6205
f 6207/6207 6206/6206 6208/6208
f 6208/6208 6209/6209 6207/6207
f 6209/6209 6208/6208 6210/6210
f 6210/6210 6211/6211 6209/6209
f 6211/6211 6210/6210 6212/6212
f 6213/6213 6212/6212 6214/6214
f 6212/6212 6213/6213 6211/6211
f 6167/6167 6214/6214 6170/6170
f 6214/6214 6167/6167 6213/6213
f 6215/6215 6216/6216 6217/6217
f 6216/6216 6215/6215 6218/6218
f 6216/6216 6218/6218 6219/6219
f 6219/6219 6218/6218 6220/6220
f 6219/6219 6220/6220 6221/6221
f 6221/6221 6220/6220 6222/6222
f 6221/6221 6222/6222 6223/6223
f 6223/6223 6222/6222 6224/6224
f 6223/6223 6224/6224 6225/6225
f 6225/6225 6224/6224 6226/6226
f 6225/6225 6226/6226 6227/6227
f 6227/6227 6226/6226 6228/6228
f 6227/6227 6228/6228 6229/6229
f 6229/6229 6228/6228 6230/6230
f 6229/6229 6230/6230 6231/6231
f 6231/6231 6230/6230 6232/6232
f 6231/6231 6232/6232 6233/6233
f 6233/6233 6232/6232 6234/6234
f 6233/6233 6234/6234 6235/6235
f 6235/6235 6234/6234 6236/6236
f 6235/6235 6236/6236 6237/6237
f 6237/6237 6236/6236 6238/6238

